datetime,rainfall_1h_mm,rainfall_6h_mm,rainfall_24h_mm,rainfall_3day_mm,temperature_c,humidity_percent,pressure_hpa,wind_speed_kmh,cloud_cover_percent,flood
2018-01-01 00:00:00,6.49,16.45,38.8,107.92,30.73,58.49,1013.02,6.46,46.12,0
2018-01-01 01:00:00,9.54,22.96,61.07,151.08,41.59,68.7,1011.94,4.15,70.02,0
2018-01-01 02:00:00,5.49,26.07,71.52,272.21,38.33,81.48,1010.24,4.34,39.22,0
2018-01-01 03:00:00,4.75,53.33,109.22,167.74,31.43,69.63,1015.56,11.14,90.85,0
2018-01-01 04:00:00,10.57,28.23,70.56,124.44,29.41,53.2,1011.59,5.42,35.08,0
2018-01-01 05:00:00,5.17,9.6,29.25,92.83,36.44,52.0,1013.17,1.39,68.59,0
2018-01-01 06:00:00,7.52,20.42,57.92,106.96,36.83,88.92,1008.39,25.01,43.93,1
2018-01-01 07:00:00,6.88,24.73,59.0,153.1,28.92,68.31,1005.15,3.03,68.86,0
2018-01-01 08:00:00,10.57,42.73,54.52,114.02,28.65,76.57,1021.93,7.67,51.4,1
2018-01-01 09:00:00,3.98,33.66,51.54,224.76,23.04,63.72,1015.29,4.57,33.59,0
2018-01-01 10:00:00,13.68,26.2,66.7,101.23,30.05,58.62,1011.9,13.48,25.67,0
2018-01-01 11:00:00,3.02,17.86,73.84,191.77,29.54,57.16,1009.24,4.64,64.7,1
2018-01-01 12:00:00,7.95,24.4,45.77,205.4,33.73,58.16,1014.5,3.51,46.52,0
2018-01-01 13:00:00,7.16,22.04,128.54,162.19,38.28,84.91,1005.96,4.49,94.61,1
2018-01-01 14:00:00,2.73,15.62,17.85,124.44,35.12,44.69,1015.88,13.91,20.38,0
2018-01-01 15:00:00,8.54,47.47,79.61,221.15,34.13,76.12,1017.68,9.09,64.15,0
2018-01-01 16:00:00,4.29,12.21,47.01,69.96,27.08,51.43,1010.96,17.78,53.3,0
2018-01-01 17:00:00,1.81,28.02,91.32,134.59,26.09,67.96,1017.55,2.56,83.99,0
2018-01-01 18:00:00,9.49,32.45,51.62,204.84,32.44,63.25,1009.87,10.23,48.17,0
2018-01-01 19:00:00,1.06,13.57,35.44,188.98,31.52,66.98,1002.85,19.83,11.43,0
2018-01-01 20:00:00,2.24,9.74,31.92,106.81,32.18,57.35,1015.99,8.6,35.32,0
2018-01-01 21:00:00,5.43,19.59,80.79,170.89,22.92,74.33,1009.67,20.23,54.96,0
2018-01-01 22:00:00,10.51,31.71,100.43,215.05,22.89,69.47,1013.62,3.33,78.58,1
2018-01-01 23:00:00,9.0,9.53,34.42,172.99,25.47,64.6,1006.19,20.76,41.2,0
2018-01-02 00:00:00,6.4,11.38,27.22,112.13,32.22,59.2,1009.62,7.03,44.62,0
2018-01-02 01:00:00,0.63,1.73,17.99,156.59,28.27,59.72,1019.09,11.92,19.23,0
2018-01-02 02:00:00,2.87,20.16,30.26,45.99,36.69,61.78,1013.42,9.31,25.87,0
2018-01-02 03:00:00,3.6,20.32,93.9,162.46,22.65,70.41,1017.2,2.14,86.58,1
2018-01-02 04:00:00,1.7,7.23,39.83,152.81,22.73,73.34,1008.47,2.0,25.72,0
2018-01-02 05:00:00,0.38,7.38,66.52,164.43,26.99,72.43,1022.48,0.67,54.48,0
2018-01-02 06:00:00,5.68,21.72,48.67,231.44,25.15,65.0,1022.68,2.68,46.8,0
2018-01-02 07:00:00,9.24,12.38,129.3,172.29,23.67,72.36,1012.25,7.17,59.82,0
2018-01-02 08:00:00,3.31,25.43,78.29,118.73,28.56,92.8,1011.03,18.63,63.58,0
2018-01-02 09:00:00,10.4,21.84,62.74,259.02,28.75,81.22,1012.97,6.11,54.53,0
2018-01-02 10:00:00,0.88,14.33,61.1,86.38,21.15,55.57,1016.08,3.35,54.62,0
2018-01-02 11:00:00,1.58,15.91,30.95,156.82,24.81,66.17,1013.18,20.5,22.92,0
2018-01-02 12:00:00,5.57,10.09,32.6,150.6,32.02,72.9,1010.13,28.41,20.08,0
2018-01-02 13:00:00,3.02,17.42,76.0,132.53,26.57,73.21,1005.21,9.44,41.65,0
2018-01-02 14:00:00,8.61,28.9,62.23,255.01,23.53,65.72,999.97,15.24,71.15,0
2018-01-02 15:00:00,7.44,15.06,63.83,141.6,26.07,59.94,1009.29,8.83,58.06,0
2018-01-02 16:00:00,3.26,10.16,36.45,119.24,21.3,65.89,1001.43,4.29,29.49,0
2018-01-02 17:00:00,1.02,47.61,77.6,121.34,37.83,59.51,1009.52,5.75,44.65,0
2018-01-02 18:00:00,2.87,9.16,79.09,127.21,32.9,65.06,1018.04,5.52,43.69,0
2018-01-02 19:00:00,7.6,17.32,54.63,93.41,41.53,59.22,1010.73,11.22,50.15,0
2018-01-02 20:00:00,8.9,43.28,81.77,189.74,28.56,74.46,1005.42,11.26,63.43,0
2018-01-02 21:00:00,3.04,5.96,37.16,142.35,26.09,74.93,1009.14,10.67,15.49,0
2018-01-02 22:00:00,0.38,12.64,36.83,52.0,23.27,56.43,1007.64,8.95,22.52,0
2018-01-02 23:00:00,7.08,27.07,54.58,202.75,30.52,60.6,1019.6,19.87,37.56,0
2018-01-03 00:00:00,3.2,16.06,49.56,121.62,25.54,76.46,1007.98,1.78,59.46,0
2018-01-03 01:00:00,3.28,5.75,78.08,102.6,22.72,63.33,1001.33,20.4,49.36,0
2018-01-03 02:00:00,1.54,6.52,40.27,225.18,35.28,33.66,1024.33,8.22,40.27,0
2018-01-03 03:00:00,1.51,3.55,67.17,129.96,28.21,85.26,1009.7,5.12,70.93,0
2018-01-03 04:00:00,10.25,21.88,38.18,100.76,29.44,71.56,1007.26,7.03,54.52,0
2018-01-03 05:00:00,7.3,25.19,69.98,145.48,29.21,75.26,1010.6,0.99,67.35,0
2018-01-03 06:00:00,2.46,10.02,16.01,156.37,30.27,61.25,1011.26,14.62,49.93,0
2018-01-03 07:00:00,5.2,15.49,34.03,89.89,18.38,59.95,1014.16,32.59,41.55,0
2018-01-03 08:00:00,6.07,16.32,35.51,200.57,21.67,42.33,1010.94,9.88,27.27,0
2018-01-03 09:00:00,17.76,48.41,71.23,109.98,38.13,65.27,999.8,5.96,83.12,0
2018-01-03 10:00:00,1.35,17.21,80.71,140.71,27.74,66.74,1009.28,1.71,71.36,0
2018-01-03 11:00:00,6.0,20.35,26.96,38.64,30.27,58.14,1016.49,12.77,22.75,0
2018-01-03 12:00:00,10.21,37.57,106.39,170.12,32.38,79.51,1006.59,6.96,86.06,0
2018-01-03 13:00:00,16.19,19.91,25.76,54.69,25.94,74.32,1015.74,22.51,5.03,0
2018-01-03 14:00:00,2.32,18.03,43.33,76.34,22.12,61.63,1016.2,24.94,45.59,0
2018-01-03 15:00:00,3.16,11.82,38.15,68.12,20.49,59.4,1017.56,1.5,7.83,0
2018-01-03 16:00:00,8.68,42.21,125.81,203.16,22.46,92.28,1003.41,7.16,76.73,1
2018-01-03 17:00:00,0.61,28.13,79.34,155.14,24.21,60.93,1005.56,4.73,54.16,0
2018-01-03 18:00:00,6.54,15.2,116.92,240.64,23.81,75.32,1009.02,13.31,66.62,0
2018-01-03 19:00:00,22.79,33.59,145.29,206.69,20.91,81.02,998.84,6.55,99.21,1
2018-01-03 20:00:00,7.17,13.12,76.33,185.8,33.06,60.4,1004.93,6.54,49.52,0
2018-01-03 21:00:00,0.1,24.67,42.74,126.08,36.1,58.87,1012.99,6.01,43.18,0
2018-01-03 22:00:00,1.84,22.78,66.04,118.18,22.86,63.19,1000.27,8.88,73.36,0
2018-01-03 23:00:00,2.41,13.68,48.94,192.82,18.59,71.16,1002.31,12.03,31.57,0
2018-01-04 00:00:00,12.2,23.38,44.65,90.76,28.33,59.73,1013.99,4.85,54.37,0
2018-01-04 01:00:00,4.09,13.35,74.18,95.59,36.33,65.32,1002.3,31.35,93.52,0
2018-01-04 02:00:00,0.39,32.53,42.58,55.37,20.68,66.99,1024.96,18.53,43.86,0
2018-01-04 03:00:00,4.57,16.65,32.79,87.18,20.83,55.63,1006.75,9.04,13.42,0
2018-01-04 04:00:00,5.5,15.05,21.56,89.97,14.98,49.39,1006.83,1.36,36.83,0
2018-01-04 05:00:00,2.77,25.67,40.21,109.37,29.42,88.37,1004.49,4.45,38.03,0
2018-01-04 06:00:00,1.47,2.46,19.79,31.39,22.5,57.62,1012.12,10.97,51.16,0
2018-01-04 07:00:00,24.66,35.31,64.51,161.62,32.84,68.48,1009.64,4.11,37.55,1
2018-01-04 08:00:00,10.24,35.38,99.44,160.37,31.99,69.82,1011.36,17.51,71.05,0
2018-01-04 09:00:00,11.01,48.15,70.4,189.6,36.22,52.25,1009.19,7.08,54.1,0
2018-01-04 10:00:00,4.1,11.95,76.91,153.9,34.03,63.28,1014.81,10.67,59.28,0
2018-01-04 11:00:00,2.28,21.53,131.84,238.9,19.29,67.19,1007.12,5.4,82.62,0
2018-01-04 12:00:00,2.92,10.72,81.62,108.18,26.47,74.75,1008.16,12.59,64.22,0
2018-01-04 13:00:00,0.88,50.12,65.47,184.87,34.27,70.56,1011.74,16.83,67.02,1
2018-01-04 14:00:00,17.49,32.51,52.03,144.47,20.47,69.78,1001.27,15.69,47.84,0
2018-01-04 15:00:00,4.27,25.11,90.3,137.55,25.92,61.03,1004.12,18.6,78.77,0
2018-01-04 16:00:00,14.52,15.82,34.98,217.09,28.38,40.92,1020.18,8.87,54.25,0
2018-01-04 17:00:00,3.08,12.25,47.01,308.52,27.73,40.37,1002.33,17.95,39.92,1
2018-01-04 18:00:00,7.26,30.25,75.65,123.79,29.63,72.22,1014.65,15.71,35.07,0
2018-01-04 19:00:00,5.79,9.48,63.18,188.44,24.26,62.02,998.72,1.43,48.06,0
2018-01-04 20:00:00,0.74,15.74,54.06,127.68,22.85,51.55,1002.93,10.79,30.86,0
2018-01-04 21:00:00,19.22,57.5,69.77,173.98,30.48,72.65,1006.5,5.78,73.65,1
2018-01-04 22:00:00,3.18,27.06,51.37,138.6,27.02,72.54,1013.19,18.78,47.85,0
2018-01-04 23:00:00,1.18,20.92,91.75,214.47,39.63,70.52,1008.9,19.38,78.91,0
2018-01-05 00:00:00,8.74,18.35,51.23,66.35,21.89,57.99,1013.02,17.04,56.58,0
2018-01-05 01:00:00,4.81,9.54,104.71,206.86,27.68,71.2,1006.49,12.6,94.03,0
2018-01-05 02:00:00,6.69,19.47,59.29,149.64,20.71,76.97,1009.94,4.84,66.34,0
2018-01-05 03:00:00,5.29,26.74,43.6,122.93,30.01,73.01,1011.47,5.84,27.12,0
2018-01-05 04:00:00,0.14,6.09,55.16,210.31,26.86,62.25,1015.64,5.73,37.2,1
2018-01-05 05:00:00,1.76,25.49,98.71,132.53,30.88,73.72,1018.03,3.97,73.09,1
2018-01-05 06:00:00,1.67,17.29,53.6,172.41,24.07,100.0,1005.58,8.58,72.2,0
2018-01-05 07:00:00,10.88,17.8,54.51,98.89,17.88,85.54,1010.12,9.2,28.28,1
2018-01-05 08:00:00,4.99,7.78,50.86,104.54,35.02,64.21,1009.04,37.14,47.45,0
2018-01-05 09:00:00,7.65,11.28,57.77,105.78,32.95,79.3,1012.37,1.56,61.58,0
2018-01-05 10:00:00,3.39,15.8,35.75,114.26,33.19,64.88,1018.63,15.26,33.95,0
2018-01-05 11:00:00,7.99,37.26,44.03,164.13,32.89,77.36,1011.81,2.69,69.49,1
2018-01-05 12:00:00,4.11,11.12,61.94,135.87,28.55,58.62,1007.88,6.02,42.85,0
2018-01-05 13:00:00,3.81,35.76,68.85,201.29,31.36,74.42,1015.63,8.8,51.8,0
2018-01-05 14:00:00,5.75,8.2,51.75,110.45,23.01,74.17,1009.87,5.19,57.36,1
2018-01-05 15:00:00,5.29,19.36,48.25,71.47,25.71,63.12,1010.47,7.78,40.98,0
2018-01-05 16:00:00,30.78,43.79,87.84,174.6,34.24,66.2,1012.85,1.59,75.73,0
2018-01-05 17:00:00,1.74,19.74,35.37,100.93,39.16,63.29,1005.08,6.72,59.4,1
2018-01-05 18:00:00,0.62,16.04,41.01,220.5,29.81,48.49,1004.56,17.05,36.55,0
2018-01-05 19:00:00,6.56,16.07,31.15,68.28,10.0,56.34,1006.83,42.16,0.0,0
2018-01-05 20:00:00,2.06,11.64,37.04,133.24,29.95,55.84,1010.23,15.78,60.29,0
2018-01-05 21:00:00,0.1,25.74,36.34,110.53,35.8,69.76,1016.86,6.44,59.51,0
2018-01-05 22:00:00,1.27,15.9,70.12,95.02,26.33,72.45,1007.15,18.51,30.49,0
2018-01-05 23:00:00,25.89,27.1,108.63,127.14,22.48,80.69,1006.57,16.91,78.15,1
2018-01-06 00:00:00,1.68,11.98,23.16,42.7,33.29,70.62,1013.04,8.86,33.05,0
2018-01-06 01:00:00,0.32,11.37,44.75,164.68,26.05,51.56,1006.74,3.78,38.02,0
2018-01-06 02:00:00,24.68,35.68,64.57,137.4,26.01,82.48,1008.35,17.79,60.6,0
2018-01-06 03:00:00,1.2,24.3,107.98,213.46,18.82,83.27,1009.01,6.68,79.78,0
2018-01-06 04:00:00,37.8,46.19,81.19,189.91,18.93,55.56,1012.99,2.28,62.75,1
2018-01-06 05:00:00,3.24,19.63,88.25,101.27,32.6,78.35,1014.62,15.21,72.27,0
2018-01-06 06:00:00,19.29,58.01,109.87,307.27,21.2,80.15,1008.35,3.11,100.0,1
2018-01-06 07:00:00,3.73,33.14,73.52,211.08,37.73,72.04,1008.94,5.58,47.4,0
2018-01-06 08:00:00,7.3,15.07,36.79,109.13,38.97,52.02,1010.64,27.44,28.27,0
2018-01-06 09:00:00,4.2,19.16,59.68,160.71,22.26,65.33,1011.93,5.87,65.27,0
2018-01-06 10:00:00,3.75,4.28,19.13,50.25,24.2,64.8,1019.67,4.21,41.77,0
2018-01-06 11:00:00,6.07,26.66,51.5,78.3,31.88,64.4,1022.07,1.95,31.11,0
2018-01-06 12:00:00,7.54,11.95,17.87,84.45,36.4,44.75,1021.62,6.52,18.58,0
2018-01-06 13:00:00,5.64,19.07,95.15,141.05,28.93,68.27,1015.0,11.34,65.01,1
2018-01-06 14:00:00,5.1,17.17,54.29,130.22,24.42,68.09,1005.99,6.94,40.64,1
2018-01-06 15:00:00,2.08,30.47,105.15,159.32,25.87,71.87,1010.41,16.37,61.16,1
2018-01-06 16:00:00,4.37,20.86,56.85,187.93,28.62,83.82,1009.18,2.74,72.28,0
2018-01-06 17:00:00,17.43,29.43,67.42,166.87,25.04,74.44,1009.96,5.23,45.86,0
2018-01-06 18:00:00,1.97,23.57,73.4,121.3,34.71,75.13,1019.13,11.66,64.59,0
2018-01-06 19:00:00,6.23,37.8,69.32,178.85,24.18,69.09,1017.22,10.97,57.71,0
2018-01-06 20:00:00,13.37,14.19,42.89,74.81,30.53,58.15,1015.73,5.39,44.54,0
2018-01-06 21:00:00,7.6,15.76,41.64,112.73,32.19,79.3,1024.62,2.67,47.84,0
2018-01-06 22:00:00,10.98,50.45,66.18,199.2,28.05,63.07,1014.82,16.38,46.71,0
2018-01-06 23:00:00,1.17,53.66,79.64,94.92,26.76,69.93,1017.65,3.97,64.57,0
2018-01-07 00:00:00,6.25,13.13,77.51,236.92,27.87,68.01,1013.07,5.51,28.86,0
2018-01-07 01:00:00,3.53,28.87,53.1,108.87,23.21,50.64,1012.13,13.23,29.65,0
2018-01-07 02:00:00,3.7,10.56,118.13,252.76,32.26,80.6,1019.02,3.7,87.45,0
2018-01-07 03:00:00,16.28,21.53,28.1,83.95,27.28,69.72,1008.1,11.91,30.79,0
2018-01-07 04:00:00,3.76,16.14,82.36,103.53,26.62,64.01,1002.06,28.04,46.4,1
2018-01-07 05:00:00,6.44,33.87,61.72,111.46,21.98,63.08,1006.03,3.82,47.52,0
2018-01-07 06:00:00,0.32,11.5,57.44,207.85,38.71,57.06,1008.71,10.31,64.41,0
2018-01-07 07:00:00,19.27,46.45,63.11,145.66,32.71,84.23,1015.37,17.96,85.53,1
2018-01-07 08:00:00,10.44,39.39,47.54,183.99,19.97,67.82,1017.63,4.92,23.53,0
2018-01-07 09:00:00,4.54,13.78,71.69,128.65,31.11,81.01,1006.57,2.7,41.46,1
2018-01-07 10:00:00,3.37,12.38,87.04,128.42,24.65,66.48,1006.92,8.71,96.32,0
2018-01-07 11:00:00,8.3,19.72,53.58,184.89,23.0,70.15,1008.92,12.71,46.72,0
2018-01-07 12:00:00,13.24,27.06,51.29,123.38,23.97,48.54,1011.44,5.38,57.31,0
2018-01-07 13:00:00,19.47,32.04,64.08,155.3,30.85,60.49,1010.79,10.01,58.28,0
2018-01-07 14:00:00,10.15,24.96,56.95,152.92,27.21,85.53,1012.84,11.31,56.83,0
2018-01-07 15:00:00,5.17,14.97,42.43,56.77,27.72,66.7,1006.8,6.04,28.4,0
2018-01-07 16:00:00,11.51,16.32,52.82,165.04,29.56,61.2,1005.8,0.91,49.47,0
2018-01-07 17:00:00,9.79,55.48,103.11,135.32,33.16,55.14,1005.05,2.95,72.58,0
2018-01-07 18:00:00,5.19,13.34,58.24,76.56,40.71,67.29,1011.18,12.53,64.05,0
2018-01-07 19:00:00,9.54,12.24,33.02,84.34,26.55,56.73,1005.75,6.99,61.47,0
2018-01-07 20:00:00,9.39,32.2,60.08,124.76,25.66,74.29,1006.39,2.53,43.89,0
2018-01-07 21:00:00,4.51,10.2,24.32,194.11,28.58,44.84,1014.71,7.08,38.6,0
2018-01-07 22:00:00,2.71,23.94,67.94,184.21,31.88,76.13,1017.97,4.16,59.0,0
2018-01-07 23:00:00,8.69,16.54,34.3,51.62,34.03,56.64,1013.74,11.57,45.03,0
2018-01-08 00:00:00,1.37,52.92,56.44,147.03,22.53,54.79,1005.59,10.43,56.52,0
2018-01-08 01:00:00,0.98,35.96,58.44,130.0,41.34,67.36,1014.42,5.43,66.05,0
2018-01-08 02:00:00,6.54,18.37,63.86,100.25,21.52,84.67,1007.9,2.54,46.58,0
2018-01-08 03:00:00,8.49,28.26,75.49,183.87,32.9,75.81,1017.37,4.99,35.96,0
2018-01-08 04:00:00,6.49,23.49,88.89,258.19,32.13,74.09,1012.04,10.58,58.31,0
2018-01-08 05:00:00,7.17,14.77,133.91,210.23,20.29,73.73,1004.07,2.68,86.12,1
2018-01-08 06:00:00,8.36,30.6,63.51,120.13,29.48,80.6,1011.38,6.32,72.54,0
2018-01-08 07:00:00,16.33,31.04,59.81,138.94,18.4,69.24,1003.9,2.67,64.59,0
2018-01-08 08:00:00,10.3,26.61,62.61,153.42,23.44,46.52,1011.68,8.17,79.75,0
2018-01-08 09:00:00,10.04,31.0,55.89,282.43,27.63,72.67,1009.72,14.98,50.35,1
2018-01-08 10:00:00,6.07,18.9,31.73,75.71,28.78,63.1,1022.4,4.87,51.08,0
2018-01-08 11:00:00,6.29,13.08,25.04,70.46,34.85,58.28,1013.17,11.61,34.26,0
2018-01-08 12:00:00,4.14,23.92,54.29,183.58,24.19,77.16,1011.4,16.89,36.3,0
2018-01-08 13:00:00,6.97,30.6,109.63,162.55,30.0,67.32,997.23,4.04,65.65,1
2018-01-08 14:00:00,1.27,24.99,48.63,62.05,33.09,58.44,1014.46,8.79,0.48,0
2018-01-08 15:00:00,16.39,40.46,93.19,263.76,27.68,69.95,1015.58,8.65,78.45,1
2018-01-08 16:00:00,1.81,19.83,89.79,254.71,27.97,75.23,1015.74,1.61,92.38,0
2018-01-08 17:00:00,10.29,13.16,65.4,93.65,19.99,60.61,1010.09,14.96,66.32,0
2018-01-08 18:00:00,14.75,67.85,124.01,200.49,19.1,67.3,1005.58,21.87,93.47,1
2018-01-08 19:00:00,10.27,33.77,46.61,64.63,23.37,61.28,1017.58,7.3,61.96,0
2018-01-08 20:00:00,27.68,37.95,65.21,187.4,35.66,61.62,1010.28,10.75,41.57,0
2018-01-08 21:00:00,0.16,26.14,35.17,153.92,35.68,77.73,1011.59,8.6,41.17,0
2018-01-08 22:00:00,2.91,8.02,28.51,101.25,34.87,39.45,1010.35,3.97,31.76,0
2018-01-08 23:00:00,14.55,35.88,47.67,188.98,30.04,72.28,1000.1,12.01,54.48,0
2018-01-09 00:00:00,0.92,12.06,57.81,77.55,30.87,44.81,1006.87,3.95,44.93,0
2018-01-09 01:00:00,1.89,7.26,19.03,104.58,25.74,57.46,1012.82,9.61,57.34,0
2018-01-09 02:00:00,7.9,13.19,25.16,38.62,25.95,48.52,1015.12,21.14,55.55,0
2018-01-09 03:00:00,5.11,24.12,55.54,91.23,16.83,49.29,1010.9,5.59,27.62,0
2018-01-09 04:00:00,7.46,28.13,34.29,51.97,29.15,74.19,1014.49,15.58,70.68,0
2018-01-09 05:00:00,5.55,11.94,124.21,310.22,30.59,84.43,1000.09,12.83,91.77,0
2018-01-09 06:00:00,6.05,17.31,44.15,181.86,24.61,63.35,1006.68,18.48,46.18,0
2018-01-09 07:00:00,2.13,19.8,88.67,103.21,33.02,72.05,1021.41,10.96,77.93,0
2018-01-09 08:00:00,5.87,14.95,27.47,116.58,34.76,52.08,1015.57,15.41,48.26,0
2018-01-09 09:00:00,3.14,50.46,91.4,106.09,21.82,66.63,1016.57,9.99,50.18,1
2018-01-09 10:00:00,3.64,22.82,69.75,182.07,40.71,60.44,1009.2,2.28,72.15,0
2018-01-09 11:00:00,10.17,23.02,37.95,166.22,30.99,56.36,1016.83,4.72,35.43,0
2018-01-09 12:00:00,0.85,29.57,84.21,197.61,36.53,67.82,1015.01,24.86,99.1,1
2018-01-09 13:00:00,0.04,20.39,40.45,129.25,24.22,75.37,1022.37,9.96,9.4,0
2018-01-09 14:00:00,9.53,27.32,50.85,115.37,35.98,69.87,1013.45,13.06,44.3,0
2018-01-09 15:00:00,5.87,25.31,40.14,125.17,31.64,65.12,1006.37,2.05,31.64,0
2018-01-09 16:00:00,14.74,38.66,95.17,131.97,26.39,61.98,1005.85,10.83,75.38,0
2018-01-09 17:00:00,1.95,10.34,50.69,139.84,21.95,68.38,1012.75,17.93,44.33,0
2018-01-09 18:00:00,4.37,6.51,45.07,103.07,28.06,37.99,998.39,10.29,37.67,0
2018-01-09 19:00:00,5.3,35.68,73.46,91.37,32.29,61.07,1012.49,0.62,35.02,0
2018-01-09 20:00:00,2.46,17.22,56.74,89.02,28.42,52.65,1013.83,4.5,44.7,0
2018-01-09 21:00:00,1.65,11.4,30.69,158.53,28.49,56.58,1019.33,7.0,48.45,0
2018-01-09 22:00:00,9.96,16.72,68.57,88.1,25.32,64.25,1001.52,13.16,63.61,0
2018-01-09 23:00:00,0.73,6.73,23.73,103.99,20.72,54.7,1006.62,3.22,30.68,0
2018-01-10 00:00:00,1.31,17.27,55.5,110.87,28.98,64.58,1011.64,2.5,40.23,0
2018-01-10 01:00:00,4.22,17.94,47.45,79.51,22.89,64.81,1011.12,17.72,35.29,0
2018-01-10 02:00:00,10.98,39.96,62.46,205.74,33.23,79.41,1010.92,0.96,39.99,0
2018-01-10 03:00:00,2.66,23.68,53.79,212.47,32.62,56.35,1015.99,18.87,42.45,0
2018-01-10 04:00:00,2.28,25.91,64.44,85.92,37.18,58.03,1012.48,5.34,60.32,0
2018-01-10 05:00:00,3.96,31.92,83.63,165.4,25.92,68.74,1017.75,15.78,69.6,0
2018-01-10 06:00:00,6.84,23.43,57.61,118.8,27.77,68.17,1017.0,11.76,41.41,0
2018-01-10 07:00:00,3.34,41.46,102.27,181.87,19.9,73.55,1006.05,11.5,56.35,1
2018-01-10 08:00:00,12.21,20.23,40.41,349.52,24.95,80.31,1013.09,18.81,64.75,0
2018-01-10 09:00:00,12.64,40.21,66.96,122.74,27.97,75.29,1013.51,14.05,49.89,0
2018-01-10 10:00:00,4.22,6.32,52.77,93.55,28.43,78.0,1020.67,5.25,35.01,0
2018-01-10 11:00:00,22.17,24.4,36.98,105.44,25.91,65.94,1012.87,19.76,42.67,0
2018-01-10 12:00:00,5.18,10.16,66.07,159.22,24.56,67.5,1013.64,6.94,50.43,0
2018-01-10 13:00:00,12.29,25.19,38.58,92.29,29.34,36.39,1009.34,30.96,59.33,0
2018-01-10 14:00:00,6.66,8.51,103.71,396.81,26.36,73.89,1012.13,27.62,65.93,1
2018-01-10 15:00:00,6.55,19.12,39.49,78.09,35.21,58.56,1006.29,9.03,24.86,0
2018-01-10 16:00:00,0.47,10.69,100.64,214.58,29.39,69.83,1006.23,6.29,74.6,0
2018-01-10 17:00:00,1.16,51.22,104.33,282.33,25.06,83.35,1015.72,3.87,75.12,0
2018-01-10 18:00:00,3.53,7.34,17.78,25.62,33.96,44.6,1016.71,7.44,20.45,0
2018-01-10 19:00:00,12.56,28.01,44.38,142.98,22.47,73.53,1018.29,13.73,37.68,0
2018-01-10 20:00:00,6.75,27.44,39.09,79.06,25.85,67.99,1022.98,8.58,49.35,0
2018-01-10 21:00:00,3.57,39.99,66.42,98.89,22.23,68.8,1015.43,15.83,74.18,0
2018-01-10 22:00:00,8.56,31.82,92.23,156.87,26.6,79.33,1011.05,9.68,51.94,0
2018-01-10 23:00:00,12.18,42.8,125.52,296.07,35.55,59.22,1005.86,15.36,85.11,0
2018-01-11 00:00:00,4.86,21.94,36.6,168.4,29.03,64.94,1009.07,5.09,49.74,0
2018-01-11 01:00:00,6.02,13.34,26.39,44.04,18.5,44.41,1012.21,16.57,48.85,0
2018-01-11 02:00:00,5.3,8.71,51.18,182.4,25.89,67.24,1010.96,20.51,66.63,0
2018-01-11 03:00:00,4.56,29.31,40.06,79.35,29.47,49.65,1015.98,2.7,21.67,0
2018-01-11 04:00:00,1.92,11.74,71.51,224.89,29.6,59.33,1006.13,1.71,55.72,0
2018-01-11 05:00:00,1.74,3.26,53.26,64.6,27.04,59.47,1008.36,10.18,54.82,0
2018-01-11 06:00:00,8.51,19.13,53.73,157.4,32.23,61.24,1012.95,7.07,33.07,0
2018-01-11 07:00:00,12.37,26.02,84.24,119.83,31.22,71.46,1002.7,11.51,66.7,0
2018-01-11 08:00:00,3.56,37.29,94.29,224.71,27.17,78.43,1017.06,6.3,46.36,0
2018-01-11 09:00:00,3.47,14.84,31.03,230.16,29.31,83.96,1016.26,15.05,21.84,0
2018-01-11 10:00:00,0.26,13.99,26.72,92.2,27.23,52.39,1013.12,3.42,8.93,0
2018-01-11 11:00:00,15.12,29.02,60.72,108.71,28.31,66.53,1005.79,3.86,42.18,0
2018-01-11 12:00:00,2.09,29.22,88.34,147.42,29.05,69.32,1009.23,1.03,27.3,0
2018-01-11 13:00:00,2.62,10.13,25.63,95.12,33.59,48.25,1015.69,5.14,45.6,0
2018-01-11 14:00:00,7.3,26.04,39.43,140.94,30.6,41.71,1008.5,6.39,44.79,1
2018-01-11 15:00:00,7.5,16.59,30.6,49.93,28.02,50.24,1003.74,4.65,34.41,0
2018-01-11 16:00:00,3.51,36.72,60.66,89.89,25.77,59.57,1013.23,23.34,37.22,0
2018-01-11 17:00:00,4.42,42.88,45.13,123.36,31.65,58.54,1013.01,19.86,12.63,0
2018-01-11 18:00:00,6.73,22.23,39.65,110.65,29.75,47.07,1009.2,17.62,46.82,0
2018-01-11 19:00:00,2.18,19.96,64.79,92.44,27.47,62.85,1022.47,15.33,40.04,0
2018-01-11 20:00:00,18.08,29.66,88.57,237.4,26.33,68.39,1005.81,17.46,65.19,0
2018-01-11 21:00:00,1.65,3.87,116.59,160.04,28.36,66.19,1015.89,7.28,94.89,0
2018-01-11 22:00:00,3.95,17.95,48.74,273.99,24.33,70.55,1014.67,25.6,19.68,0
2018-01-11 23:00:00,2.97,15.99,37.27,136.23,20.07,43.82,1013.55,9.9,41.69,0
2018-01-12 00:00:00,5.51,15.92,113.8,237.58,36.66,77.49,1020.67,7.92,82.08,0
2018-01-12 01:00:00,17.33,28.73,62.15,147.4,36.81,63.12,1016.65,8.38,100.0,0
2018-01-12 02:00:00,1.53,20.45,54.54,102.87,28.83,64.9,1007.8,10.71,41.47,0
2018-01-12 03:00:00,7.42,25.23,97.9,181.13,30.97,76.01,1006.77,10.91,41.87,0
2018-01-12 04:00:00,8.69,20.34,28.67,91.93,26.82,62.33,1008.22,4.28,25.6,0
2018-01-12 05:00:00,12.96,48.21,83.49,106.21,30.88,49.69,1011.68,4.55,39.82,0
2018-01-12 06:00:00,1.91,3.74,15.41,38.67,28.69,54.45,1008.99,13.68,48.88,0
2018-01-12 07:00:00,1.8,9.64,15.94,71.91,29.16,61.77,1001.96,20.1,52.36,1
2018-01-12 08:00:00,4.0,28.73,45.08,148.41,22.7,67.35,1009.07,10.19,40.69,0
2018-01-12 09:00:00,4.09,6.75,93.41,149.31,37.92,63.08,1014.42,8.29,79.05,0
2018-01-12 10:00:00,1.38,3.17,11.55,68.78,22.02,45.5,1019.48,14.37,29.05,0
2018-01-12 11:00:00,8.88,16.63,40.51,146.07,32.74,67.24,1015.85,30.21,39.38,0
2018-01-12 12:00:00,8.12,21.27,76.71,132.09,23.72,72.94,1009.79,23.8,42.7,0
2018-01-12 13:00:00,23.33,32.7,49.87,328.76,17.3,52.43,1016.63,10.35,56.81,0
2018-01-12 14:00:00,3.48,19.42,131.0,174.38,33.33,64.97,1018.28,24.79,94.45,1
2018-01-12 15:00:00,1.33,3.32,35.82,165.21,29.06,56.59,1014.48,7.01,76.43,1
2018-01-12 16:00:00,1.65,8.73,16.32,93.99,20.65,49.23,1012.74,15.07,27.85,0
2018-01-12 17:00:00,6.67,28.73,44.82,434.71,31.81,63.36,1020.26,9.84,51.38,0
2018-01-12 18:00:00,1.96,20.77,28.92,81.4,26.19,72.69,1008.92,4.64,38.69,1
2018-01-12 19:00:00,9.46,17.76,35.56,152.03,38.19,47.88,1015.71,8.43,31.88,0
2018-01-12 20:00:00,2.28,17.4,43.8,114.07,20.44,60.42,996.17,7.07,46.59,0
2018-01-12 21:00:00,5.82,18.76,74.96,85.09,24.71,59.63,1008.61,12.13,58.25,0
2018-01-12 22:00:00,4.51,17.74,143.99,219.1,32.7,87.3,996.9,28.95,80.51,0
2018-01-12 23:00:00,1.62,18.53,45.66,97.84,25.84,70.25,1015.34,4.76,60.8,0
2018-01-13 00:00:00,0.63,40.64,90.98,179.27,23.7,61.11,1005.97,12.57,61.35,0
2018-01-13 01:00:00,13.93,54.54,84.52,126.03,29.44,79.93,1013.48,20.5,78.72,1
2018-01-13 02:00:00,6.85,9.57,24.92,32.17,34.23,66.55,1009.37,11.56,33.76,0
2018-01-13 03:00:00,1.09,12.22,31.91,221.78,27.9,57.79,1009.55,16.59,42.92,0
2018-01-13 04:00:00,1.25,5.98,87.58,133.37,27.01,76.93,1006.72,14.98,70.52,0
2018-01-13 05:00:00,22.8,40.77,63.63,189.71,24.01,51.48,1013.71,7.62,76.18,0
2018-01-13 06:00:00,1.77,13.41,104.9,171.53,25.7,91.65,1011.17,10.78,97.06,0
2018-01-13 07:00:00,6.16,34.04,68.61,155.94,22.05,66.59,1006.29,2.14,58.6,0
2018-01-13 08:00:00,0.41,14.09,50.83,133.02,34.91,75.42,1010.93,4.02,61.83,0
2018-01-13 09:00:00,3.04,39.33,110.28,165.69,32.08,67.53,1005.85,5.66,82.17,1
2018-01-13 10:00:00,10.03,51.72,90.38,165.85,21.09,54.12,1007.61,45.25,74.63,1
2018-01-13 11:00:00,0.31,35.69,37.53,158.96,25.04,65.1,1009.44,16.19,70.25,1
2018-01-13 12:00:00,2.51,3.77,21.82,99.5,32.29,50.18,1009.59,0.69,28.99,0
2018-01-13 13:00:00,2.36,19.12,55.57,193.01,31.76,57.34,1014.66,2.83,65.96,0
2018-01-13 14:00:00,8.01,18.35,57.89,109.92,27.63,66.46,1014.52,2.0,59.43,0
2018-01-13 15:00:00,7.39,19.04,57.9,128.12,26.79,72.42,1003.26,7.48,50.9,0
2018-01-13 16:00:00,7.99,32.72,63.51,93.14,28.14,68.65,1009.76,8.18,58.53,1
2018-01-13 17:00:00,6.08,17.01,52.6,145.05,25.71,73.67,1024.35,0.53,52.58,0
2018-01-13 18:00:00,7.38,21.72,97.23,163.57,34.08,69.13,1016.23,18.07,77.38,0
2018-01-13 19:00:00,0.87,15.83,40.45,121.59,32.02,74.53,1022.65,1.96,47.98,0
2018-01-13 20:00:00,6.12,7.96,38.81,221.59,29.74,68.86,1006.85,9.88,43.87,0
2018-01-13 21:00:00,16.05,25.68,86.44,153.75,22.16,58.34,1008.3,12.77,72.74,0
2018-01-13 22:00:00,4.99,34.23,96.61,266.01,24.78,77.38,1005.56,4.46,88.11,1
2018-01-13 23:00:00,2.38,3.87,16.33,54.9,24.71,56.83,1012.75,5.25,44.53,0
2018-01-14 00:00:00,2.66,23.12,28.3,70.19,26.15,50.74,1013.53,8.23,45.11,0
2018-01-14 01:00:00,15.1,21.54,75.39,115.13,29.13,72.92,1013.13,7.01,87.48,0
2018-01-14 02:00:00,31.32,41.46,85.2,111.88,36.83,73.17,1007.95,3.95,62.25,1
2018-01-14 03:00:00,0.2,23.57,56.57,134.54,29.11,70.43,1007.92,2.23,34.73,0
2018-01-14 04:00:00,3.56,8.67,65.91,168.43,20.57,54.45,1006.42,6.0,57.75,0
2018-01-14 05:00:00,1.17,12.04,40.12,273.75,31.89,38.86,1010.99,11.46,32.12,0
2018-01-14 06:00:00,7.9,10.63,53.09,118.39,20.73,59.67,1014.39,16.88,68.82,0
2018-01-14 07:00:00,5.73,24.22,47.15,225.16,30.64,59.24,1015.27,9.18,5.67,0
2018-01-14 08:00:00,4.17,11.31,29.03,60.0,25.74,63.52,1018.55,7.2,28.18,0
2018-01-14 09:00:00,0.34,3.92,31.4,74.7,31.29,32.16,1013.9,9.56,9.88,0
2018-01-14 10:00:00,3.16,16.84,25.49,88.61,31.03,64.44,1016.24,5.33,36.89,0
2018-01-14 11:00:00,4.03,6.62,23.18,55.57,29.07,65.89,1005.26,3.4,15.65,0
2018-01-14 12:00:00,1.18,11.09,43.21,127.23,22.4,70.13,1016.79,16.96,44.55,0
2018-01-14 13:00:00,6.58,13.15,56.55,81.63,24.71,72.09,1016.89,6.72,74.37,1
2018-01-14 14:00:00,5.76,21.79,91.83,165.19,30.94,59.12,1018.86,5.57,69.02,0
2018-01-14 15:00:00,3.41,19.71,50.47,120.49,29.11,53.89,1021.99,5.13,63.6,0
2018-01-14 16:00:00,4.75,12.39,29.71,122.2,38.14,56.89,1006.42,9.28,52.59,0
2018-01-14 17:00:00,3.34,39.03,50.79,219.43,28.88,61.15,1016.07,5.87,61.44,1
2018-01-14 18:00:00,0.36,28.6,95.17,139.27,32.39,61.21,1008.12,7.82,46.68,1
2018-01-14 19:00:00,7.61,13.35,50.08,258.83,25.91,64.36,1009.1,1.75,69.06,0
2018-01-14 20:00:00,6.3,63.38,93.11,231.21,23.4,75.0,1008.17,11.63,66.88,0
2018-01-14 21:00:00,0.82,23.42,60.98,152.77,34.41,68.05,1008.7,5.3,62.66,1
2018-01-14 22:00:00,6.76,24.12,81.8,107.49,24.14,69.92,1009.64,11.99,67.73,0
2018-01-14 23:00:00,6.98,25.2,109.03,191.79,20.22,77.37,1007.32,33.17,68.13,0
2018-01-15 00:00:00,7.0,11.38,21.55,51.33,20.71,55.26,1014.87,13.33,17.87,0
2018-01-15 01:00:00,10.06,41.5,69.43,178.22,30.03,71.75,1014.32,14.35,92.65,0
2018-01-15 02:00:00,13.97,15.82,70.16,123.07,24.33,70.69,1016.75,29.18,42.84,0
2018-01-15 03:00:00,2.99,21.14,32.08,188.76,19.69,51.9,1014.85,9.6,38.11,0
2018-01-15 04:00:00,9.86,38.35,142.34,302.89,38.58,98.08,1007.88,9.79,100.0,1
2018-01-15 05:00:00,2.91,9.09,36.78,151.45,15.99,75.91,1015.5,9.85,32.41,0
2018-01-15 06:00:00,6.55,30.29,143.8,177.38,25.74,86.9,1013.35,21.65,100.0,0
2018-01-15 07:00:00,11.19,25.89,35.39,94.08,36.92,71.84,1015.06,13.55,48.37,0
2018-01-15 08:00:00,1.8,26.61,91.61,252.7,28.33,73.75,1012.79,4.18,92.12,0
2018-01-15 09:00:00,0.05,27.65,47.28,338.34,41.54,59.24,1025.35,11.39,72.97,0
2018-01-15 10:00:00,1.59,39.49,73.1,123.29,32.31,78.6,1007.79,8.26,60.54,1
2018-01-15 11:00:00,12.63,45.04,95.43,178.71,21.52,74.32,1014.54,16.69,39.05,1
2018-01-15 12:00:00,1.33,3.51,65.01,116.19,32.13,73.14,1011.84,7.66,25.61,0
2018-01-15 13:00:00,12.04,17.91,62.96,98.25,24.89,81.1,1002.81,25.12,57.03,0
2018-01-15 14:00:00,1.6,21.15,53.54,94.77,26.6,48.54,1002.87,6.02,39.29,1
2018-01-15 15:00:00,3.82,31.68,68.69,140.38,22.48,71.38,1001.49,4.83,53.12,0
2018-01-15 16:00:00,4.77,9.91,165.1,183.85,24.41,75.14,1007.7,4.11,100.0,0
2018-01-15 17:00:00,1.32,23.6,91.88,234.04,31.99,69.34,1002.04,14.7,45.74,0
2018-01-15 18:00:00,3.87,37.88,53.01,114.84,23.01,56.33,1010.97,3.45,43.72,0
2018-01-15 19:00:00,0.5,27.63,64.11,151.6,17.36,77.7,1011.83,8.14,27.99,0
2018-01-15 20:00:00,3.31,25.33,72.17,157.75,30.26,72.17,1008.35,5.85,32.42,1
2018-01-15 21:00:00,4.38,17.33,20.48,83.25,26.65,58.8,1011.3,8.34,44.59,0
2018-01-15 22:00:00,1.57,14.03,87.77,136.91,33.06,54.83,1014.82,16.22,73.66,0
2018-01-15 23:00:00,6.36,57.39,73.87,118.93,23.78,62.49,1006.3,4.33,34.64,1
2018-01-16 00:00:00,1.12,10.05,31.05,168.01,33.62,55.37,1012.52,14.63,45.66,0
2018-01-16 01:00:00,7.39,13.26,25.91,51.71,31.93,62.22,1001.18,1.72,0.0,0
2018-01-16 02:00:00,8.06,11.61,76.99,191.17,30.84,64.07,1011.87,14.0,51.17,0
2018-01-16 03:00:00,6.33,27.41,79.51,197.94,20.58,65.63,1017.04,6.89,82.74,0
2018-01-16 04:00:00,9.75,28.78,96.51,140.84,27.67,47.51,1013.89,15.48,53.61,0
2018-01-16 05:00:00,0.44,14.34,102.52,157.11,32.97,82.24,1008.46,10.79,81.16,0
2018-01-16 06:00:00,11.62,30.63,70.6,161.2,24.96,55.38,1008.75,6.85,66.99,0
2018-01-16 07:00:00,1.35,26.15,49.56,135.58,16.46,56.43,1019.97,5.97,38.01,0
2018-01-16 08:00:00,5.34,16.86,57.33,193.81,24.28,70.02,1014.46,12.23,44.15,0
2018-01-16 09:00:00,20.15,40.16,61.03,181.57,22.78,74.19,1011.49,7.1,38.31,0
2018-01-16 10:00:00,3.23,13.92,63.64,104.76,24.66,66.07,1014.34,9.65,68.2,1
2018-01-16 11:00:00,4.89,25.39,100.81,258.09,20.05,76.23,1006.96,1.04,64.14,1
2018-01-16 12:00:00,1.36,35.52,52.91,106.03,32.26,73.5,1010.69,7.5,38.67,0
2018-01-16 13:00:00,19.99,46.56,87.27,112.26,31.35,43.99,1006.56,9.98,53.0,1
2018-01-16 14:00:00,1.57,44.04,75.84,95.42,23.01,76.88,1015.06,6.47,100.0,0
2018-01-16 15:00:00,8.71,17.68,51.13,162.77,25.62,42.02,1006.76,10.82,72.57,0
2018-01-16 16:00:00,13.95,21.25,85.82,334.64,23.2,66.63,1007.73,19.62,73.61,0
2018-01-16 17:00:00,9.46,28.17,75.58,114.56,30.67,72.18,1012.64,3.14,65.05,1
2018-01-16 18:00:00,6.71,15.92,43.98,61.3,22.49,52.57,998.82,18.66,65.63,1
2018-01-16 19:00:00,5.26,26.4,57.11,161.91,23.29,62.66,1007.2,9.36,40.42,0
2018-01-16 20:00:00,0.88,16.9,53.73,86.12,28.55,32.27,1006.66,2.47,34.17,0
2018-01-16 21:00:00,19.29,25.25,60.44,187.8,23.34,52.22,1011.89,16.49,70.75,0
2018-01-16 22:00:00,6.2,25.53,62.33,125.52,37.22,57.52,1011.74,25.33,83.17,0
2018-01-16 23:00:00,4.89,11.24,68.72,110.02,24.04,56.77,1020.55,1.48,48.26,0
2018-01-17 00:00:00,1.2,37.04,49.49,114.63,32.03,61.69,1006.65,2.28,52.45,0
2018-01-17 01:00:00,5.14,16.86,64.67,244.26,32.85,83.15,1003.18,17.37,64.74,0
2018-01-17 02:00:00,4.59,11.83,63.21,79.41,20.28,74.2,1016.84,14.48,57.6,0
2018-01-17 03:00:00,20.15,36.54,145.87,276.68,26.55,89.46,1004.67,4.43,100.0,1
2018-01-17 04:00:00,4.89,22.65,54.93,193.72,23.21,68.79,1011.73,9.26,48.38,0
2018-01-17 05:00:00,5.05,13.77,61.04,114.49,32.98,51.03,1008.3,6.11,14.92,0
2018-01-17 06:00:00,1.23,9.6,73.82,182.64,27.58,79.45,1013.47,2.69,59.33,0
2018-01-17 07:00:00,2.02,4.57,51.17,141.45,32.9,67.29,1012.93,5.06,59.99,0
2018-01-17 08:00:00,7.81,33.4,39.0,176.9,36.97,66.56,1009.76,1.32,49.3,0
2018-01-17 09:00:00,0.3,35.45,41.79,107.27,37.49,69.92,1011.64,21.3,36.41,0
2018-01-17 10:00:00,11.57,39.96,70.14,93.91,22.1,72.04,1008.1,10.23,73.95,1
2018-01-17 11:00:00,11.83,18.88,53.65,216.83,21.51,67.65,1011.38,6.03,49.83,0
2018-01-17 12:00:00,1.76,20.72,64.06,107.11,21.5,57.67,1008.49,7.8,61.35,0
2018-01-17 13:00:00,6.73,23.32,34.93,87.57,34.24,50.39,1019.08,5.81,30.25,0
2018-01-17 14:00:00,14.33,17.71,70.24,131.12,32.14,56.82,1009.15,6.04,52.78,0
2018-01-17 15:00:00,4.21,12.87,24.64,174.97,31.74,29.65,1009.84,6.34,37.67,0
2018-01-17 16:00:00,3.43,21.42,67.56,292.79,31.02,61.4,1001.63,14.7,58.0,0
2018-01-17 17:00:00,3.91,5.4,20.72,77.56,25.75,63.46,1006.84,4.0,26.71,0
2018-01-17 18:00:00,6.19,11.27,61.97,120.41,28.49,76.69,1013.8,20.07,46.78,1
2018-01-17 19:00:00,2.36,25.86,90.32,178.28,29.85,63.31,1009.02,3.53,35.05,0
2018-01-17 20:00:00,3.11,9.94,28.52,62.96,28.62,58.43,1010.34,28.11,17.26,0
2018-01-17 21:00:00,6.3,9.74,55.37,160.8,24.44,59.22,1014.74,16.9,48.5,0
2018-01-17 22:00:00,2.83,30.2,69.17,175.24,36.85,69.05,1017.12,6.38,56.11,0
2018-01-17 23:00:00,1.08,7.91,25.76,115.35,21.4,45.31,1007.85,9.92,39.66,0
2018-01-18 00:00:00,4.99,28.62,39.79,65.49,25.7,56.24,1010.44,10.07,60.86,0
2018-01-18 01:00:00,13.6,55.4,108.65,328.67,36.04,65.93,998.74,5.07,72.3,1
2018-01-18 02:00:00,7.05,11.99,111.74,223.24,33.11,80.86,1013.86,0.96,62.88,0
2018-01-18 03:00:00,1.14,13.2,41.22,242.67,21.02,44.74,1025.79,4.95,64.9,0
2018-01-18 04:00:00,2.0,18.71,24.45,53.39,15.95,62.55,1010.38,1.54,40.08,0
2018-01-18 05:00:00,3.4,30.43,33.57,71.96,22.33,69.71,1009.94,9.58,30.0,0
2018-01-18 06:00:00,20.66,29.29,65.89,111.21,28.66,51.8,1010.28,3.12,29.78,0
2018-01-18 07:00:00,21.55,22.14,30.87,257.66,28.34,53.73,1013.11,8.83,72.66,0
2018-01-18 08:00:00,19.6,24.53,31.59,116.88,27.82,51.72,1013.3,10.93,33.78,0
2018-01-18 09:00:00,5.51,15.66,33.17,106.49,31.17,76.58,1013.23,7.72,44.13,0
2018-01-18 10:00:00,43.35,66.95,119.25,128.85,28.15,89.84,1001.87,7.53,71.48,1
2018-01-18 11:00:00,2.12,14.29,63.66,121.72,33.25,75.5,1010.49,5.2,38.67,0
2018-01-18 12:00:00,3.26,25.77,80.26,146.09,32.17,73.38,1013.39,3.7,82.85,1
2018-01-18 13:00:00,10.82,20.67,43.58,135.68,16.13,71.58,1005.51,8.3,36.99,0
2018-01-18 14:00:00,6.34,21.88,46.1,275.12,28.48,69.16,1004.58,57.58,36.79,0
2018-01-18 15:00:00,6.68,31.56,98.87,275.64,26.82,88.71,1006.76,9.06,75.02,1
2018-01-18 16:00:00,1.43,31.07,57.88,120.93,29.51,65.83,1011.84,8.63,52.37,0
2018-01-18 17:00:00,4.55,52.71,63.66,100.87,26.67,41.74,1013.88,4.18,70.88,0
2018-01-18 18:00:00,2.16,19.33,37.63,99.89,19.14,56.84,1015.59,4.09,38.85,0
2018-01-18 19:00:00,0.78,2.74,57.84,137.97,30.52,70.86,1006.65,14.85,60.82,1
2018-01-18 20:00:00,2.49,21.94,66.95,175.75,31.82,63.79,1001.25,10.81,46.65,0
2018-01-18 21:00:00,6.34,8.13,37.96,42.46,17.85,73.74,1019.53,17.25,26.69,0
2018-01-18 22:00:00,9.34,30.51,38.62,101.59,37.5,53.59,1017.83,17.11,27.25,0
2018-01-18 23:00:00,0.22,15.34,60.11,126.44,33.17,74.82,1008.66,4.09,41.73,0
2018-01-19 00:00:00,4.77,33.31,59.1,120.83,23.06,51.0,1014.75,3.23,77.41,0
2018-01-19 01:00:00,4.34,14.14,24.96,252.96,21.96,62.85,1013.54,8.1,25.41,0
2018-01-19 02:00:00,6.03,21.71,75.91,144.86,29.11,60.56,1009.44,6.79,53.39,0
2018-01-19 03:00:00,1.17,20.86,47.75,123.42,28.71,50.22,1020.33,11.99,57.42,1
2018-01-19 04:00:00,1.2,2.05,37.39,249.07,31.41,61.15,1008.44,12.42,51.14,0
2018-01-19 05:00:00,13.9,32.93,106.99,282.07,30.7,62.11,1002.23,12.55,62.4,1
2018-01-19 06:00:00,1.79,9.04,50.97,210.8,31.23,71.88,1011.96,14.7,44.74,0
2018-01-19 07:00:00,3.09,20.69,72.21,161.64,21.89,64.39,1007.57,15.94,22.27,0
2018-01-19 08:00:00,3.46,4.84,38.51,93.87,27.23,62.87,1012.54,2.84,48.92,0
2018-01-19 09:00:00,2.21,24.11,82.7,119.14,29.89,69.35,1008.64,30.88,75.57,0
2018-01-19 10:00:00,7.59,28.18,41.31,179.94,26.7,68.07,1008.02,12.96,52.32,0
2018-01-19 11:00:00,7.01,34.68,42.79,243.27,31.56,55.75,1010.41,27.27,73.71,0
2018-01-19 12:00:00,4.14,6.7,18.59,127.52,33.92,69.54,1004.72,10.1,37.1,0
2018-01-19 13:00:00,2.37,49.61,73.98,105.92,23.44,88.76,1002.74,7.76,62.03,0
2018-01-19 14:00:00,3.81,7.89,59.37,144.4,27.81,54.61,1009.65,3.95,55.3,0
2018-01-19 15:00:00,5.19,20.78,42.85,199.63,25.09,78.65,1013.46,11.05,34.66,1
2018-01-19 16:00:00,2.0,12.32,62.77,102.09,25.67,60.79,1002.41,8.79,85.82,0
2018-01-19 17:00:00,8.11,20.53,57.21,98.02,18.96,60.25,1013.26,12.39,78.31,0
2018-01-19 18:00:00,11.49,54.17,165.03,268.88,30.27,93.17,1004.8,4.57,100.0,0
2018-01-19 19:00:00,15.89,20.62,58.03,167.98,43.76,54.39,1012.92,12.46,34.58,0
2018-01-19 20:00:00,15.11,53.39,73.64,174.52,30.3,74.25,1011.6,2.28,61.54,0
2018-01-19 21:00:00,3.43,27.62,74.65,243.57,40.59,73.95,1015.27,8.95,60.39,0
2018-01-19 22:00:00,5.44,19.0,53.8,128.56,35.1,63.96,1010.38,16.13,50.63,1
2018-01-19 23:00:00,4.06,17.51,30.66,82.93,23.86,59.41,1003.72,31.88,39.91,0
2018-01-20 00:00:00,4.05,24.7,54.21,186.12,30.33,59.4,1021.28,8.12,23.93,0
2018-01-20 01:00:00,3.78,13.49,42.54,300.19,32.32,69.89,1012.01,3.42,39.88,0
2018-01-20 02:00:00,4.86,16.22,46.54,101.37,32.03,59.5,1012.13,5.06,47.69,0
2018-01-20 03:00:00,13.12,28.65,42.59,163.3,24.03,73.79,1010.83,7.08,28.14,0
2018-01-20 04:00:00,6.52,41.88,142.56,324.81,29.16,92.1,1015.03,6.47,100.0,1
2018-01-20 05:00:00,1.1,13.38,22.33,116.47,37.2,44.47,1006.1,20.73,23.53,0
2018-01-20 06:00:00,11.09,13.29,88.26,121.22,19.45,57.66,1003.0,8.62,64.63,0
2018-01-20 07:00:00,5.95,21.98,54.55,150.36,33.69,62.96,1007.6,11.22,75.77,0
2018-01-20 08:00:00,7.67,20.55,36.63,142.8,34.5,52.19,1013.68,0.99,15.42,0
2018-01-20 09:00:00,6.4,14.27,104.85,169.26,18.57,66.98,1005.72,7.83,76.23,1
2018-01-20 10:00:00,6.68,24.65,26.57,89.63,24.55,51.61,1008.25,7.03,19.41,0
2018-01-20 11:00:00,6.97,15.08,30.99,57.49,26.48,79.84,1006.34,7.63,42.65,0
2018-01-20 12:00:00,0.35,12.38,40.46,86.58,32.82,73.73,1015.86,19.77,49.13,0
2018-01-20 13:00:00,7.58,23.16,40.99,91.57,28.04,53.95,1013.35,7.45,43.19,0
2018-01-20 14:00:00,2.11,18.89,49.48,90.31,24.97,44.62,1015.25,2.55,33.36,0
2018-01-20 15:00:00,2.82,21.89,70.75,142.73,28.44,62.03,1007.83,5.34,45.17,0
2018-01-20 16:00:00,4.82,25.9,37.02,181.43,30.39,48.84,1011.34,21.04,31.68,0
2018-01-20 17:00:00,17.94,33.26,72.1,121.2,27.11,75.06,1014.24,19.14,44.69,0
2018-01-20 18:00:00,1.39,4.27,56.34,247.49,36.94,65.73,1006.98,7.04,57.89,0
2018-01-20 19:00:00,4.66,21.9,34.14,136.59,28.19,55.38,1016.82,6.89,30.32,0
2018-01-20 20:00:00,3.68,30.83,67.49,378.01,32.08,66.29,1012.79,2.2,59.31,0
2018-01-20 21:00:00,10.95,13.08,41.94,163.58,22.18,51.0,1017.98,8.61,34.81,0
2018-01-20 22:00:00,3.57,6.48,20.98,43.26,30.0,56.44,1016.96,5.66,50.07,0
2018-01-20 23:00:00,6.02,12.99,28.66,199.34,25.21,76.47,1003.81,2.34,50.37,0
2018-01-21 00:00:00,1.4,27.37,43.18,57.98,25.22,55.9,1008.62,8.44,42.53,0
2018-01-21 01:00:00,12.55,19.16,41.86,60.81,36.48,63.52,999.84,13.05,50.1,0
2018-01-21 02:00:00,0.68,26.91,49.86,194.25,24.38,56.13,1001.49,2.36,62.08,0
2018-01-21 03:00:00,7.49,23.95,100.71,339.51,25.18,65.12,1004.54,25.4,75.3,1
2018-01-21 04:00:00,6.05,14.48,55.3,294.63,18.49,73.24,1017.74,4.94,39.43,0
2018-01-21 05:00:00,6.92,81.75,123.4,219.48,23.13,64.82,1008.57,4.22,97.71,1
2018-01-21 06:00:00,0.7,4.85,40.2,102.63,18.67,60.4,1013.8,7.8,40.1,0
2018-01-21 07:00:00,3.49,17.52,54.97,128.74,34.48,56.1,1008.55,1.46,25.72,0
2018-01-21 08:00:00,10.5,16.38,60.01,134.71,30.02,79.53,1009.25,3.07,46.55,0
2018-01-21 09:00:00,20.11,37.96,50.83,134.37,32.43,57.22,1014.55,9.76,65.7,0
2018-01-21 10:00:00,4.31,10.46,40.27,84.69,30.56,49.53,1010.7,5.6,44.27,0
2018-01-21 11:00:00,9.67,19.17,35.39,116.38,22.72,59.75,1010.66,0.6,13.16,0
2018-01-21 12:00:00,5.51,12.79,73.63,128.7,32.49,66.67,1012.99,6.93,50.49,0
2018-01-21 13:00:00,4.55,15.64,36.78,77.59,26.94,72.57,1006.32,5.26,33.8,0
2018-01-21 14:00:00,3.07,30.04,74.05,269.31,31.19,62.84,1011.3,12.0,44.88,1
2018-01-21 15:00:00,4.85,8.39,57.86,167.38,12.98,69.64,1012.11,10.17,30.83,0
2018-01-21 16:00:00,8.93,15.64,54.79,163.29,21.43,54.84,1002.2,16.2,19.79,0
2018-01-21 17:00:00,9.59,19.44,55.74,140.65,24.12,75.9,1005.5,2.02,48.48,1
2018-01-21 18:00:00,0.95,12.42,44.85,89.37,29.68,71.89,1008.13,10.85,50.01,1
2018-01-21 19:00:00,2.77,36.52,87.6,167.24,19.34,76.31,1007.47,3.97,34.44,0
2018-01-21 20:00:00,1.3,8.31,25.57,259.43,40.51,67.93,1014.53,4.12,63.48,0
2018-01-21 21:00:00,5.09,31.23,72.49,182.2,34.94,70.63,1005.84,6.09,43.74,0
2018-01-21 22:00:00,3.36,40.1,46.73,118.38,35.16,64.55,1006.65,14.19,50.85,0
2018-01-21 23:00:00,6.7,18.78,39.14,139.26,35.9,50.56,1014.78,11.88,48.81,0
2018-01-22 00:00:00,7.14,12.64,35.07,96.79,31.0,54.59,1016.52,6.04,17.86,0
2018-01-22 01:00:00,0.09,30.91,40.68,100.17,21.79,70.75,1016.49,11.5,38.44,0
2018-01-22 02:00:00,4.81,29.38,65.73,214.95,30.52,74.89,1005.05,14.77,70.59,1
2018-01-22 03:00:00,13.34,18.33,36.52,121.73,25.29,70.45,1007.09,32.3,23.03,0
2018-01-22 04:00:00,2.77,43.46,112.4,225.29,26.72,70.93,1000.49,2.03,100.0,1
2018-01-22 05:00:00,2.67,10.29,37.35,119.48,32.7,78.5,998.66,10.17,0.43,0
2018-01-22 06:00:00,11.48,23.41,72.09,200.44,24.9,66.26,1004.21,2.42,59.23,0
2018-01-22 07:00:00,9.97,31.71,93.4,152.33,24.61,76.4,1006.41,18.76,79.49,0
2018-01-22 08:00:00,1.5,38.88,83.61,149.71,33.29,97.82,1011.06,0.68,58.37,0
2018-01-22 09:00:00,9.14,26.24,50.52,271.14,23.5,58.96,1015.37,6.87,59.89,0
2018-01-22 10:00:00,1.97,12.91,45.23,64.08,26.3,70.33,1010.85,5.2,35.65,0
2018-01-22 11:00:00,2.64,12.32,22.15,148.33,27.54,43.87,1019.33,4.16,33.13,0
2018-01-22 12:00:00,1.49,12.42,61.64,152.23,31.19,62.39,1006.28,14.66,66.71,0
2018-01-22 13:00:00,0.94,57.32,170.99,239.44,32.02,91.73,1013.79,14.14,94.62,0
2018-01-22 14:00:00,5.39,24.28,82.72,128.39,24.35,63.7,1005.88,5.2,72.46,1
2018-01-22 15:00:00,0.73,16.11,39.58,204.89,18.8,62.51,1014.0,4.11,33.31,0
2018-01-22 16:00:00,5.61,30.36,55.54,292.92,35.04,67.26,1012.11,1.23,60.25,1
2018-01-22 17:00:00,5.44,17.0,77.09,142.56,15.62,70.48,1016.18,6.1,48.9,1
2018-01-22 18:00:00,4.12,40.17,51.5,170.06,30.23,42.22,1018.56,11.32,62.91,0
2018-01-22 19:00:00,2.92,22.99,41.91,157.59,27.74,84.97,1006.45,11.18,0.0,0
2018-01-22 20:00:00,2.31,13.02,33.25,154.5,29.44,49.9,1000.29,11.46,22.49,0
2018-01-22 21:00:00,1.25,10.22,16.42,47.61,29.7,49.91,1011.36,6.91,58.96,0
2018-01-22 22:00:00,15.99,18.47,61.21,216.38,26.69,49.79,1012.8,20.61,61.82,0
2018-01-22 23:00:00,3.93,30.85,54.59,78.09,27.54,54.54,1011.02,21.69,34.82,0
2018-01-23 00:00:00,3.79,7.29,31.19,145.93,29.83,59.9,1026.45,15.36,20.6,0
2018-01-23 01:00:00,1.59,36.24,71.44,247.92,29.47,77.7,1013.21,8.42,51.4,0
2018-01-23 02:00:00,14.65,21.2,29.64,86.05,12.71,53.89,1014.66,14.57,33.78,0
2018-01-23 03:00:00,2.49,9.8,40.01,129.21,27.62,63.2,1005.09,3.36,38.25,0
2018-01-23 04:00:00,6.13,53.4,61.7,191.93,32.4,68.95,1008.09,13.39,71.71,0
2018-01-23 05:00:00,7.29,32.78,75.46,143.07,24.03,56.93,1012.73,17.35,92.83,1
2018-01-23 06:00:00,5.4,20.47,85.78,128.19,30.54,51.45,1011.56,11.13,64.86,0
2018-01-23 07:00:00,0.7,44.98,94.04,214.67,33.62,61.87,1010.04,7.14,76.17,0
2018-01-23 08:00:00,8.81,21.78,42.25,78.38,28.51,75.47,1017.82,8.98,38.08,0
2018-01-23 09:00:00,2.46,11.83,57.36,73.16,28.68,56.78,1007.6,8.87,36.68,0
2018-01-23 10:00:00,9.89,26.06,52.48,138.76,20.54,56.53,1013.27,1.25,59.28,0
2018-01-23 11:00:00,4.51,32.74,66.65,134.52,27.49,69.8,1007.41,4.13,57.65,0
2018-01-23 12:00:00,7.69,12.08,55.88,177.64,30.74,70.76,1025.26,8.52,69.2,0
2018-01-23 13:00:00,13.87,21.04,22.64,113.31,25.6,46.94,1008.41,7.1,21.7,0
2018-01-23 14:00:00,8.52,14.16,20.95,281.8,25.88,65.43,1022.68,3.54,30.95,1
2018-01-23 15:00:00,7.86,12.65,40.49,209.52,30.85,66.47,1010.38,14.29,20.23,0
2018-01-23 16:00:00,9.16,21.08,38.04,135.48,29.96,55.31,1008.45,14.41,40.77,0
2018-01-23 17:00:00,1.88,6.57,37.43,194.14,30.56,42.24,1011.52,2.98,45.13,1
2018-01-23 18:00:00,10.25,12.38,47.05,232.06,19.37,70.64,1005.66,5.99,36.18,0
2018-01-23 19:00:00,3.62,10.73,31.34,216.34,30.33,63.35,1007.33,4.92,38.52,0
2018-01-23 20:00:00,3.75,10.45,35.1,74.1,19.19,62.33,1019.97,5.78,43.7,0
2018-01-23 21:00:00,5.23,24.47,38.43,84.04,26.52,47.23,1013.95,21.23,13.94,0
2018-01-23 22:00:00,3.27,29.78,67.47,272.9,38.66,89.02,1015.28,7.77,37.68,1
2018-01-23 23:00:00,1.42,9.54,62.59,150.76,31.12,55.28,1008.5,8.52,52.47,0
2018-01-24 00:00:00,4.85,12.09,20.81,112.68,29.8,52.41,1015.77,4.87,23.2,0
2018-01-24 01:00:00,3.76,49.27,100.55,212.33,23.4,81.97,1010.2,5.22,90.78,1
2018-01-24 02:00:00,3.62,29.47,70.58,145.69,36.48,67.82,1007.0,25.42,65.08,0
2018-01-24 03:00:00,4.37,22.06,70.83,288.62,29.71,68.89,1026.43,20.5,61.39,1
2018-01-24 04:00:00,3.65,14.1,80.4,183.18,15.24,56.63,1003.24,12.79,73.8,1
2018-01-24 05:00:00,15.3,40.74,61.37,208.31,24.26,52.44,1011.29,32.98,63.99,0
2018-01-24 06:00:00,14.34,19.52,79.53,143.47,29.51,72.39,1013.03,5.23,53.65,0
2018-01-24 07:00:00,5.02,31.27,98.28,169.05,26.76,67.87,1011.12,5.95,82.61,0
2018-01-24 08:00:00,4.85,24.78,34.52,79.02,33.96,79.51,1009.58,11.3,64.93,0
2018-01-24 09:00:00,0.05,22.78,57.54,193.1,21.79,52.95,1007.78,10.49,63.19,1
2018-01-24 10:00:00,2.62,17.83,51.64,130.27,28.96,59.61,1012.95,10.76,43.37,0
2018-01-24 11:00:00,9.08,12.9,82.58,218.29,24.55,71.15,1006.46,14.06,36.27,1
2018-01-24 12:00:00,3.18,8.51,141.76,269.26,28.87,75.48,1013.85,4.7,76.97,0
2018-01-24 13:00:00,11.87,32.59,81.73,123.09,24.98,61.2,1011.34,7.13,67.2,0
2018-01-24 14:00:00,11.28,30.47,132.63,205.25,28.33,79.07,1007.51,1.93,79.61,1
2018-01-24 15:00:00,2.57,11.44,29.2,66.99,36.3,79.96,1012.61,6.67,17.37,0
2018-01-24 16:00:00,5.4,14.12,60.25,102.21,19.31,58.85,1013.56,22.14,65.04,1
2018-01-24 17:00:00,16.29,47.62,77.99,113.16,39.32,52.37,1016.91,2.08,80.19,1
2018-01-24 18:00:00,0.68,14.41,57.68,105.0,45.0,70.41,1013.03,8.03,35.73,0
2018-01-24 19:00:00,3.26,10.04,59.74,113.58,25.24,61.64,1011.97,16.89,75.8,0
2018-01-24 20:00:00,0.57,35.39,90.8,387.09,35.69,60.58,1014.42,29.28,61.08,0
2018-01-24 21:00:00,1.72,34.36,59.32,126.73,32.93,71.45,1003.84,2.87,55.46,0
2018-01-24 22:00:00,20.2,33.92,62.37,203.19,32.23,70.52,1008.14,2.99,28.22,0
2018-01-24 23:00:00,3.26,19.22,71.75,188.74,23.81,60.68,1009.76,6.98,72.27,0
2018-01-25 00:00:00,0.21,26.12,65.36,167.68,22.8,49.71,1006.37,3.47,31.93,0
2018-01-25 01:00:00,1.4,23.19,42.38,194.29,25.37,71.43,1015.18,11.02,20.21,0
2018-01-25 02:00:00,0.46,4.14,33.17,130.71,25.66,53.76,1012.01,15.7,40.82,0
2018-01-25 03:00:00,5.6,41.21,104.06,148.63,21.24,76.02,1003.74,6.58,53.17,0
2018-01-25 04:00:00,7.19,10.15,25.25,135.06,23.67,57.86,1005.94,6.39,31.39,0
2018-01-25 05:00:00,10.37,29.42,60.68,187.94,33.54,70.66,1010.86,6.35,32.62,0
2018-01-25 06:00:00,8.66,13.2,24.17,61.29,36.5,61.39,1015.47,7.01,47.61,0
2018-01-25 07:00:00,0.73,22.49,88.96,185.57,23.01,83.86,1010.36,6.94,81.0,0
2018-01-25 08:00:00,6.86,14.33,151.85,299.2,41.42,88.66,1020.71,10.3,90.72,1
2018-01-25 09:00:00,4.17,12.1,90.16,101.14,20.11,51.31,1008.9,12.5,79.59,1
2018-01-25 10:00:00,11.67,36.55,58.24,141.32,21.48,61.71,1008.06,3.02,40.37,0
2018-01-25 11:00:00,9.54,14.08,35.68,278.24,17.62,62.68,1018.32,13.67,51.61,0
2018-01-25 12:00:00,22.3,31.16,95.34,150.97,18.06,67.98,1011.31,10.66,74.17,0
2018-01-25 13:00:00,1.56,6.27,65.35,134.15,34.28,78.47,1017.42,3.26,74.69,0
2018-01-25 14:00:00,1.27,16.36,101.72,214.61,25.35,77.77,1016.6,12.91,66.06,0
2018-01-25 15:00:00,2.82,7.44,39.85,98.44,27.74,43.09,1009.87,5.62,40.32,0
2018-01-25 16:00:00,4.35,22.23,35.56,93.15,26.0,57.64,1008.82,10.23,45.63,0
2018-01-25 17:00:00,2.22,34.57,67.53,243.54,20.61,67.34,1014.3,15.06,80.28,0
2018-01-25 18:00:00,1.67,3.22,32.76,102.27,18.18,52.86,1007.81,13.19,39.01,0
2018-01-25 19:00:00,6.45,13.95,133.58,281.79,15.43,85.8,1005.98,7.43,78.6,0
2018-01-25 20:00:00,2.81,7.95,58.11,98.7,25.94,70.96,1001.31,18.64,25.64,0
2018-01-25 21:00:00,2.11,5.85,12.68,81.03,29.74,61.12,1011.82,8.69,22.47,0
2018-01-25 22:00:00,0.73,18.26,69.72,136.03,22.12,74.81,1017.96,11.13,57.93,0
2018-01-25 23:00:00,0.06,16.1,82.99,152.69,14.79,83.29,1010.27,5.33,33.67,0
2018-01-26 00:00:00,14.71,50.17,110.46,151.21,32.31,83.14,1000.89,8.3,81.0,0
2018-01-26 01:00:00,14.36,37.38,95.37,158.63,33.05,80.22,1020.01,6.06,84.12,1
2018-01-26 02:00:00,9.79,24.08,62.83,145.26,19.41,66.12,1007.57,10.83,33.51,0
2018-01-26 03:00:00,7.89,24.84,53.34,73.88,20.53,58.8,1011.38,8.12,39.05,0
2018-01-26 04:00:00,2.52,11.36,24.02,80.61,31.4,79.78,1013.84,4.83,0.0,0
2018-01-26 05:00:00,8.19,25.55,114.59,226.75,16.45,79.77,1013.33,3.62,75.0,1
2018-01-26 06:00:00,1.15,4.15,51.3,101.52,19.54,54.59,1013.58,7.22,37.97,0
2018-01-26 07:00:00,5.27,17.52,39.59,134.12,35.15,61.35,1010.92,5.4,54.31,0
2018-01-26 08:00:00,1.89,21.36,57.22,104.9,24.21,61.8,1010.94,3.41,49.04,0
2018-01-26 09:00:00,8.22,19.95,32.71,110.62,27.35,69.16,1008.37,1.94,44.98,0
2018-01-26 10:00:00,17.18,24.95,60.58,76.18,20.63,62.77,1005.69,17.51,65.31,0
2018-01-26 11:00:00,1.39,16.19,89.38,199.57,33.44,55.68,1008.35,2.73,100.0,0
2018-01-26 12:00:00,2.66,9.43,61.04,118.66,26.67,71.84,1018.62,17.1,55.41,0
2018-01-26 13:00:00,5.18,16.35,81.75,219.66,32.7,64.38,1004.83,9.07,50.22,0
2018-01-26 14:00:00,0.28,24.91,87.16,159.69,24.19,47.62,1003.34,1.81,53.81,0
2018-01-26 15:00:00,0.51,26.25,70.74,131.92,20.78,76.8,1011.42,8.48,64.39,0
2018-01-26 16:00:00,16.78,33.08,63.0,115.12,26.41,53.22,1015.91,4.76,62.57,0
2018-01-26 17:00:00,6.47,12.08,37.41,94.67,22.4,51.84,1008.33,15.86,44.71,0
2018-01-26 18:00:00,2.36,12.66,97.74,153.52,24.19,73.39,1004.71,21.21,63.13,0
2018-01-26 19:00:00,4.65,19.65,67.94,114.97,22.36,68.63,1012.46,10.66,78.75,1
2018-01-26 20:00:00,2.83,10.27,56.16,106.12,20.05,59.68,1011.88,19.99,49.56,0
2018-01-26 21:00:00,5.33,47.44,95.54,328.49,31.31,75.85,1017.25,14.32,58.89,1
2018-01-26 22:00:00,2.95,10.54,37.81,111.74,29.64,70.19,1017.7,6.22,60.61,0
2018-01-26 23:00:00,4.29,18.52,62.55,83.42,21.5,57.05,1004.49,8.41,82.1,0
2018-01-27 00:00:00,8.87,35.76,56.19,77.16,36.84,65.84,1005.87,7.38,75.15,0
2018-01-27 01:00:00,8.38,46.0,69.67,306.18,22.95,68.84,996.61,12.46,39.09,1
2018-01-27 02:00:00,16.03,21.53,74.58,146.58,31.66,80.39,1011.36,11.35,88.23,0
2018-01-27 03:00:00,6.91,10.01,57.15,92.03,12.61,67.4,1007.17,5.17,43.69,0
2018-01-27 04:00:00,4.95,21.1,75.27,222.98,25.41,50.09,1020.28,0.4,50.98,1
2018-01-27 05:00:00,17.97,63.48,122.82,173.74,16.8,100.0,1006.2,31.7,92.47,1
2018-01-27 06:00:00,3.84,7.49,34.98,115.42,22.25,62.35,1010.12,4.95,34.5,0
2018-01-27 07:00:00,0.09,10.71,44.55,133.48,29.29,65.5,1007.93,2.41,35.43,0
2018-01-27 08:00:00,9.9,27.1,78.6,115.56,28.65,68.0,1010.7,12.24,56.32,0
2018-01-27 09:00:00,6.17,20.9,39.49,91.28,22.81,64.75,1018.37,2.79,43.6,0
2018-01-27 10:00:00,4.72,23.96,25.89,146.95,27.27,63.82,1001.56,11.62,27.86,0
2018-01-27 11:00:00,10.12,44.15,52.72,230.03,28.71,72.12,1016.75,6.02,60.14,0
2018-01-27 12:00:00,2.98,30.25,53.22,182.1,23.52,62.93,1001.33,5.36,46.58,0
2018-01-27 13:00:00,0.1,10.54,38.35,136.59,30.75,37.91,1010.18,8.63,28.12,0
2018-01-27 14:00:00,10.29,13.89,56.75,117.67,27.79,60.7,1005.59,7.5,32.89,0
2018-01-27 15:00:00,2.26,30.97,98.55,204.86,24.05,70.47,1004.39,27.56,80.48,0
2018-01-27 16:00:00,1.47,12.07,41.09,159.69,37.09,55.38,1004.62,15.1,44.3,0
2018-01-27 17:00:00,9.57,24.15,45.77,220.2,24.84,52.23,1013.35,1.94,51.38,0
2018-01-27 18:00:00,13.78,39.12,51.81,129.85,21.13,59.37,1008.94,2.18,49.63,0
2018-01-27 19:00:00,3.32,31.42,51.19,335.43,32.46,72.61,1013.87,8.0,54.64,1
2018-01-27 20:00:00,9.97,34.29,53.82,194.76,30.47,67.67,1014.4,3.4,39.0,0
2018-01-27 21:00:00,7.1,47.66,84.78,157.74,15.87,56.56,1008.64,6.06,63.74,1
2018-01-27 22:00:00,20.65,34.03,53.64,210.91,16.16,46.95,1014.39,6.94,73.81,0
2018-01-27 23:00:00,6.93,14.93,41.72,104.38,29.66,44.67,1011.9,11.76,46.98,0
2018-01-28 00:00:00,13.36,19.47,44.25,95.5,23.15,65.21,1009.05,7.64,60.63,0
2018-01-28 01:00:00,2.57,10.97,45.44,66.84,28.7,47.9,1015.98,5.64,25.2,0
2018-01-28 02:00:00,0.5,9.19,58.9,288.98,24.85,64.52,1018.31,10.1,44.67,0
2018-01-28 03:00:00,11.32,27.65,71.63,132.85,29.94,74.19,1016.78,6.4,47.47,0
2018-01-28 04:00:00,0.47,21.16,38.0,155.64,31.19,65.56,1003.16,8.57,22.76,0
2018-01-28 05:00:00,9.48,14.8,37.34,179.51,16.7,58.01,1012.01,1.75,39.67,0
2018-01-28 06:00:00,1.24,26.63,82.66,145.51,21.5,85.18,1016.62,10.45,58.33,0
2018-01-28 07:00:00,6.29,33.41,98.33,165.33,35.81,66.33,1003.42,14.15,71.05,1
2018-01-28 08:00:00,20.95,42.0,53.2,74.15,29.46,65.65,1010.66,3.92,50.45,0
2018-01-28 09:00:00,8.84,18.29,28.18,66.73,30.86,55.96,1008.26,9.82,29.38,0
2018-01-28 10:00:00,3.86,37.05,123.85,150.51,39.81,75.04,1010.01,3.35,94.83,1
2018-01-28 11:00:00,7.26,20.45,33.27,298.35,33.58,68.92,1026.44,3.03,52.02,0
2018-01-28 12:00:00,2.68,9.84,28.23,98.43,27.69,66.26,1011.97,13.74,7.97,0
2018-01-28 13:00:00,27.4,32.68,59.99,109.86,20.86,47.36,1010.06,20.76,46.1,0
2018-01-28 14:00:00,2.05,17.4,35.23,94.48,34.59,50.76,1022.89,6.4,51.61,0
2018-01-28 15:00:00,4.32,13.91,32.58,112.38,34.74,68.84,1012.85,5.78,27.39,0
2018-01-28 16:00:00,8.16,12.17,30.9,75.64,28.73,47.17,1008.78,5.66,60.36,0
2018-01-28 17:00:00,6.78,9.7,46.76,162.19,38.21,52.96,1003.11,6.27,69.85,0
2018-01-28 18:00:00,7.51,24.63,32.78,175.03,29.56,64.04,1017.28,11.05,22.81,0
2018-01-28 19:00:00,2.74,6.17,62.22,133.39,28.36,75.62,1004.88,4.12,47.95,0
2018-01-28 20:00:00,3.69,4.7,14.61,67.71,34.6,65.79,1011.49,11.0,33.45,0
2018-01-28 21:00:00,10.88,38.28,118.9,181.01,30.72,59.99,1010.98,8.39,100.0,0
2018-01-28 22:00:00,10.43,16.35,39.57,79.23,32.2,59.1,1014.79,4.86,48.81,0
2018-01-28 23:00:00,6.93,26.08,47.78,115.33,16.17,59.49,1003.11,7.41,50.7,0
2018-01-29 00:00:00,14.75,29.86,36.42,159.24,29.98,55.24,1006.32,8.58,43.62,0
2018-01-29 01:00:00,11.25,19.1,25.0,225.54,25.25,43.44,1013.22,2.49,40.66,0
2018-01-29 02:00:00,10.16,45.91,77.61,175.73,24.89,82.34,1002.35,5.74,63.14,0
2018-01-29 03:00:00,0.46,21.85,28.3,149.39,26.69,58.64,1015.41,4.36,35.94,0
2018-01-29 04:00:00,6.86,19.43,37.56,109.66,24.17,51.69,1005.01,31.29,38.0,0
2018-01-29 05:00:00,5.76,12.19,60.15,211.51,31.94,69.11,1009.41,6.83,52.42,0
2018-01-29 06:00:00,16.3,36.49,72.87,119.32,21.34,66.11,1007.89,6.18,56.98,0
2018-01-29 07:00:00,4.07,26.55,52.07,83.49,18.02,72.45,1015.12,11.14,69.71,0
2018-01-29 08:00:00,5.31,19.4,53.26,123.0,27.16,59.36,1008.5,14.11,59.9,0
2018-01-29 09:00:00,1.22,14.04,62.77,168.12,35.31,61.64,1014.33,2.08,54.69,0
2018-01-29 10:00:00,1.58,22.93,45.68,75.52,25.07,63.19,1017.13,6.08,74.3,0
2018-01-29 11:00:00,16.34,28.68,83.7,305.67,26.5,76.68,1009.84,7.97,38.54,0
2018-01-29 12:00:00,7.48,14.53,46.2,86.66,26.38,53.24,1012.58,5.37,39.97,0
2018-01-29 13:00:00,20.99,24.68,87.87,145.97,41.81,56.56,1006.42,3.68,68.96,0
2018-01-29 14:00:00,3.99,16.41,50.04,155.57,33.16,68.86,1005.69,1.67,46.45,0
2018-01-29 15:00:00,0.69,4.27,14.23,110.31,24.68,60.14,1006.04,17.16,36.39,0
2018-01-29 16:00:00,3.41,26.09,43.88,198.27,26.84,63.17,1011.95,6.0,53.64,1
2018-01-29 17:00:00,2.8,15.21,45.9,170.89,23.65,63.86,1008.5,16.05,50.62,0
2018-01-29 18:00:00,9.12,34.27,167.7,209.08,38.23,85.27,1009.22,13.84,95.47,1
2018-01-29 19:00:00,8.8,24.77,41.51,101.14,19.52,75.75,1010.05,1.36,57.23,0
2018-01-29 20:00:00,7.82,27.03,140.61,252.17,22.6,82.19,1005.54,4.95,89.02,0
2018-01-29 21:00:00,14.06,21.68,80.32,152.08,32.86,67.3,1009.19,11.47,64.11,1
2018-01-29 22:00:00,1.74,13.52,73.93,114.6,37.34,57.73,999.75,6.41,67.36,0
2018-01-29 23:00:00,11.56,27.38,76.24,91.84,27.89,64.67,1014.9,2.18,27.17,1
2018-01-30 00:00:00,4.97,19.47,126.78,303.33,26.47,83.17,1006.74,13.26,85.6,0
2018-01-30 01:00:00,3.88,17.9,36.93,94.51,28.19,68.87,1009.72,1.14,9.69,0
2018-01-30 02:00:00,15.51,20.73,78.1,188.87,28.4,54.24,1018.2,3.7,60.38,0
2018-01-30 03:00:00,1.59,3.77,15.44,58.35,39.54,66.45,1010.84,4.45,0.0,0
2018-01-30 04:00:00,10.92,15.8,34.98,133.67,30.4,59.9,1014.69,7.29,56.4,1
2018-01-30 05:00:00,9.5,10.17,61.51,80.02,25.96,89.41,1000.98,13.81,45.53,1
2018-01-30 06:00:00,1.55,4.11,65.42,107.84,30.19,78.75,1007.51,21.01,45.4,0
2018-01-30 07:00:00,0.43,17.09,59.73,123.58,33.15,63.71,1016.65,6.52,85.01,0
2018-01-30 08:00:00,4.43,15.05,20.47,66.98,22.79,46.77,1016.62,7.27,28.02,0
2018-01-30 09:00:00,0.93,7.61,23.98,75.57,29.4,48.74,1015.51,22.55,45.35,0
2018-01-30 10:00:00,2.25,12.7,22.68,150.67,28.13,53.46,1008.14,9.15,15.0,0
2018-01-30 11:00:00,0.71,2.39,31.78,89.01,21.67,78.38,1013.02,26.01,21.62,0
2018-01-30 12:00:00,4.16,16.34,26.15,62.93,25.67,56.29,1010.12,10.16,31.77,0
2018-01-30 13:00:00,27.65,31.63,51.39,109.37,25.34,66.08,1012.92,14.07,38.04,0
2018-01-30 14:00:00,3.48,33.5,52.84,67.91,25.26,62.73,1015.56,1.33,39.48,0
2018-01-30 15:00:00,3.4,23.25,94.51,160.19,38.29,69.7,1010.66,7.89,69.04,0
2018-01-30 16:00:00,4.33,22.98,43.99,106.1,28.11,58.36,1016.7,19.34,32.16,1
2018-01-30 17:00:00,16.23,30.53,141.88,207.32,29.91,94.79,1013.58,2.03,73.27,1
2018-01-30 18:00:00,27.24,48.32,71.73,99.15,31.61,76.18,1004.56,6.14,64.67,0
2018-01-30 19:00:00,19.99,32.22,78.81,168.38,27.64,54.53,1000.55,12.68,61.3,0
2018-01-30 20:00:00,11.28,17.8,56.1,125.18,25.55,48.18,1016.18,10.29,41.65,0
2018-01-30 21:00:00,1.73,20.61,55.03,228.29,36.2,72.66,1011.47,13.53,74.92,0
2018-01-30 22:00:00,11.5,37.63,95.53,229.97,36.24,82.6,1016.71,18.73,82.43,1
2018-01-30 23:00:00,0.87,6.37,37.36,80.69,32.99,52.12,1013.42,22.39,33.0,0
2018-01-31 00:00:00,0.66,3.62,23.37,65.56,27.39,54.55,1020.15,12.74,28.01,0
2018-01-31 01:00:00,5.39,48.45,100.15,237.31,29.93,83.68,1013.32,3.08,39.88,0
2018-01-31 02:00:00,4.77,37.41,51.43,89.3,23.53,70.31,1013.16,13.15,33.15,0
2018-01-31 03:00:00,3.95,17.21,41.46,81.44,28.54,62.18,1009.55,6.04,46.38,0
2018-01-31 04:00:00,3.16,4.39,62.19,156.31,21.53,71.62,1008.2,7.97,76.16,0
2018-01-31 05:00:00,7.4,23.28,52.03,103.35,32.38,61.6,1002.27,8.62,37.05,0
2018-01-31 06:00:00,5.42,63.88,107.7,202.35,37.05,70.07,1012.37,20.61,73.07,0
2018-01-31 07:00:00,9.75,30.71,69.71,89.53,21.8,77.96,1006.41,15.96,57.82,0
2018-01-31 08:00:00,10.56,30.29,51.07,108.75,37.65,57.31,1009.84,2.49,50.88,0
2018-01-31 09:00:00,6.63,19.15,48.7,194.36,31.45,58.84,1011.09,8.74,29.28,0
2018-01-31 10:00:00,2.39,20.86,34.31,75.68,23.72,77.93,1009.02,7.0,19.59,0
2018-01-31 11:00:00,2.37,23.26,87.54,140.41,29.41,61.94,1010.83,7.11,100.0,0
2018-01-31 12:00:00,3.3,18.2,43.07,107.66,36.46,79.19,999.24,9.64,19.24,0
2018-01-31 13:00:00,6.6,17.75,85.22,139.98,34.81,71.89,1010.13,10.63,86.03,1
2018-01-31 14:00:00,9.25,24.34,51.99,71.83,34.65,64.19,1014.48,2.01,54.1,0
2018-01-31 15:00:00,2.55,17.12,63.22,201.84,25.95,71.37,1001.88,2.6,53.1,0
2018-01-31 16:00:00,14.71,16.27,29.89,97.92,22.84,68.55,1008.41,12.55,40.04,0
2018-01-31 17:00:00,3.87,55.09,116.06,215.32,27.99,89.3,1015.93,18.74,100.0,1
2018-01-31 18:00:00,22.8,42.55,71.13,222.71,28.66,65.34,1010.01,7.51,60.1,0
2018-01-31 19:00:00,5.17,34.4,56.42,108.94,26.82,69.39,1007.39,5.79,58.36,0
2018-01-31 20:00:00,10.71,27.0,39.24,129.84,24.64,57.38,1015.45,6.93,66.56,0
2018-01-31 21:00:00,0.38,8.96,160.08,165.74,22.45,78.13,1001.63,11.86,100.0,0
2018-01-31 22:00:00,2.1,27.17,37.47,47.97,31.91,62.74,1006.37,10.23,14.86,0
2018-01-31 23:00:00,3.44,6.21,115.52,189.66,24.11,82.93,1004.11,16.13,58.04,0
2018-02-01 00:00:00,0.9,21.22,109.28,133.67,32.43,65.23,1016.19,1.37,83.34,0
2018-02-01 01:00:00,3.77,28.64,38.34,139.01,26.35,45.71,1006.37,13.47,28.73,0
2018-02-01 02:00:00,3.03,15.38,46.0,158.86,27.47,52.83,1010.99,16.23,47.82,0
2018-02-01 03:00:00,13.44,32.38,60.99,106.82,21.52,60.96,1016.71,5.05,58.56,0
2018-02-01 04:00:00,0.1,1.69,33.02,140.94,30.21,73.58,1006.65,2.5,64.12,0
2018-02-01 05:00:00,8.11,27.65,66.55,127.41,26.48,58.32,1001.64,13.12,51.14,0
2018-02-01 06:00:00,11.44,21.4,89.63,256.6,22.08,75.87,1020.68,7.73,66.16,0
2018-02-01 07:00:00,22.96,41.97,53.76,83.02,26.74,75.79,1011.78,9.93,32.17,0
2018-02-01 08:00:00,9.53,22.3,51.1,118.81,23.26,56.26,1007.89,20.86,46.34,0
2018-02-01 09:00:00,1.55,14.2,36.41,123.38,19.33,74.92,1010.89,10.63,22.82,0
2018-02-01 10:00:00,3.66,23.09,43.41,166.81,32.15,68.35,1015.3,0.84,51.27,0
2018-02-01 11:00:00,6.09,16.46,48.79,166.15,21.69,53.87,1003.29,6.12,40.33,0
2018-02-01 12:00:00,15.12,27.4,54.05,109.91,30.5,60.56,1008.67,27.56,44.65,0
2018-02-01 13:00:00,0.3,44.6,47.52,109.96,40.57,55.39,1015.43,11.72,57.61,0
2018-02-01 14:00:00,8.08,38.64,77.97,118.35,22.83,66.21,1017.8,18.57,62.42,0
2018-02-01 15:00:00,0.5,11.64,17.06,172.89,30.56,61.79,1019.88,7.57,41.19,0
2018-02-01 16:00:00,2.5,15.46,78.79,275.8,25.77,62.4,1010.79,10.28,52.84,1
2018-02-01 17:00:00,0.73,8.82,43.69,60.78,29.37,66.29,1019.19,4.61,55.38,0
2018-02-01 18:00:00,2.06,12.05,37.05,172.69,18.26,63.17,1002.97,2.64,23.77,0
2018-02-01 19:00:00,10.0,20.38,29.72,142.71,30.25,49.46,1012.7,6.83,49.11,1
2018-02-01 20:00:00,3.15,17.52,57.7,66.76,28.58,68.86,997.51,6.58,41.16,0
2018-02-01 21:00:00,1.83,3.68,34.37,163.19,41.26,71.67,1019.09,2.93,21.66,0
2018-02-01 22:00:00,1.53,11.3,43.58,215.7,16.76,60.19,1013.72,10.38,46.09,0
2018-02-01 23:00:00,1.07,9.58,45.22,166.29,25.34,70.24,1020.46,4.38,68.89,0
2018-02-02 00:00:00,9.38,42.7,91.46,129.66,30.51,60.98,1006.7,10.52,70.27,1
2018-02-02 01:00:00,4.96,17.81,57.03,275.03,32.84,80.41,1004.11,1.87,51.62,0
2018-02-02 02:00:00,6.71,22.55,106.45,247.22,27.32,79.98,1013.32,4.87,57.96,1
2018-02-02 03:00:00,0.63,10.18,58.84,98.8,34.95,72.4,1010.1,37.95,91.13,0
2018-02-02 04:00:00,4.98,17.91,56.45,159.18,28.35,58.32,1016.59,2.49,32.35,0
2018-02-02 05:00:00,0.07,10.07,43.34,142.11,28.75,69.64,1015.45,7.2,47.79,0
2018-02-02 06:00:00,13.36,27.88,42.83,71.29,18.47,66.62,1009.94,6.13,47.92,0
2018-02-02 07:00:00,8.07,26.98,35.11,116.13,31.22,68.53,1011.61,20.35,37.02,0
2018-02-02 08:00:00,4.27,8.42,10.7,106.16,36.34,69.71,1011.43,3.6,33.83,0
2018-02-02 09:00:00,0.04,20.87,67.7,121.63,22.55,62.11,1010.77,14.66,69.1,0
2018-02-02 10:00:00,1.43,7.44,38.52,222.5,25.57,74.72,1009.08,6.67,12.84,0
2018-02-02 11:00:00,0.72,46.06,95.63,160.59,20.21,79.64,1012.71,18.14,97.47,0
2018-02-02 12:00:00,4.03,18.33,98.56,206.76,30.55,60.83,1000.84,11.24,62.26,1
2018-02-02 13:00:00,6.94,22.62,51.52,129.92,27.11,80.63,1001.49,12.66,41.68,0
2018-02-02 14:00:00,6.59,22.73,32.67,78.21,32.46,55.46,1009.59,7.39,25.92,0
2018-02-02 15:00:00,17.48,31.11,90.79,181.84,27.58,73.28,1006.65,0.72,52.64,0
2018-02-02 16:00:00,4.57,12.02,39.0,111.48,27.47,64.39,1008.99,9.72,60.38,0
2018-02-02 17:00:00,14.1,29.81,49.47,265.19,27.66,54.27,1017.46,24.78,42.49,1
2018-02-02 18:00:00,3.45,18.52,36.91,173.61,28.93,70.24,1012.34,24.09,52.96,0
2018-02-02 19:00:00,7.79,14.51,61.0,83.41,28.13,61.55,1014.73,10.55,66.84,0
2018-02-02 20:00:00,3.84,8.04,54.02,98.24,30.34,51.93,1013.7,6.46,72.1,0
2018-02-02 21:00:00,6.39,31.35,100.73,140.2,35.85,64.89,1017.01,6.57,55.97,0
2018-02-02 22:00:00,4.63,14.39,27.06,35.93,33.36,41.7,1008.84,11.91,25.94,0
2018-02-02 23:00:00,2.21,13.87,26.36,140.99,37.66,46.37,1014.94,19.62,41.24,0
2018-02-03 00:00:00,6.61,21.72,57.83,158.71,21.57,75.27,1009.88,6.76,66.93,0
2018-02-03 01:00:00,8.26,15.55,54.63,88.22,23.84,49.48,1005.52,7.94,35.71,1
2018-02-03 02:00:00,9.63,26.33,89.57,124.2,34.1,74.52,1003.76,14.45,52.63,0
2018-02-03 03:00:00,5.84,17.93,84.22,98.32,22.44,64.3,1008.93,17.59,76.02,0
2018-02-03 04:00:00,0.04,13.0,48.08,89.85,36.91,74.42,1016.58,12.93,47.19,0
2018-02-03 05:00:00,6.92,35.27,104.43,202.3,25.19,73.55,1006.41,1.55,66.82,0
2018-02-03 06:00:00,0.97,15.69,45.88,277.13,27.2,51.18,1008.85,1.8,23.28,0
2018-02-03 07:00:00,5.59,16.82,47.31,70.45,25.95,69.32,1007.86,6.01,30.32,0
2018-02-03 08:00:00,6.36,11.93,38.26,130.48,28.07,58.02,1005.64,4.9,49.83,0
2018-02-03 09:00:00,0.31,16.39,28.37,279.88,37.12,66.76,1009.57,4.35,52.03,0
2018-02-03 10:00:00,4.87,29.14,36.77,105.03,35.25,64.82,1017.36,20.45,55.81,1
2018-02-03 11:00:00,0.61,11.99,47.6,114.71,38.77,52.96,1012.64,7.68,31.56,0
2018-02-03 12:00:00,0.03,24.16,84.6,161.75,40.55,68.88,1007.17,5.7,82.98,0
2018-02-03 13:00:00,0.58,16.82,35.8,106.72,25.48,55.68,1009.84,16.41,58.88,0
2018-02-03 14:00:00,4.27,18.15,83.71,202.07,22.44,67.43,1011.73,12.62,71.65,0
2018-02-03 15:00:00,4.01,21.68,99.73,399.76,28.9,71.51,1006.48,3.05,76.79,0
2018-02-03 16:00:00,2.75,7.1,31.31,76.72,29.79,44.64,1016.34,13.82,46.22,0
2018-02-03 17:00:00,7.98,17.86,23.82,50.71,19.9,62.21,1018.36,7.3,9.68,0
2018-02-03 18:00:00,3.76,13.94,40.17,75.61,32.37,58.86,1005.81,6.27,15.39,0
2018-02-03 19:00:00,7.01,18.76,32.22,156.43,22.28,47.97,1010.35,15.86,36.45,0
2018-02-03 20:00:00,9.55,50.12,110.83,197.03,25.75,63.25,1011.12,11.64,78.8,1
2018-02-03 21:00:00,28.62,42.84,79.69,217.38,32.09,51.89,1016.72,15.78,19.42,0
2018-02-03 22:00:00,4.35,8.09,13.97,31.13,30.61,76.94,999.46,15.46,30.79,0
2018-02-03 23:00:00,13.37,21.47,65.33,130.62,28.41,66.35,1007.52,12.74,70.36,0
2018-02-04 00:00:00,6.02,18.99,82.42,198.21,29.33,73.47,997.37,3.4,85.49,0
2018-02-04 01:00:00,6.36,21.03,54.67,71.37,31.61,79.16,1014.87,22.91,54.94,0
2018-02-04 02:00:00,4.41,5.03,27.34,118.99,24.69,87.15,1012.05,6.58,27.11,0
2018-02-04 03:00:00,5.53,24.31,65.94,132.92,29.8,59.69,1015.82,1.77,74.33,0
2018-02-04 04:00:00,3.8,23.15,112.65,310.14,27.98,69.98,1007.86,16.87,99.73,0
2018-02-04 05:00:00,11.5,16.85,87.19,112.09,28.76,60.55,1008.8,5.45,70.66,0
2018-02-04 06:00:00,2.07,25.87,36.48,181.51,34.37,59.97,1013.51,18.48,50.6,0
2018-02-04 07:00:00,0.57,11.89,48.42,103.6,29.58,45.56,1011.7,8.49,57.5,0
2018-02-04 08:00:00,2.64,8.93,22.89,39.05,35.83,72.12,1009.56,13.66,64.19,0
2018-02-04 09:00:00,2.32,7.33,29.25,76.71,25.28,65.2,1016.34,16.35,0.0,0
2018-02-04 10:00:00,2.64,21.14,94.99,229.06,27.49,69.96,1015.21,8.36,85.02,0
2018-02-04 11:00:00,4.17,12.71,49.12,175.88,19.63,49.16,1012.89,5.97,44.08,0
2018-02-04 12:00:00,2.65,18.46,33.5,141.23,22.71,75.36,1018.74,2.03,39.34,1
2018-02-04 13:00:00,4.11,8.98,34.85,70.35,25.94,56.8,1019.15,2.11,51.1,0
2018-02-04 14:00:00,2.66,12.93,65.62,266.33,30.61,84.13,1007.71,7.83,56.3,0
2018-02-04 15:00:00,7.14,24.8,45.7,122.33,25.25,60.18,1011.47,3.43,49.09,0
2018-02-04 16:00:00,28.43,56.19,94.01,159.16,22.01,72.62,1011.56,12.64,68.78,1
2018-02-04 17:00:00,5.91,35.7,57.92,134.11,29.89,52.91,1002.96,2.39,59.82,0
2018-02-04 18:00:00,2.79,30.18,54.17,81.69,18.84,76.79,1011.6,5.8,55.99,0
2018-02-04 19:00:00,21.52,82.25,160.97,178.14,19.04,67.21,1006.68,2.53,94.27,0
2018-02-04 20:00:00,6.23,22.21,57.74,125.79,23.49,73.13,1007.24,10.27,58.98,0
2018-02-04 21:00:00,4.07,8.81,55.57,68.64,30.17,78.79,1012.26,13.27,61.78,0
2018-02-04 22:00:00,4.3,12.55,47.63,177.99,23.21,46.92,1006.58,7.85,50.19,0
2018-02-04 23:00:00,5.48,34.74,43.62,221.63,28.53,72.15,1003.67,10.63,62.06,1
2018-02-05 00:00:00,2.67,10.06,22.88,311.48,32.12,73.5,1000.21,9.43,30.95,0
2018-02-05 01:00:00,0.79,1.18,79.62,123.78,30.59,73.65,1001.56,2.61,49.18,0
2018-02-05 02:00:00,0.7,11.28,84.34,211.27,37.51,76.05,1003.93,5.66,68.35,0
2018-02-05 03:00:00,21.79,45.25,79.49,87.05,28.9,73.15,1010.3,32.99,63.12,1
2018-02-05 04:00:00,5.33,13.45,30.48,153.1,35.84,61.16,1013.5,1.55,15.29,0
2018-02-05 05:00:00,2.67,32.91,40.12,109.52,31.43,51.98,1008.51,4.48,52.59,0
2018-02-05 06:00:00,5.02,48.22,166.67,270.25,25.84,84.46,1010.12,18.71,100.0,1
2018-02-05 07:00:00,4.68,20.39,32.56,194.54,22.72,57.83,1013.36,6.93,37.2,0
2018-02-05 08:00:00,0.65,48.93,67.11,125.56,28.89,85.86,1006.06,5.01,47.61,0
2018-02-05 09:00:00,10.87,47.02,67.71,177.94,20.86,66.52,1005.74,14.5,25.76,1
2018-02-05 10:00:00,3.96,27.94,44.67,146.35,26.81,62.72,1017.49,5.38,50.41,0
2018-02-05 11:00:00,5.4,22.67,54.82,143.56,27.2,66.76,1008.37,0.66,64.4,0
2018-02-05 12:00:00,16.34,32.51,142.16,182.19,34.49,85.1,1016.63,5.68,93.2,0
2018-02-05 13:00:00,0.83,13.21,41.91,75.64,24.1,54.8,1005.09,3.19,40.96,0
2018-02-05 14:00:00,1.94,21.76,61.62,120.53,30.43,75.6,1009.47,9.38,27.84,1
2018-02-05 15:00:00,6.55,8.31,57.39,188.8,22.66,64.52,1003.26,16.63,55.52,1
2018-02-05 16:00:00,10.69,47.92,105.21,194.32,32.77,81.28,999.24,21.45,60.66,0
2018-02-05 17:00:00,2.38,51.23,85.5,194.21,36.33,61.36,1006.45,2.51,75.6,0
2018-02-05 18:00:00,2.55,4.16,19.69,123.11,23.44,57.18,1015.76,5.29,32.81,0
2018-02-05 19:00:00,8.63,31.6,81.08,356.68,28.79,84.46,1006.8,6.0,61.42,0
2018-02-05 20:00:00,26.75,62.0,151.29,274.32,42.25,100.0,1010.46,13.13,100.0,1
2018-02-05 21:00:00,5.19,19.78,39.66,79.6,23.94,68.84,1007.04,8.46,24.8,0
2018-02-05 22:00:00,1.93,13.84,55.24,123.61,20.0,53.77,1017.65,7.1,77.53,0
2018-02-05 23:00:00,1.28,11.2,61.98,200.98,29.24,47.75,1006.52,14.85,61.09,0
2018-02-06 00:00:00,4.16,12.61,36.13,50.94,22.14,68.2,1018.92,4.87,39.6,0
2018-02-06 01:00:00,10.27,26.98,83.95,158.36,30.05,89.94,1010.14,5.65,57.88,0
2018-02-06 02:00:00,35.98,66.05,135.14,191.76,32.79,75.46,1002.91,12.26,100.0,1
2018-02-06 03:00:00,3.46,5.47,46.88,82.78,22.37,61.56,1006.88,8.23,38.8,1
2018-02-06 04:00:00,5.2,10.97,66.52,100.77,19.91,69.75,1012.41,8.1,74.8,0
2018-02-06 05:00:00,19.01,26.97,55.73,175.54,33.64,90.22,1005.17,13.76,71.26,0
2018-02-06 06:00:00,6.44,9.68,21.29,152.32,37.54,60.76,1013.45,5.08,19.16,0
2018-02-06 07:00:00,5.94,27.17,42.24,100.08,26.32,64.71,1007.7,20.33,50.65,0
2018-02-06 08:00:00,16.18,35.43,135.77,197.19,35.61,75.75,1002.61,5.97,72.52,1
2018-02-06 09:00:00,5.32,30.32,99.89,170.28,37.71,74.12,1005.05,6.06,91.21,0
2018-02-06 10:00:00,1.43,2.69,16.9,24.37,31.92,69.43,1004.36,2.99,35.29,1
2018-02-06 11:00:00,13.58,36.52,49.54,269.17,28.77,57.53,1011.66,4.89,44.86,1
2018-02-06 12:00:00,0.47,30.42,80.67,195.87,31.73,79.17,1010.93,9.0,35.51,0
2018-02-06 13:00:00,11.74,33.27,187.11,325.88,32.79,98.77,1002.37,12.91,100.0,1
2018-02-06 14:00:00,4.79,18.51,53.61,112.08,15.65,56.82,1006.88,8.9,49.43,1
2018-02-06 15:00:00,3.5,15.77,33.21,147.39,27.35,69.06,1004.05,4.07,21.93,0
2018-02-06 16:00:00,3.4,21.34,80.54,108.98,20.8,90.16,1006.66,6.12,68.45,0
2018-02-06 17:00:00,4.14,20.57,96.95,207.31,23.03,60.34,1011.53,2.76,94.86,0
2018-02-06 18:00:00,2.97,11.14,61.42,139.08,29.77,64.67,1007.0,9.61,76.92,0
2018-02-06 19:00:00,7.35,8.76,54.21,83.43,27.47,67.43,1011.98,7.83,46.17,0
2018-02-06 20:00:00,3.09,12.27,26.25,220.16,28.18,63.68,1014.65,15.9,16.75,0
2018-02-06 21:00:00,4.83,49.95,109.92,227.58,27.29,65.37,1002.83,3.14,95.69,1
2018-02-06 22:00:00,0.17,1.88,52.79,345.02,26.97,52.06,1021.75,18.3,28.28,0
2018-02-06 23:00:00,4.8,21.03,46.49,86.02,27.93,56.06,1015.59,2.67,31.25,0
2018-02-07 00:00:00,2.9,41.03,51.57,118.09,36.6,65.35,1009.05,12.13,59.4,0
2018-02-07 01:00:00,11.02,36.45,60.23,179.33,31.56,61.22,1001.75,22.05,71.44,1
2018-02-07 02:00:00,3.66,31.87,65.08,77.43,22.85,75.48,1005.24,4.06,65.94,0
2018-02-07 03:00:00,9.69,35.73,88.95,179.78,25.57,83.17,1019.3,6.59,65.71,1
2018-02-07 04:00:00,8.74,12.02,71.76,192.05,31.77,59.39,1012.4,3.28,69.55,0
2018-02-07 05:00:00,8.96,42.56,73.38,108.36,26.52,71.6,1007.36,4.19,77.86,1
2018-02-07 06:00:00,3.8,40.67,69.58,148.92,30.82,68.58,1007.99,1.22,66.11,0
2018-02-07 07:00:00,5.12,9.52,76.31,122.01,27.88,94.24,1017.02,3.45,30.71,0
2018-02-07 08:00:00,7.17,17.03,59.51,157.11,29.16,61.54,1012.75,3.89,43.85,0
2018-02-07 09:00:00,5.28,20.04,70.53,183.05,35.01,71.86,1008.24,20.83,73.32,1
2018-02-07 10:00:00,3.67,13.63,39.3,116.13,30.21,82.08,1003.1,4.16,31.79,0
2018-02-07 11:00:00,1.62,9.18,75.1,204.73,38.65,48.66,1009.11,16.56,75.57,0
2018-02-07 12:00:00,4.89,12.6,33.4,61.77,24.36,75.85,1014.51,4.03,45.01,0
2018-02-07 13:00:00,0.58,23.46,132.69,265.22,22.96,72.78,1010.56,6.52,98.41,1
2018-02-07 14:00:00,1.16,28.78,41.4,260.65,30.19,47.98,1006.17,9.2,61.34,0
2018-02-07 15:00:00,8.87,16.61,51.54,83.66,26.82,67.48,1010.83,12.4,45.01,0
2018-02-07 16:00:00,6.06,33.56,45.24,76.01,28.73,65.24,1013.96,1.69,56.23,0
2018-02-07 17:00:00,8.95,18.87,66.99,246.1,29.97,73.31,1017.54,3.86,54.65,0
2018-02-07 18:00:00,2.17,6.86,78.28,167.07,20.9,76.7,1008.18,14.27,69.12,0
2018-02-07 19:00:00,11.99,29.61,80.28,202.73,16.02,68.47,1018.91,5.24,78.55,1
2018-02-07 20:00:00,0.7,14.96,39.58,86.73,31.97,79.79,1013.9,17.41,29.26,0
2018-02-07 21:00:00,1.22,19.33,31.01,86.71,20.11,74.6,1008.78,7.13,40.7,0
2018-02-07 22:00:00,11.82,29.71,54.13,211.02,25.2,69.35,1005.81,21.1,34.13,0
2018-02-07 23:00:00,5.65,22.19,73.82,135.7,27.05,71.98,999.27,29.2,55.12,0
2018-02-08 00:00:00,9.0,22.01,37.16,88.45,27.54,73.64,1006.46,21.78,33.75,0
2018-02-08 01:00:00,6.09,33.16,41.36,58.08,32.3,63.01,1018.85,8.88,32.7,0
2018-02-08 02:00:00,2.56,24.23,52.62,107.74,31.66,52.31,1008.71,5.9,63.0,0
2018-02-08 03:00:00,1.02,11.23,23.24,54.33,29.31,58.26,1003.82,9.4,33.1,0
2018-02-08 04:00:00,0.27,10.27,51.41,87.76,31.13,61.02,1006.78,3.03,87.19,0
2018-02-08 05:00:00,20.29,23.27,54.15,97.7,22.34,66.28,1011.1,21.98,50.85,0
2018-02-08 06:00:00,0.44,3.93,31.57,169.14,23.87,49.01,1009.95,2.3,29.1,0
2018-02-08 07:00:00,15.74,28.05,146.0,161.71,45.0,70.92,1009.56,8.83,100.0,1
2018-02-08 08:00:00,5.35,30.08,75.46,157.76,28.84,80.26,1008.47,23.51,69.22,0
2018-02-08 09:00:00,6.27,12.94,15.7,73.08,32.84,58.75,1009.25,10.45,43.9,0
2018-02-08 10:00:00,5.88,28.25,135.99,229.48,21.68,76.86,1007.69,4.41,88.45,0
2018-02-08 11:00:00,8.02,24.14,58.84,161.92,32.04,61.52,1005.04,7.27,47.3,0
2018-02-08 12:00:00,1.92,8.96,34.62,77.75,26.6,59.91,1012.43,7.2,43.21,0
2018-02-08 13:00:00,0.09,14.75,53.94,195.47,25.07,66.64,1005.91,8.29,47.81,0
2018-02-08 14:00:00,2.5,16.73,29.85,255.58,37.67,44.08,1010.79,16.06,54.14,0
2018-02-08 15:00:00,7.42,14.74,44.79,74.12,36.48,59.33,1012.77,13.47,27.78,0
2018-02-08 16:00:00,1.24,22.57,87.22,203.3,27.85,72.94,1007.87,1.68,81.66,0
2018-02-08 17:00:00,12.24,38.65,65.49,135.48,29.36,65.58,1010.33,15.93,86.57,1
2018-02-08 18:00:00,4.22,15.17,37.38,115.33,25.92,44.58,1014.89,4.73,54.08,1
2018-02-08 19:00:00,1.08,6.21,24.9,168.98,21.73,60.0,1008.26,1.44,48.3,0
2018-02-08 20:00:00,5.59,32.89,91.13,206.62,28.52,71.32,1017.97,14.03,71.33,0
2018-02-08 21:00:00,7.31,10.57,52.33,113.53,29.37,57.76,1004.6,11.31,32.2,0
2018-02-08 22:00:00,7.8,24.96,132.89,288.31,33.79,69.96,1014.24,2.03,61.55,0
2018-02-08 23:00:00,2.39,9.06,106.42,177.84,31.29,76.44,1011.17,6.32,85.87,1
2018-02-09 00:00:00,3.44,8.17,36.38,79.9,22.59,62.94,1013.82,5.54,38.71,0
2018-02-09 01:00:00,1.2,10.21,59.78,145.59,16.79,70.7,1015.71,4.11,34.47,0
2018-02-09 02:00:00,0.2,14.42,39.29,207.38,26.29,83.19,1011.48,9.2,67.41,0
2018-02-09 03:00:00,4.57,10.28,32.34,54.76,20.98,66.88,1012.64,11.92,31.12,0
2018-02-09 04:00:00,2.5,6.5,27.46,137.12,27.47,53.0,1012.24,10.89,37.15,0
2018-02-09 05:00:00,10.46,12.77,32.02,45.36,30.51,73.65,1015.98,6.4,40.46,0
2018-02-09 06:00:00,0.35,38.5,103.47,225.67,29.86,71.41,1014.38,5.61,88.34,0
2018-02-09 07:00:00,1.71,19.88,41.74,140.27,25.6,60.34,1011.39,26.07,50.65,0
2018-02-09 08:00:00,0.77,7.86,33.23,223.34,30.33,52.27,1009.93,14.31,24.03,0
2018-02-09 09:00:00,4.67,23.5,64.78,90.79,35.78,72.71,1005.38,2.96,33.78,0
2018-02-09 10:00:00,2.21,16.32,55.08,146.1,30.31,62.24,1011.93,3.06,49.26,1
2018-02-09 11:00:00,0.89,23.81,59.99,102.25,30.12,74.98,1008.36,8.16,47.71,0
2018-02-09 12:00:00,3.2,14.85,87.25,146.27,25.14,76.97,1000.93,7.98,79.52,0
2018-02-09 13:00:00,2.0,27.81,49.22,259.78,29.02,55.85,1010.5,16.43,36.43,0
2018-02-09 14:00:00,1.69,9.69,28.88,123.41,36.52,51.1,1012.12,9.55,40.12,0
2018-02-09 15:00:00,5.12,21.13,22.65,131.87,27.81,61.97,1016.06,6.4,46.97,1
2018-02-09 16:00:00,5.97,30.67,81.11,138.44,26.38,82.47,1009.89,9.15,43.68,0
2018-02-09 17:00:00,10.81,27.41,76.73,152.15,34.86,79.85,1005.0,10.74,68.36,1
2018-02-09 18:00:00,3.56,49.66,117.74,264.12,27.29,91.88,1013.82,13.76,87.21,0
2018-02-09 19:00:00,5.69,28.3,56.31,245.98,31.48,67.27,1000.46,7.26,43.05,0
2018-02-09 20:00:00,3.62,22.22,53.61,129.85,29.39,74.24,1003.25,11.62,25.16,0
2018-02-09 21:00:00,2.05,12.41,75.59,242.71,31.09,80.51,1008.84,2.1,26.82,0
2018-02-09 22:00:00,6.1,22.37,46.59,121.26,32.85,84.03,1009.58,6.32,40.52,0
2018-02-09 23:00:00,3.01,34.02,68.29,112.98,35.27,71.98,1009.13,5.37,60.65,0
2018-02-10 00:00:00,3.76,13.09,84.64,172.53,34.09,67.08,1005.59,8.58,72.91,0
2018-02-10 01:00:00,5.37,11.82,60.12,101.25,36.28,78.07,1015.32,4.05,44.85,0
2018-02-10 02:00:00,0.78,10.16,37.41,129.76,26.89,49.21,1010.35,8.54,58.46,0
2018-02-10 03:00:00,0.22,9.19,71.44,100.77,21.64,79.4,1003.28,9.21,75.44,0
2018-02-10 04:00:00,17.45,37.91,70.0,188.25,27.41,81.77,1012.03,3.92,52.03,1
2018-02-10 05:00:00,5.72,48.29,111.47,142.5,44.09,85.99,1004.78,3.74,78.08,0
2018-02-10 06:00:00,4.99,8.42,50.11,95.01,27.76,55.39,1006.08,4.75,45.43,1
2018-02-10 07:00:00,1.91,16.32,39.79,90.47,18.03,65.17,1010.74,5.2,43.87,0
2018-02-10 08:00:00,5.88,11.62,25.71,59.5,42.93,71.31,1019.7,16.61,40.87,0
2018-02-10 09:00:00,1.85,19.55,75.78,149.56,29.4,74.7,999.05,15.03,86.23,1
2018-02-10 10:00:00,7.02,26.24,86.15,92.72,23.73,71.68,1001.29,20.18,51.85,0
2018-02-10 11:00:00,6.06,15.07,92.93,160.46,21.91,74.68,1004.69,8.82,65.29,0
2018-02-10 12:00:00,5.28,26.14,77.68,80.61,29.15,100.0,1018.08,15.77,65.88,0
2018-02-10 13:00:00,6.49,14.29,44.04,138.61,32.51,53.82,1005.33,9.64,31.06,0
2018-02-10 14:00:00,2.67,10.45,51.07,79.72,32.1,52.3,1015.82,11.93,40.64,0
2018-02-10 15:00:00,2.93,9.74,45.46,145.29,33.33,54.55,1015.15,35.73,73.27,0
2018-02-10 16:00:00,7.3,16.75,45.77,209.04,20.17,85.33,1016.4,6.4,61.92,0
2018-02-10 17:00:00,4.38,17.75,30.46,81.77,21.91,68.49,1006.77,3.2,43.32,0
2018-02-10 18:00:00,13.35,25.61,39.96,119.52,28.32,57.4,1011.46,10.74,39.97,0
2018-02-10 19:00:00,8.85,24.26,81.77,106.49,34.61,92.8,1013.04,5.15,51.74,0
2018-02-10 20:00:00,5.66,25.78,44.24,144.62,26.0,52.37,1012.82,5.12,56.28,0
2018-02-10 21:00:00,2.26,17.82,45.72,160.93,15.78,58.09,1024.99,1.97,58.33,0
2018-02-10 22:00:00,7.58,45.23,53.73,75.58,33.05,53.64,1020.1,6.82,38.55,0
2018-02-10 23:00:00,1.9,16.0,25.16,142.14,13.12,61.01,1017.43,6.79,42.43,1
2018-02-11 00:00:00,4.5,27.95,46.73,296.29,25.61,68.86,1014.42,17.76,22.91,0
2018-02-11 01:00:00,0.61,3.58,59.7,120.45,32.68,67.96,1014.36,8.96,66.43,0
2018-02-11 02:00:00,2.84,18.25,76.52,129.51,32.51,81.48,1015.35,4.23,45.7,0
2018-02-11 03:00:00,2.79,14.94,53.98,196.42,19.24,61.46,1019.56,7.47,63.98,0
2018-02-11 04:00:00,3.13,14.44,35.18,84.91,33.32,59.21,1007.46,7.45,52.84,0
2018-02-11 05:00:00,9.44,40.02,122.94,149.08,35.91,80.88,1014.3,10.02,100.0,1
2018-02-11 06:00:00,11.57,58.87,86.43,155.55,31.98,89.65,1011.02,5.07,79.79,0
2018-02-11 07:00:00,6.43,26.7,114.54,239.74,27.04,80.97,1013.97,4.47,100.0,0
2018-02-11 08:00:00,8.86,11.13,55.93,127.42,30.94,62.9,1011.22,17.08,38.02,0
2018-02-11 09:00:00,1.97,10.59,75.69,136.74,24.32,77.36,1007.88,15.4,44.7,0
2018-02-11 10:00:00,1.41,4.95,70.29,175.02,34.29,66.23,1008.16,4.39,61.32,0
2018-02-11 11:00:00,7.72,22.83,29.28,68.31,36.73,63.53,1012.37,6.42,14.68,0
2018-02-11 12:00:00,1.15,19.6,33.59,115.75,26.03,59.98,1014.28,7.13,77.62,0
2018-02-11 13:00:00,0.97,3.67,29.76,43.63,32.67,48.81,1009.7,28.5,56.64,0
2018-02-11 14:00:00,5.1,39.39,58.11,158.97,33.97,59.64,1003.49,1.65,41.0,1
2018-02-11 15:00:00,2.79,7.45,54.12,202.86,27.11,80.71,1014.29,7.97,34.09,0
2018-02-11 16:00:00,2.43,20.27,69.52,253.85,15.77,71.19,1009.84,11.05,58.13,0
2018-02-11 17:00:00,0.64,34.43,58.75,191.03,29.18,67.74,1000.4,4.14,51.87,0
2018-02-11 18:00:00,6.3,21.63,43.97,157.92,11.29,63.89,1003.3,14.52,20.8,0
2018-02-11 19:00:00,3.47,10.85,72.89,143.75,37.25,65.85,1011.73,27.62,61.87,0
2018-02-11 20:00:00,11.29,18.31,40.95,159.26,31.68,63.44,1014.71,3.78,46.14,0
2018-02-11 21:00:00,7.94,23.58,93.09,170.39,26.95,68.61,1015.19,24.41,100.0,0
2018-02-11 22:00:00,3.34,26.83,66.59,95.35,33.58,70.13,1007.96,0.55,62.55,0
2018-02-11 23:00:00,0.17,17.55,57.43,210.76,21.85,55.39,1007.66,8.11,67.71,0
2018-02-12 00:00:00,5.12,11.99,27.78,41.67,34.62,67.5,1014.67,13.5,44.64,0
2018-02-12 01:00:00,4.67,16.59,70.38,124.48,29.56,67.5,1006.14,23.86,66.76,0
2018-02-12 02:00:00,0.09,6.16,19.89,62.82,29.66,46.32,1008.07,7.46,20.95,0
2018-02-12 03:00:00,7.12,13.13,66.86,145.46,25.97,64.67,1011.5,13.98,41.23,0
2018-02-12 04:00:00,1.09,6.81,55.92,185.03,26.59,61.68,1012.28,7.29,56.01,0
2018-02-12 05:00:00,11.8,21.73,71.61,182.71,31.29,78.47,1013.11,13.41,53.48,0
2018-02-12 06:00:00,4.38,17.3,66.3,85.03,23.16,65.76,1011.12,10.42,42.34,0
2018-02-12 07:00:00,2.35,16.45,78.33,107.61,21.25,61.73,1005.13,12.17,66.15,0
2018-02-12 08:00:00,5.86,22.57,68.23,182.73,34.02,47.84,1008.7,5.9,41.64,0
2018-02-12 09:00:00,5.51,12.74,19.42,287.31,30.97,53.16,1012.59,1.4,53.32,0
2018-02-12 10:00:00,5.31,18.44,60.96,110.48,22.77,78.23,1017.07,15.79,45.55,0
2018-02-12 11:00:00,10.5,24.9,42.42,69.37,28.62,67.74,1014.83,8.62,3.32,0
2018-02-12 12:00:00,6.21,34.97,45.55,103.21,28.28,55.0,1012.12,10.47,60.49,0
2018-02-12 13:00:00,2.1,4.91,20.29,44.28,24.06,57.37,1015.41,15.65,55.93,0
2018-02-12 14:00:00,3.58,7.28,28.25,94.92,29.22,61.38,1018.35,5.83,33.06,0
2018-02-12 15:00:00,15.51,35.05,85.84,165.5,27.85,86.64,1003.42,20.05,66.76,0
2018-02-12 16:00:00,1.88,22.89,50.72,198.33,32.98,64.68,1011.29,4.43,41.67,0
2018-02-12 17:00:00,7.02,26.62,87.76,193.01,30.31,65.98,1001.7,11.93,96.81,1
2018-02-12 18:00:00,10.84,30.3,49.92,175.9,25.05,67.96,1011.23,6.39,45.43,1
2018-02-12 19:00:00,7.66,10.77,39.28,105.5,24.9,68.89,1009.14,9.32,23.69,1
2018-02-12 20:00:00,5.15,47.76,68.11,281.43,30.4,75.35,1017.29,3.19,47.71,1
2018-02-12 21:00:00,5.97,32.55,37.32,61.4,18.12,69.61,1017.4,6.26,53.25,0
2018-02-12 22:00:00,8.11,11.27,46.0,114.2,21.81,85.15,1021.56,7.8,62.58,0
2018-02-12 23:00:00,1.85,12.57,153.99,220.4,26.99,71.08,1006.19,5.34,100.0,0
2018-02-13 00:00:00,4.7,14.95,25.88,70.53,27.28,58.8,1013.33,6.4,28.54,0
2018-02-13 01:00:00,25.82,38.03,92.05,256.61,33.45,71.89,1009.5,3.9,75.94,0
2018-02-13 02:00:00,7.22,16.45,78.62,85.24,20.22,56.75,1016.83,12.29,43.55,0
2018-02-13 03:00:00,5.33,10.33,46.33,79.68,25.55,52.62,1011.24,19.61,41.04,0
2018-02-13 04:00:00,3.2,17.79,29.86,109.37,27.96,58.23,1007.17,8.61,24.09,0
2018-02-13 05:00:00,1.87,31.91,147.75,207.72,26.23,78.38,999.33,2.72,100.0,0
2018-02-13 06:00:00,6.16,15.17,63.69,133.35,23.89,61.74,1017.07,1.48,46.67,0
2018-02-13 07:00:00,6.58,23.19,110.9,146.89,24.5,57.45,1010.77,3.71,92.42,0
2018-02-13 08:00:00,4.38,16.86,24.79,75.15,29.39,48.68,1013.1,3.5,53.53,0
2018-02-13 09:00:00,34.04,53.48,75.23,218.18,26.5,63.25,1018.07,8.88,75.33,0
2018-02-13 10:00:00,2.09,13.74,24.86,135.43,25.92,57.4,1012.88,12.71,24.63,0
2018-02-13 11:00:00,1.52,9.48,75.91,148.82,21.52,71.91,1002.94,1.2,94.34,0
2018-02-13 12:00:00,3.25,12.67,20.6,142.89,40.58,56.41,1006.03,17.27,23.46,0
2018-02-13 13:00:00,4.53,33.78,64.43,203.4,28.8,60.22,1013.78,4.88,51.8,0
2018-02-13 14:00:00,1.75,15.45,43.72,280.58,36.67,66.73,1015.05,3.23,71.3,0
2018-02-13 15:00:00,6.02,19.39,25.29,143.3,26.46,62.41,1023.3,3.32,42.19,0
2018-02-13 16:00:00,6.66,35.3,86.8,222.04,28.67,61.62,1010.38,15.22,69.09,0
2018-02-13 17:00:00,8.99,41.25,86.56,128.31,30.8,90.49,1019.52,4.04,69.03,0
2018-02-13 18:00:00,2.7,3.92,24.7,124.02,27.33,36.92,1006.72,7.45,6.5,0
2018-02-13 19:00:00,14.47,18.26,105.88,182.72,28.67,80.97,1005.83,28.0,50.39,1
2018-02-13 20:00:00,8.46,31.61,38.68,176.58,29.3,71.32,1006.42,6.86,49.78,0
2018-02-13 21:00:00,2.04,16.22,20.21,153.35,26.81,69.29,1013.66,7.88,27.05,0
2018-02-13 22:00:00,1.74,34.08,71.32,201.52,27.45,71.38,1016.82,5.46,46.58,0
2018-02-13 23:00:00,3.5,6.32,21.71,180.74,33.69,45.5,1011.67,10.44,39.28,0
2018-02-14 00:00:00,6.67,22.4,54.0,159.5,22.67,84.53,1006.7,10.48,31.95,0
2018-02-14 01:00:00,7.6,27.77,100.52,145.02,37.6,59.74,1012.95,17.73,75.66,0
2018-02-14 02:00:00,8.45,18.83,29.32,141.83,31.22,49.82,1011.66,10.27,26.12,0
2018-02-14 03:00:00,24.56,46.79,113.77,250.4,26.43,70.34,1012.58,18.5,94.89,0
2018-02-14 04:00:00,4.26,27.72,38.97,178.51,33.01,49.59,1011.52,15.35,36.97,0
2018-02-14 05:00:00,22.99,35.59,59.53,114.55,32.65,53.38,1010.78,4.35,67.85,1
2018-02-14 06:00:00,9.35,21.3,97.87,111.98,29.84,63.97,1020.04,8.99,67.54,0
2018-02-14 07:00:00,1.4,26.45,78.71,256.77,27.46,49.91,1005.32,3.4,48.78,0
2018-02-14 08:00:00,5.73,21.25,37.63,89.0,19.1,63.1,1014.09,11.95,41.26,0
2018-02-14 09:00:00,4.0,23.2,65.38,133.18,24.23,62.53,1014.64,0.22,71.35,0
2018-02-14 10:00:00,3.85,19.3,41.84,101.32,28.46,60.2,1017.14,30.81,27.4,1
2018-02-14 11:00:00,2.64,17.52,42.52,128.72,30.76,65.62,1006.36,4.47,27.27,0
2018-02-14 12:00:00,5.29,17.22,45.67,105.84,28.49,62.08,1013.69,4.56,32.31,0
2018-02-14 13:00:00,12.33,32.44,79.67,160.81,30.38,62.95,1008.14,9.91,88.94,0
2018-02-14 14:00:00,2.92,9.62,45.14,86.44,26.75,67.81,1011.35,2.3,34.33,0
2018-02-14 15:00:00,8.5,11.47,40.52,205.37,31.63,59.68,1009.69,3.15,60.12,0
2018-02-14 16:00:00,9.85,23.2,52.95,161.21,40.02,56.54,1008.81,7.34,46.09,0
2018-02-14 17:00:00,14.37,47.04,86.1,166.77,29.03,69.16,1018.02,2.65,59.19,0
2018-02-14 18:00:00,1.7,17.23,51.51,61.39,27.42,77.07,1016.54,4.9,59.02,1
2018-02-14 19:00:00,4.89,15.98,37.78,73.63,28.08,56.19,1004.98,0.67,39.9,0
2018-02-14 20:00:00,2.29,12.29,52.16,174.11,32.59,71.01,1010.04,15.51,65.13,0
2018-02-14 21:00:00,5.3,14.78,59.7,99.61,27.91,55.96,1010.5,23.41,42.01,0
2018-02-14 22:00:00,5.27,5.83,46.48,148.09,32.5,63.69,1018.4,21.01,49.09,1
2018-02-14 23:00:00,1.19,30.88,91.87,153.38,33.18,74.36,1004.21,7.13,53.67,0
2018-02-15 00:00:00,5.61,14.33,34.71,115.47,37.96,52.65,1008.52,10.79,15.84,0
2018-02-15 01:00:00,25.51,39.04,58.67,121.93,30.67,62.1,1007.39,14.97,43.83,1
2018-02-15 02:00:00,7.63,18.21,98.8,165.97,28.73,63.4,999.87,3.05,70.76,0
2018-02-15 03:00:00,0.87,8.41,25.39,145.15,30.07,51.11,1002.5,10.43,28.06,0
2018-02-15 04:00:00,1.57,32.28,59.25,181.5,28.15,65.57,1012.3,8.12,32.75,0
2018-02-15 05:00:00,4.64,9.86,14.5,100.55,29.18,73.73,1008.83,4.14,23.22,0
2018-02-15 06:00:00,1.62,22.21,33.52,157.6,35.73,65.25,1013.03,9.44,33.42,0
2018-02-15 07:00:00,13.75,17.2,41.28,68.74,25.58,62.81,1003.56,2.17,65.43,0
2018-02-15 08:00:00,0.71,12.71,35.83,111.48,20.97,75.71,1006.08,4.68,47.21,0
2018-02-15 09:00:00,7.68,35.55,63.29,119.51,28.91,53.38,1008.67,12.68,27.52,0
2018-02-15 10:00:00,0.48,9.64,103.06,157.87,29.22,87.12,1001.97,5.52,66.62,0
2018-02-15 11:00:00,4.57,23.9,30.3,81.12,33.62,56.86,1010.44,8.31,45.24,0
2018-02-15 12:00:00,1.32,10.14,42.77,195.62,27.32,65.67,1009.93,9.72,35.92,0
2018-02-15 13:00:00,8.97,19.33,49.23,83.96,25.68,70.82,1009.26,10.53,35.28,1
2018-02-15 14:00:00,11.9,34.45,137.84,188.88,24.78,84.84,1001.31,10.23,78.48,1
2018-02-15 15:00:00,6.66,26.29,83.57,169.25,24.7,66.65,1015.94,6.9,66.73,1
2018-02-15 16:00:00,12.37,45.28,68.0,121.11,23.53,75.79,1004.55,33.23,84.24,0
2018-02-15 17:00:00,0.04,9.17,88.47,141.02,21.53,67.09,1009.0,5.19,54.82,0
2018-02-15 18:00:00,5.55,22.66,43.92,102.12,16.08,59.02,1010.58,24.12,61.61,0
2018-02-15 19:00:00,7.58,21.7,82.28,192.04,32.63,69.56,1010.25,15.23,71.68,1
2018-02-15 20:00:00,8.48,25.94,113.41,271.9,29.19,80.71,1002.08,4.02,73.76,1
2018-02-15 21:00:00,7.18,33.61,69.2,190.5,39.65,57.74,1011.91,6.55,65.45,0
2018-02-15 22:00:00,8.65,16.51,30.14,256.31,19.98,51.83,1008.42,7.44,13.47,0
2018-02-15 23:00:00,5.48,22.11,27.95,227.2,38.84,43.01,1014.64,0.98,45.35,0
2018-02-16 00:00:00,0.88,31.35,67.92,85.84,27.22,64.69,1015.11,4.85,54.61,0
2018-02-16 01:00:00,2.61,16.74,75.64,230.49,19.32,79.44,1010.56,24.77,60.45,0
2018-02-16 02:00:00,13.8,36.23,196.49,391.89,17.0,100.0,1003.24,5.68,100.0,0
2018-02-16 03:00:00,12.55,14.57,88.31,195.16,25.11,73.63,1017.89,11.4,82.5,0
2018-02-16 04:00:00,7.46,22.06,55.8,123.52,33.02,81.77,1013.08,9.78,38.23,0
2018-02-16 05:00:00,9.14,18.7,31.7,72.01,29.51,61.34,1007.96,13.99,3.62,0
2018-02-16 06:00:00,11.35,30.77,60.45,175.86,26.01,67.24,1005.15,2.53,16.98,1
2018-02-16 07:00:00,7.38,24.08,116.68,145.66,34.27,75.05,1010.78,10.43,78.53,1
2018-02-16 08:00:00,13.48,20.25,136.06,219.01,28.69,79.35,1006.55,14.81,100.0,0
2018-02-16 09:00:00,13.12,16.98,38.05,353.16,19.34,61.76,1006.13,2.43,35.05,0
2018-02-16 10:00:00,2.74,46.35,73.97,98.37,35.11,65.35,1010.8,6.64,82.36,1
2018-02-16 11:00:00,2.8,20.47,103.3,187.81,22.29,91.62,1003.09,2.66,66.03,0
2018-02-16 12:00:00,6.89,24.25,103.81,243.45,22.16,79.5,1009.75,15.02,88.44,0
2018-02-16 13:00:00,21.96,29.63,51.46,142.95,26.81,57.44,1012.51,4.79,39.0,0
2018-02-16 14:00:00,14.36,24.97,78.82,195.39,29.86,75.89,1005.96,6.6,42.73,1
2018-02-16 15:00:00,10.14,40.83,63.75,88.68,24.47,76.76,1012.42,7.29,55.35,0
2018-02-16 16:00:00,15.17,29.51,98.53,319.72,18.32,60.72,1005.71,24.15,77.42,1
2018-02-16 17:00:00,7.71,39.11,72.57,161.94,24.67,78.74,1010.24,2.93,63.27,1
2018-02-16 18:00:00,3.55,21.26,46.9,76.9,33.46,72.78,1003.51,12.11,62.06,0
2018-02-16 19:00:00,26.24,53.18,110.37,245.72,27.99,78.93,1009.5,4.3,88.89,1
2018-02-16 20:00:00,7.2,9.05,44.34,262.22,34.15,79.13,1016.7,7.1,63.84,0
2018-02-16 21:00:00,12.88,20.21,76.4,139.58,30.86,79.14,1002.75,2.87,81.35,1
2018-02-16 22:00:00,0.03,14.18,28.62,101.96,24.98,56.42,1015.58,12.64,35.22,0
2018-02-16 23:00:00,5.72,17.03,34.13,189.73,24.05,62.94,1008.91,4.05,11.62,0
2018-02-17 00:00:00,1.62,21.12,52.44,183.62,29.05,78.99,1015.57,7.34,42.14,0
2018-02-17 01:00:00,6.23,10.1,28.75,73.36,29.08,55.95,1020.6,16.95,43.22,0
2018-02-17 02:00:00,2.8,6.74,30.81,44.65,28.64,57.09,1012.31,3.36,38.82,0
2018-02-17 03:00:00,35.19,54.19,86.14,306.76,29.13,73.88,1012.65,5.47,93.35,1
2018-02-17 04:00:00,12.05,38.2,58.73,117.28,27.24,63.91,1012.74,18.6,72.2,0
2018-02-17 05:00:00,16.36,26.93,117.46,150.75,27.35,100.0,1013.66,10.88,94.17,0
2018-02-17 06:00:00,0.13,33.69,51.36,98.48,23.51,78.47,1010.04,6.11,52.27,0
2018-02-17 07:00:00,10.02,48.82,79.44,256.78,22.18,91.76,1013.52,9.5,59.19,0
2018-02-17 08:00:00,4.02,17.13,48.25,52.48,32.1,76.53,1007.76,14.25,57.82,0
2018-02-17 09:00:00,16.62,26.89,63.3,216.41,22.55,69.1,1016.36,17.04,54.19,1
2018-02-17 10:00:00,8.8,17.28,42.9,150.08,17.68,43.4,1006.16,12.74,26.85,0
2018-02-17 11:00:00,4.65,11.93,72.51,138.5,26.09,72.12,1008.1,6.96,77.27,0
2018-02-17 12:00:00,1.03,22.68,85.84,171.09,29.51,59.76,1006.78,10.84,38.17,0
2018-02-17 13:00:00,5.61,12.13,33.18,159.15,27.07,45.81,1013.72,3.51,27.74,0
2018-02-17 14:00:00,13.55,19.09,85.63,146.56,21.43,82.67,1013.81,6.06,60.99,0
2018-02-17 15:00:00,3.3,10.3,30.56,77.65,34.07,49.92,1014.57,16.21,22.63,0
2018-02-17 16:00:00,31.02,44.23,74.95,196.34,29.28,61.74,1007.7,2.81,47.37,0
2018-02-17 17:00:00,12.69,26.6,59.96,151.78,34.36,61.4,1018.19,7.69,55.56,0
2018-02-17 18:00:00,1.66,22.5,41.93,226.5,27.75,64.37,1017.35,9.92,35.84,1
2018-02-17 19:00:00,1.19,13.49,22.83,197.84,30.7,58.85,1013.52,10.23,39.93,0
2018-02-17 20:00:00,4.29,7.91,44.2,110.35,21.74,70.8,1008.39,16.79,45.62,0
2018-02-17 21:00:00,3.29,13.2,26.49,104.33,11.11,65.91,1005.3,10.06,35.58,0
2018-02-17 22:00:00,7.76,21.22,107.0,275.47,28.19,58.89,1012.74,9.86,87.99,1
2018-02-17 23:00:00,5.05,13.11,36.25,177.13,20.64,77.22,1010.16,7.48,25.43,0
2018-02-18 00:00:00,3.61,20.27,75.37,185.03,32.78,57.44,1015.13,8.5,31.39,0
2018-02-18 01:00:00,0.54,1.57,54.29,211.34,33.09,54.97,1016.23,3.03,60.71,0
2018-02-18 02:00:00,9.04,21.25,40.54,67.48,29.71,80.17,1009.36,12.82,39.41,0
2018-02-18 03:00:00,0.45,30.16,53.79,162.66,23.38,64.14,1011.17,0.19,56.81,0
2018-02-18 04:00:00,12.72,38.38,61.83,103.85,27.94,77.66,1010.68,9.02,13.7,0
2018-02-18 05:00:00,0.18,14.88,54.76,188.81,31.04,72.21,1018.31,11.56,41.2,1
2018-02-18 06:00:00,0.4,14.22,159.88,267.61,30.23,88.46,1005.56,22.21,100.0,1
2018-02-18 07:00:00,1.65,20.03,58.59,211.39,22.96,58.61,1014.19,25.4,54.35,0
2018-02-18 08:00:00,2.97,8.57,30.85,208.51,17.62,58.64,1012.26,12.14,52.36,0
2018-02-18 09:00:00,2.31,26.58,67.49,98.96,30.07,84.01,1018.36,5.48,47.57,0
2018-02-18 10:00:00,2.96,35.85,49.2,159.12,27.89,57.02,1007.95,8.8,15.49,0
2018-02-18 11:00:00,6.35,18.52,36.3,90.86,31.15,62.28,1006.51,9.24,25.79,0
2018-02-18 12:00:00,1.7,16.39,103.06,229.03,27.89,78.76,999.98,19.42,71.5,1
2018-02-18 13:00:00,6.41,27.45,54.93,107.87,27.12,60.97,1011.9,4.8,56.27,0
2018-02-18 14:00:00,1.62,9.08,26.24,82.09,27.02,52.83,1013.27,8.71,39.62,0
2018-02-18 15:00:00,0.37,33.96,45.48,134.74,26.26,61.42,1010.32,3.77,27.43,0
2018-02-18 16:00:00,12.6,55.56,87.23,117.6,41.2,68.72,1014.48,12.49,82.89,0
2018-02-18 17:00:00,2.02,21.47,33.69,76.18,26.71,46.07,1019.42,6.28,15.37,0
2018-02-18 18:00:00,8.54,43.9,113.74,229.91,26.21,78.25,1005.13,1.73,100.0,1
2018-02-18 19:00:00,0.24,5.22,57.79,261.45,31.98,78.7,1009.83,4.72,48.44,0
2018-02-18 20:00:00,17.16,33.42,54.86,73.13,30.48,31.4,1002.61,27.0,32.35,0
2018-02-18 21:00:00,5.35,7.47,106.71,157.21,28.48,76.05,1009.56,4.29,71.85,0
2018-02-18 22:00:00,4.75,14.66,38.13,141.12,23.28,31.85,1008.47,6.89,25.97,0
2018-02-18 23:00:00,0.55,10.64,38.1,60.24,20.79,76.63,1009.51,14.81,26.97,0
2018-02-19 00:00:00,1.36,9.54,27.65,95.38,27.7,54.07,1011.26,0.42,46.1,0
2018-02-19 01:00:00,3.74,8.79,58.39,154.3,26.93,65.62,1013.35,1.8,67.73,1
2018-02-19 02:00:00,1.43,20.73,34.07,114.16,25.24,51.02,1010.43,8.22,33.19,0
2018-02-19 03:00:00,11.57,18.54,40.78,99.18,32.39,82.1,1021.38,25.93,39.37,1
2018-02-19 04:00:00,5.19,24.5,44.23,71.35,33.08,83.8,1010.86,13.78,25.74,0
2018-02-19 05:00:00,1.46,14.28,52.69,336.18,34.34,53.37,1003.95,4.32,64.76,1
2018-02-19 06:00:00,10.08,27.04,37.4,86.23,22.36,49.45,1007.83,2.07,32.43,0
2018-02-19 07:00:00,3.21,12.05,41.42,173.01,33.71,70.84,1014.45,4.49,57.2,0
2018-02-19 08:00:00,9.68,22.42,92.11,209.92,17.58,80.2,1012.89,7.41,73.46,0
2018-02-19 09:00:00,2.65,50.6,62.54,130.76,27.7,62.38,1010.54,15.84,46.53,0
2018-02-19 10:00:00,8.01,24.57,76.08,135.28,32.75,58.12,1010.08,7.63,45.1,1
2018-02-19 11:00:00,3.08,36.74,95.51,124.34,22.34,87.21,1010.35,2.96,98.11,0
2018-02-19 12:00:00,11.57,44.08,72.4,217.01,20.64,65.33,1013.54,21.8,67.29,0
2018-02-19 13:00:00,0.26,4.5,8.88,161.26,27.71,53.31,1012.26,18.14,24.15,0
2018-02-19 14:00:00,0.91,33.35,83.46,153.82,37.08,71.21,1003.55,20.99,81.73,1
2018-02-19 15:00:00,4.11,16.84,85.03,136.33,37.37,55.48,1006.21,7.5,69.53,1
2018-02-19 16:00:00,2.14,12.21,106.41,145.62,34.46,67.82,1006.06,2.37,72.59,1
2018-02-19 17:00:00,2.98,8.74,42.99,117.11,22.51,52.6,1005.33,26.12,21.26,0
2018-02-19 18:00:00,8.87,13.15,20.13,64.39,28.02,38.72,1005.9,12.09,11.36,0
2018-02-19 19:00:00,2.9,21.83,71.37,160.18,40.31,59.17,1011.83,11.73,71.54,0
2018-02-19 20:00:00,6.63,10.75,18.91,116.38,32.97,57.77,1011.76,12.03,21.43,0
2018-02-19 21:00:00,1.6,21.09,65.7,163.67,19.49,58.74,1013.77,6.41,41.69,0
2018-02-19 22:00:00,0.15,1.49,56.84,97.08,32.43,63.69,1019.36,9.99,61.72,0
2018-02-19 23:00:00,9.63,15.83,86.92,130.2,23.96,59.84,1013.41,3.91,62.26,0
2018-02-20 00:00:00,20.39,31.75,54.32,124.04,26.42,70.74,1014.09,21.34,42.6,0
2018-02-20 01:00:00,5.98,19.86,34.86,177.34,32.11,71.0,1004.02,1.57,17.94,0
2018-02-20 02:00:00,4.36,10.85,45.5,143.17,26.01,69.67,1013.92,18.36,26.99,0
2018-02-20 03:00:00,5.38,10.04,20.39,58.3,25.15,60.11,1011.74,4.53,30.95,0
2018-02-20 04:00:00,15.26,25.67,50.17,149.7,33.94,72.08,1016.74,14.08,45.83,0
2018-02-20 05:00:00,6.05,14.41,33.81,35.71,32.15,54.79,1005.2,14.12,32.6,0
2018-02-20 06:00:00,10.05,19.29,81.74,205.08,29.84,61.65,1014.15,14.65,88.04,0
2018-02-20 07:00:00,9.66,29.85,111.77,268.4,39.6,74.27,1005.82,10.2,80.72,0
2018-02-20 08:00:00,12.42,41.52,88.66,145.0,29.19,65.39,1004.53,13.61,73.72,1
2018-02-20 09:00:00,4.26,14.21,71.57,154.61,29.79,81.48,1020.3,5.1,39.93,0
2018-02-20 10:00:00,2.61,22.81,57.64,99.86,26.29,85.5,1011.02,15.43,48.66,0
2018-02-20 11:00:00,8.09,16.66,49.52,83.7,22.7,90.17,1010.38,9.35,43.21,1
2018-02-20 12:00:00,11.68,19.71,28.12,167.48,20.22,69.25,1009.01,4.72,26.71,0
2018-02-20 13:00:00,13.63,23.99,65.5,109.16,32.76,70.38,1008.8,10.79,87.14,0
2018-02-20 14:00:00,16.84,43.1,97.91,179.16,25.57,52.96,1007.24,5.56,70.37,0
2018-02-20 15:00:00,10.79,14.06,40.75,151.65,42.24,58.13,1010.02,12.64,45.96,1
2018-02-20 16:00:00,2.44,5.26,32.86,122.03,23.15,53.5,1010.79,6.97,46.2,0
2018-02-20 17:00:00,5.98,43.89,48.68,74.8,23.85,57.08,1009.69,7.92,43.98,0
2018-02-20 18:00:00,5.47,11.79,39.93,110.96,29.85,75.7,1005.91,16.18,41.15,0
2018-02-20 19:00:00,4.89,16.37,79.18,200.42,22.37,83.75,1009.96,9.88,75.15,0
2018-02-20 20:00:00,8.11,17.28,57.32,128.89,19.8,61.09,1011.99,20.79,30.72,0
2018-02-20 21:00:00,3.85,36.94,67.49,141.32,31.75,61.0,1014.17,1.28,80.09,0
2018-02-20 22:00:00,3.86,29.94,42.73,175.58,15.98,60.48,1016.59,11.05,48.72,0
2018-02-20 23:00:00,21.39,26.01,48.11,162.9,29.12,45.36,1009.35,1.2,68.61,1
2018-02-21 00:00:00,4.5,18.47,37.44,94.58,29.24,74.62,1013.05,2.23,50.08,0
2018-02-21 01:00:00,12.35,29.07,43.21,222.77,33.14,71.05,1014.86,0.64,16.83,0
2018-02-21 02:00:00,12.96,32.76,72.67,117.82,30.67,55.71,1007.33,22.65,46.49,1
2018-02-21 03:00:00,6.14,7.99,30.77,85.86,43.35,48.36,1012.65,9.25,30.54,0
2018-02-21 04:00:00,4.02,6.84,65.59,146.09,25.95,83.43,1012.02,1.37,33.5,0
2018-02-21 05:00:00,1.69,22.49,53.28,164.38,20.71,73.06,1001.81,10.4,46.17,0
2018-02-21 06:00:00,0.44,4.45,106.27,269.98,43.17,92.69,1008.91,15.47,60.14,0
2018-02-21 07:00:00,8.65,25.17,47.62,104.08,28.57,56.08,1011.69,14.48,41.09,1
2018-02-21 08:00:00,7.13,11.98,80.69,163.03,23.2,87.79,1006.4,0.88,50.84,0
2018-02-21 09:00:00,9.83,12.84,91.08,270.96,19.31,62.25,1014.15,16.0,66.71,0
2018-02-21 10:00:00,2.81,8.94,29.89,168.47,26.28,62.32,1020.33,18.1,53.74,0
2018-02-21 11:00:00,23.13,35.58,64.59,165.19,23.72,49.66,1012.2,19.71,43.75,0
2018-02-21 12:00:00,7.73,23.72,47.89,137.0,23.77,58.97,1005.22,5.96,49.03,0
2018-02-21 13:00:00,4.32,21.72,41.83,65.5,16.6,64.86,1010.22,12.78,28.99,0
2018-02-21 14:00:00,3.2,25.73,74.33,184.34,25.97,64.74,1005.64,1.48,68.47,0
2018-02-21 15:00:00,10.25,16.69,69.11,128.69,30.36,74.26,1020.44,16.05,47.72,0
2018-02-21 16:00:00,16.48,38.14,56.84,206.28,22.48,57.61,1008.1,19.73,56.97,0
2018-02-21 17:00:00,5.06,18.42,36.85,123.49,25.61,62.15,1012.35,1.42,11.0,0
2018-02-21 18:00:00,18.72,33.67,65.15,94.99,25.33,63.91,1015.97,25.66,35.26,0
2018-02-21 19:00:00,1.53,52.37,83.14,121.16,28.5,67.03,1005.68,8.3,72.82,0
2018-02-21 20:00:00,7.33,26.54,34.92,277.17,37.21,69.84,1007.95,4.63,57.58,1
2018-02-21 21:00:00,7.53,18.29,67.66,182.06,29.16,60.69,1016.54,6.86,71.32,0
2018-02-21 22:00:00,8.71,18.13,25.42,80.38,21.64,58.22,1017.86,12.93,37.05,1
2018-02-21 23:00:00,5.79,18.33,35.36,124.99,27.32,56.99,1006.76,6.7,29.28,0
2018-02-22 00:00:00,6.96,10.4,46.15,115.55,29.97,79.75,1006.15,5.16,26.09,0
2018-02-22 01:00:00,1.47,17.98,66.89,214.96,21.27,67.03,1013.34,3.06,53.87,0
2018-02-22 02:00:00,15.21,27.63,43.84,165.89,22.96,62.96,1014.11,3.02,27.44,0
2018-02-22 03:00:00,11.32,26.14,54.51,366.75,22.87,62.32,1008.08,5.93,42.37,1
2018-02-22 04:00:00,6.7,20.02,42.82,140.34,26.97,67.26,1012.71,3.74,49.73,0
2018-02-22 05:00:00,11.55,15.37,17.41,51.45,25.93,54.15,1006.69,2.7,20.05,0
2018-02-22 06:00:00,15.61,35.27,58.88,76.36,18.73,61.17,1013.33,7.21,45.16,0
2018-02-22 07:00:00,8.6,16.46,30.12,41.65,24.8,56.0,1013.01,15.44,32.77,0
2018-02-22 08:00:00,25.11,49.44,80.4,220.3,27.8,70.22,1001.77,2.47,70.22,0
2018-02-22 09:00:00,9.25,30.09,42.06,127.72,33.9,73.49,1009.53,12.03,37.57,0
2018-02-22 10:00:00,1.81,38.35,60.64,130.08,20.71,62.8,1009.12,6.95,70.91,0
2018-02-22 11:00:00,6.39,18.9,47.24,87.77,22.94,50.47,1014.32,13.53,57.09,0
2018-02-22 12:00:00,11.95,34.49,67.26,143.37,21.75,52.29,1005.33,10.65,74.81,0
2018-02-22 13:00:00,15.62,54.87,81.12,202.59,18.98,98.69,1015.54,4.3,69.77,1
2018-02-22 14:00:00,5.91,13.21,80.03,150.6,13.44,61.23,1010.3,11.53,86.86,0
2018-02-22 15:00:00,1.63,27.97,65.36,219.83,30.44,85.8,1015.79,10.7,58.32,1
2018-02-22 16:00:00,3.93,22.89,69.23,278.3,28.64,65.1,1003.57,15.98,65.24,1
2018-02-22 17:00:00,0.8,6.23,35.1,124.79,30.26,51.75,1012.99,7.64,14.54,0
2018-02-22 18:00:00,10.12,21.51,22.08,88.23,29.44,58.2,1012.93,18.61,37.38,1
2018-02-22 19:00:00,3.15,59.18,70.21,132.4,25.55,73.92,1011.41,8.96,67.32,1
2018-02-22 20:00:00,2.2,27.58,37.17,123.91,24.44,59.45,1013.29,3.02,46.1,0
2018-02-22 21:00:00,11.0,28.71,54.62,143.74,33.81,58.82,1012.31,21.54,62.37,0
2018-02-22 22:00:00,18.42,25.89,102.21,199.99,31.51,57.81,998.2,4.38,80.66,0
2018-02-22 23:00:00,2.19,3.59,39.77,63.1,27.27,55.9,1019.79,9.57,39.89,0
2018-02-23 00:00:00,5.95,10.01,66.66,162.01,22.48,71.04,1007.38,3.94,75.88,0
2018-02-23 01:00:00,4.11,17.0,32.01,125.95,28.49,45.32,1008.89,3.28,20.81,0
2018-02-23 02:00:00,16.22,29.12,61.89,180.85,29.05,61.77,1011.12,13.1,65.19,1
2018-02-23 03:00:00,4.63,34.76,102.02,232.41,24.53,76.03,1011.79,2.34,75.22,0
2018-02-23 04:00:00,1.43,7.46,64.76,225.87,29.3,78.61,1004.12,7.55,61.49,0
2018-02-23 05:00:00,4.86,10.45,30.2,130.5,31.16,49.34,1004.45,9.2,28.24,0
2018-02-23 06:00:00,13.53,32.7,61.56,192.74,30.38,86.47,1018.21,23.47,62.4,1
2018-02-23 07:00:00,3.86,13.43,73.27,174.29,33.24,72.78,1008.69,7.36,45.18,0
2018-02-23 08:00:00,2.49,11.97,30.44,189.66,32.68,48.8,1013.42,10.02,30.43,0
2018-02-23 09:00:00,4.41,32.56,60.04,137.97,33.68,67.29,1005.8,10.67,56.52,0
2018-02-23 10:00:00,1.49,6.78,12.07,67.86,25.04,49.94,1020.63,18.78,14.12,0
2018-02-23 11:00:00,4.1,29.47,83.08,167.35,32.29,54.29,1014.25,5.04,81.29,0
2018-02-23 12:00:00,2.72,20.28,71.71,252.87,30.64,66.3,1007.69,15.51,74.57,0
2018-02-23 13:00:00,28.72,37.51,43.65,102.08,32.46,61.52,1019.13,2.22,34.78,0
2018-02-23 14:00:00,1.8,14.4,41.89,220.96,28.66,65.33,1014.86,3.26,53.21,0
2018-02-23 15:00:00,2.49,9.09,72.15,175.52,30.67,58.5,1014.53,8.96,51.34,0
2018-02-23 16:00:00,1.5,12.56,25.1,164.25,22.39,50.74,1016.55,8.41,56.3,0
2018-02-23 17:00:00,7.4,45.25,84.1,193.52,30.58,79.55,1008.19,10.46,32.56,0
2018-02-23 18:00:00,2.14,9.39,31.84,120.29,34.69,68.35,1020.9,9.55,49.24,0
2018-02-23 19:00:00,0.66,3.12,65.49,120.87,37.08,54.34,1019.48,12.61,68.61,0
2018-02-23 20:00:00,5.44,18.33,23.32,318.24,27.32,42.49,1021.14,6.68,22.7,1
2018-02-23 21:00:00,3.62,37.17,42.67,70.24,37.82,51.47,999.95,23.29,49.42,0
2018-02-23 22:00:00,2.27,17.41,35.65,187.15,27.1,72.6,1011.94,10.23,30.14,0
2018-02-23 23:00:00,15.89,26.41,58.43,78.94,31.82,36.62,1012.77,3.33,42.21,0
2018-02-24 00:00:00,7.63,17.8,50.22,248.81,28.35,58.19,1009.67,5.14,62.33,0
2018-02-24 01:00:00,6.86,32.73,39.66,161.21,34.98,71.38,1011.67,4.14,64.0,1
2018-02-24 02:00:00,7.79,24.33,66.69,111.59,29.12,68.94,1010.52,10.13,43.4,0
2018-02-24 03:00:00,7.43,26.56,75.07,122.66,24.7,67.0,1017.11,2.15,76.63,0
2018-02-24 04:00:00,3.82,18.05,50.6,135.07,33.72,73.32,1017.28,11.9,61.62,0
2018-02-24 05:00:00,2.17,25.17,88.48,107.57,25.27,68.7,1011.66,2.59,45.63,1
2018-02-24 06:00:00,5.56,43.41,87.94,245.59,29.72,65.37,1012.15,11.3,58.52,0
2018-02-24 07:00:00,3.75,16.47,38.62,90.6,18.69,69.46,1011.81,14.89,26.7,0
2018-02-24 08:00:00,1.33,17.66,94.16,124.72,32.55,91.1,1019.77,13.63,73.05,0
2018-02-24 09:00:00,3.25,40.02,124.71,266.89,17.68,54.67,1010.55,4.86,77.47,0
2018-02-24 10:00:00,11.21,25.41,64.75,80.81,25.25,58.81,1019.49,26.69,55.61,1
2018-02-24 11:00:00,5.59,31.21,46.52,124.97,20.49,60.3,1016.26,7.06,59.23,0
2018-02-24 12:00:00,1.71,7.93,69.7,108.39,21.84,61.91,1013.55,2.37,65.57,0
2018-02-24 13:00:00,1.17,8.2,18.61,125.86,27.8,58.95,1004.79,18.07,20.4,0
2018-02-24 14:00:00,13.32,57.1,73.34,232.97,24.31,67.99,1016.63,7.33,73.99,0
2018-02-24 15:00:00,4.02,25.68,82.19,100.67,32.06,57.58,1001.53,7.36,79.04,0
2018-02-24 16:00:00,4.3,15.8,30.3,190.82,26.65,66.18,1011.02,4.83,51.25,0
2018-02-24 17:00:00,9.21,17.6,89.69,161.09,28.92,69.93,1003.07,7.01,82.25,0
2018-02-24 18:00:00,1.12,11.3,26.52,61.59,23.51,72.28,1017.0,16.69,16.78,0
2018-02-24 19:00:00,5.17,9.4,34.53,67.86,32.11,71.89,1009.79,15.57,51.24,0
2018-02-24 20:00:00,5.67,26.09,49.4,121.1,29.0,61.77,1014.59,15.3,42.2,0
2018-02-24 21:00:00,1.22,20.22,68.52,84.6,30.89,72.64,1000.15,15.43,52.38,0
2018-02-24 22:00:00,14.35,33.04,80.73,150.24,32.18,46.58,1014.7,9.66,64.2,0
2018-02-24 23:00:00,5.77,37.23,60.0,136.1,32.75,44.52,1015.12,6.05,53.75,0
2018-02-25 00:00:00,3.23,16.84,60.81,173.2,30.28,76.86,1005.78,5.19,26.01,0
2018-02-25 01:00:00,4.05,21.63,57.28,208.45,28.96,63.93,1008.31,5.47,58.7,0
2018-02-25 02:00:00,0.9,3.49,54.11,172.95,34.07,77.43,1017.84,11.32,51.43,1
2018-02-25 03:00:00,0.84,22.66,68.64,250.94,28.9,78.33,1012.02,6.78,60.63,0
2018-02-25 04:00:00,2.9,22.23,37.26,76.65,25.73,46.36,1015.99,9.3,18.73,0
2018-02-25 05:00:00,3.11,7.86,80.22,183.45,33.04,75.97,1001.39,12.1,51.6,0
2018-02-25 06:00:00,3.77,15.31,21.41,130.41,33.75,51.01,1011.47,7.74,25.75,0
2018-02-25 07:00:00,15.41,44.0,68.99,248.76,27.72,64.38,1015.77,10.11,63.28,0
2018-02-25 08:00:00,8.77,25.95,70.04,178.05,31.41,54.85,1006.95,2.06,70.91,0
2018-02-25 09:00:00,0.3,8.17,38.41,86.28,30.51,71.85,1008.46,15.27,30.73,0
2018-02-25 10:00:00,13.07,32.44,60.47,140.3,28.49,70.77,1010.88,1.51,65.09,0
2018-02-25 11:00:00,2.87,43.96,68.55,172.73,19.92,61.32,1006.82,4.12,47.98,0
2018-02-25 12:00:00,9.54,13.05,35.32,60.43,21.94,53.57,1018.94,3.44,32.19,0
2018-02-25 13:00:00,3.14,24.42,91.52,285.66,25.97,79.21,1013.47,3.51,67.98,1
2018-02-25 14:00:00,5.42,22.12,50.5,131.29,28.23,56.21,1011.27,13.07,39.99,0
2018-02-25 15:00:00,1.01,5.35,33.74,279.54,21.53,54.99,1022.41,6.9,43.33,0
2018-02-25 16:00:00,6.65,23.93,41.78,70.33,16.49,55.19,1011.02,6.75,32.41,0
2018-02-25 17:00:00,10.51,19.02,65.84,107.05,27.44,59.42,1013.28,7.79,63.4,0
2018-02-25 18:00:00,0.45,11.06,20.92,132.45,28.05,65.56,1007.77,5.41,32.58,0
2018-02-25 19:00:00,10.65,30.1,124.77,187.44,32.76,79.73,1008.53,2.94,69.42,0
2018-02-25 20:00:00,2.16,21.07,36.19,183.39,38.63,55.88,1015.3,12.49,53.04,0
2018-02-25 21:00:00,19.58,38.22,66.26,151.11,20.53,56.39,1014.08,3.13,62.19,1
2018-02-25 22:00:00,9.69,65.56,106.03,188.11,29.88,73.9,1004.86,1.02,81.59,0
2018-02-25 23:00:00,8.26,20.19,78.87,158.83,41.08,66.5,1003.83,15.2,54.95,0
2018-02-26 00:00:00,4.07,9.33,33.25,64.6,20.75,68.76,1012.32,10.32,15.49,0
2018-02-26 01:00:00,32.8,54.25,74.73,161.04,22.63,61.19,1012.45,23.37,66.29,0
2018-02-26 02:00:00,2.89,19.52,53.34,92.64,33.35,68.9,1001.37,4.65,89.2,0
2018-02-26 03:00:00,1.37,10.23,28.66,280.4,29.04,57.6,1022.88,7.69,0.0,0
2018-02-26 04:00:00,2.26,10.63,36.74,49.86,29.52,64.5,1013.36,9.07,54.03,0
2018-02-26 05:00:00,12.2,45.04,122.96,216.92,31.41,93.37,998.65,5.41,71.05,0
2018-02-26 06:00:00,5.31,6.98,21.98,123.57,32.07,56.33,1014.42,1.35,41.03,0
2018-02-26 07:00:00,4.56,20.91,24.84,137.04,30.33,81.2,1004.15,18.35,18.06,0
2018-02-26 08:00:00,2.94,11.04,28.18,159.38,31.0,57.92,1006.95,12.31,44.92,1
2018-02-26 09:00:00,4.32,22.36,32.1,53.23,21.41,50.36,1014.27,4.8,55.46,0
2018-02-26 10:00:00,2.71,9.79,55.36,159.4,33.4,80.63,1004.84,28.97,51.19,0
2018-02-26 11:00:00,8.97,27.32,47.76,124.46,36.6,81.74,1006.64,24.37,53.51,0
2018-02-26 12:00:00,3.67,31.13,94.03,163.27,34.1,62.56,1014.04,11.42,75.28,0
2018-02-26 13:00:00,2.31,11.37,37.04,178.9,30.75,53.77,1011.21,2.73,29.07,0
2018-02-26 14:00:00,11.34,21.53,31.45,200.55,38.38,68.85,1009.7,18.44,35.4,0
2018-02-26 15:00:00,1.43,19.29,77.1,104.6,29.03,74.6,1009.5,4.48,70.26,0
2018-02-26 16:00:00,5.39,28.14,43.74,124.28,33.46,54.78,1020.03,30.21,63.49,0
2018-02-26 17:00:00,0.21,49.33,53.21,180.08,37.31,55.63,1015.41,6.94,40.62,0
2018-02-26 18:00:00,0.73,11.1,50.31,136.06,26.0,66.91,1004.37,3.44,54.75,0
2018-02-26 19:00:00,3.25,13.43,31.16,192.51,35.21,59.25,1019.47,19.39,31.93,0
2018-02-26 20:00:00,2.66,8.26,49.6,96.33,21.78,69.7,1009.19,2.9,56.57,0
2018-02-26 21:00:00,2.65,3.79,56.05,209.23,23.25,70.83,1010.65,6.5,61.54,0
2018-02-26 22:00:00,9.77,37.4,73.5,136.63,22.59,77.37,1005.61,21.46,58.62,0
2018-02-26 23:00:00,10.28,22.64,41.09,79.87,16.18,41.96,1009.28,11.92,48.92,0
2018-02-27 00:00:00,6.46,11.89,71.03,157.25,24.06,86.43,1011.52,21.54,36.79,0
2018-02-27 01:00:00,1.33,26.13,40.52,112.46,28.45,67.48,1011.98,11.17,50.77,0
2018-02-27 02:00:00,4.28,25.7,67.09,92.24,26.32,62.75,1019.32,3.36,62.53,0
2018-02-27 03:00:00,21.81,31.89,79.05,160.21,20.98,68.17,1004.58,14.52,79.06,1
2018-02-27 04:00:00,30.38,47.23,78.71,216.91,14.44,75.66,1009.52,17.18,35.75,1
2018-02-27 05:00:00,11.43,17.71,69.18,244.65,23.87,69.8,1000.14,12.43,56.5,1
2018-02-27 06:00:00,1.4,23.59,59.9,186.22,23.33,68.27,1008.06,3.21,34.77,0
2018-02-27 07:00:00,4.32,12.98,52.81,97.06,38.42,63.58,1016.36,3.23,31.51,0
2018-02-27 08:00:00,6.06,35.88,87.47,187.85,27.89,87.43,1017.49,16.85,38.07,0
2018-02-27 09:00:00,5.21,24.86,59.85,81.94,37.64,69.17,1018.88,1.68,56.72,0
2018-02-27 10:00:00,12.47,16.94,72.54,188.88,24.06,79.44,1008.57,17.08,50.96,0
2018-02-27 11:00:00,9.4,37.08,107.25,217.26,33.78,96.13,1007.7,1.9,80.63,1
2018-02-27 12:00:00,1.3,27.49,69.85,113.73,29.34,77.2,1005.72,10.03,60.34,0
2018-02-27 13:00:00,2.38,26.22,78.59,140.51,23.54,72.16,1009.28,11.48,69.57,0
2018-02-27 14:00:00,11.39,36.14,67.72,161.86,29.41,48.79,1016.53,9.31,66.61,0
2018-02-27 15:00:00,15.83,29.51,100.48,209.64,26.87,68.99,1013.65,4.76,94.82,1
2018-02-27 16:00:00,6.13,22.76,60.99,202.72,26.32,87.19,1008.33,5.63,52.63,0
2018-02-27 17:00:00,17.45,29.23,78.65,100.39,18.87,72.46,1008.63,11.66,57.98,0
2018-02-27 18:00:00,5.48,8.04,18.22,38.48,38.83,44.94,1010.93,7.6,12.67,0
2018-02-27 19:00:00,1.65,21.06,67.75,86.2,30.99,65.06,1007.9,25.95,64.69,0
2018-02-27 20:00:00,8.66,12.13,45.58,141.59,21.88,51.41,1012.57,2.01,33.02,0
2018-02-27 21:00:00,0.91,6.5,52.03,175.86,30.15,59.79,1014.88,9.23,51.42,0
2018-02-27 22:00:00,16.92,25.2,73.83,139.08,26.09,64.26,1021.92,12.31,90.5,0
2018-02-27 23:00:00,8.23,22.56,74.38,135.01,35.71,62.53,1010.46,20.44,37.89,0
2018-02-28 00:00:00,2.21,45.09,92.16,130.44,26.4,72.36,1013.25,27.17,53.71,1
2018-02-28 01:00:00,0.22,8.44,35.21,165.22,27.75,40.91,1006.72,11.25,40.81,0
2018-02-28 02:00:00,0.07,45.27,132.88,222.29,24.56,85.53,1008.88,6.12,76.22,1
2018-02-28 03:00:00,2.64,28.32,91.28,198.12,30.65,85.76,1009.03,4.61,88.27,0
2018-02-28 04:00:00,7.06,24.8,53.55,122.86,27.91,46.24,1014.46,20.53,34.49,0
2018-02-28 05:00:00,10.69,18.16,45.88,108.64,34.87,73.89,1013.84,15.13,44.09,1
2018-02-28 06:00:00,12.89,27.38,28.6,105.92,29.7,66.7,1015.44,1.68,42.2,0
2018-02-28 07:00:00,6.48,21.86,34.86,107.29,41.44,64.92,1011.09,36.86,18.92,0
2018-02-28 08:00:00,5.56,27.55,44.84,212.37,27.23,63.55,1009.72,10.7,45.3,0
2018-02-28 09:00:00,3.38,11.18,39.46,74.67,23.64,64.36,1005.61,10.22,62.0,0
2018-02-28 10:00:00,7.22,33.44,102.8,234.29,24.01,82.17,1010.44,2.61,84.01,1
2018-02-28 11:00:00,2.25,15.52,41.57,93.46,24.04,64.67,1011.05,1.7,37.04,0
2018-02-28 12:00:00,0.99,20.36,33.18,94.07,23.53,87.89,1018.68,6.18,48.54,0
2018-02-28 13:00:00,5.23,17.69,62.68,158.57,36.36,59.94,1009.99,7.81,19.8,1
2018-02-28 14:00:00,10.0,42.38,89.6,211.42,26.59,87.58,1007.17,9.42,60.63,0
2018-02-28 15:00:00,0.69,6.59,32.83,103.06,29.67,59.63,1014.7,5.12,15.33,0
2018-02-28 16:00:00,2.64,19.63,83.61,116.5,21.0,66.1,1003.21,4.89,69.32,0
2018-02-28 17:00:00,5.04,9.41,76.16,280.88,28.03,78.79,1011.78,5.47,62.87,0
2018-02-28 18:00:00,4.93,25.44,32.01,55.6,15.15,57.69,1008.77,22.72,23.89,0
2018-02-28 19:00:00,8.03,13.5,60.94,95.3,29.98,83.38,1004.79,16.07,68.78,0
2018-02-28 20:00:00,21.32,32.58,36.11,216.07,25.11,54.03,1012.39,30.62,9.87,0
2018-02-28 21:00:00,0.07,10.31,38.81,191.29,36.84,74.68,999.7,2.87,65.57,0
2018-02-28 22:00:00,22.08,74.67,189.16,378.35,32.59,95.07,1009.26,32.61,100.0,1
2018-02-28 23:00:00,20.58,28.24,74.16,125.89,32.46,66.71,1010.84,6.42,62.12,1
2018-03-01 00:00:00,10.85,37.21,56.31,98.22,23.23,55.31,1008.02,10.21,42.75,0
2018-03-01 01:00:00,6.02,7.1,56.2,195.53,30.03,55.25,1015.77,13.6,46.71,1
2018-03-01 02:00:00,2.31,16.67,34.55,66.78,38.81,52.72,1014.34,5.91,43.39,0
2018-03-01 03:00:00,10.73,44.07,82.51,125.07,23.86,80.93,1003.75,3.44,55.29,0
2018-03-01 04:00:00,6.33,9.06,24.24,48.79,23.43,59.82,1015.11,17.47,30.83,0
2018-03-01 05:00:00,3.46,29.04,52.51,102.0,28.34,72.35,1013.71,9.33,53.38,1
2018-03-01 06:00:00,10.49,23.03,86.32,124.33,29.42,72.07,1007.76,11.65,75.86,0
2018-03-01 07:00:00,12.11,13.69,99.8,128.75,31.76,61.99,1008.4,14.52,94.79,1
2018-03-01 08:00:00,15.73,43.85,82.18,164.21,31.03,73.35,1018.33,2.18,86.9,0
2018-03-01 09:00:00,2.0,23.21,75.97,134.8,29.33,74.81,1012.4,7.23,60.25,0
2018-03-01 10:00:00,14.1,20.87,41.89,146.31,24.17,45.06,1005.38,5.23,19.16,0
2018-03-01 11:00:00,3.53,25.65,39.22,72.81,39.0,56.11,1012.27,13.43,41.01,0
2018-03-01 12:00:00,6.04,9.01,44.62,93.07,36.41,54.89,1003.81,13.51,64.07,0
2018-03-01 13:00:00,7.22,15.93,50.0,71.29,30.69,51.45,1013.84,6.93,45.62,0
2018-03-01 14:00:00,13.16,27.25,145.43,202.64,35.01,82.63,1005.11,0.56,100.0,1
2018-03-01 15:00:00,9.57,23.12,50.96,190.03,27.93,66.92,1008.9,13.35,29.33,1
2018-03-01 16:00:00,3.39,22.35,49.31,172.33,21.5,77.01,1006.67,8.25,53.19,0
2018-03-01 17:00:00,0.1,51.84,97.64,169.04,33.13,80.64,1007.95,8.06,79.76,0
2018-03-01 18:00:00,7.94,24.11,44.71,289.46,21.25,60.0,1012.63,9.89,70.24,0
2018-03-01 19:00:00,5.8,22.28,39.29,61.62,39.61,59.04,1008.42,7.82,42.29,0
2018-03-01 20:00:00,0.89,30.78,72.11,222.91,22.04,85.7,1006.72,22.0,66.04,0
2018-03-01 21:00:00,6.49,19.97,28.88,64.16,36.02,65.26,1012.4,24.09,46.01,0
2018-03-01 22:00:00,4.97,7.23,51.3,126.21,38.58,75.73,1009.68,7.82,31.92,0
2018-03-01 23:00:00,15.61,30.6,53.22,165.47,20.85,50.46,1009.94,10.18,40.31,0
2018-03-02 00:00:00,23.28,25.21,76.28,121.13,20.31,52.89,1006.92,8.49,66.79,0
2018-03-02 01:00:00,11.85,39.86,111.88,163.25,31.11,71.0,1004.35,7.86,84.06,0
2018-03-02 02:00:00,4.68,18.64,35.66,186.66,36.82,71.19,1011.12,1.46,35.18,0
2018-03-02 03:00:00,5.44,23.84,50.36,131.18,32.23,79.98,1014.86,15.66,53.57,0
2018-03-02 04:00:00,1.91,7.91,68.6,93.18,23.8,59.72,1010.24,5.24,60.04,0
2018-03-02 05:00:00,2.41,8.68,47.0,107.03,36.88,68.74,1009.85,5.95,60.09,1
2018-03-02 06:00:00,4.41,25.42,112.67,159.62,40.71,79.42,1001.92,19.29,73.81,1
2018-03-02 07:00:00,3.93,15.17,54.47,74.18,23.17,53.17,1008.72,19.83,54.41,1
2018-03-02 08:00:00,0.81,8.52,78.27,103.12,30.51,60.57,1007.58,7.37,57.23,0
2018-03-02 09:00:00,15.74,49.07,60.91,154.68,31.87,64.87,1011.3,15.74,45.64,0
2018-03-02 10:00:00,17.57,32.86,49.4,87.94,26.88,51.12,1011.5,1.9,66.26,0
2018-03-02 11:00:00,15.33,23.96,104.14,361.44,23.48,99.09,1020.99,10.8,91.51,0
2018-03-02 12:00:00,18.06,34.04,50.3,148.26,22.56,53.45,1009.44,11.11,49.19,0
2018-03-02 13:00:00,28.68,38.61,119.38,259.84,18.64,71.92,1012.84,22.51,77.41,0
2018-03-02 14:00:00,1.96,21.73,40.11,56.33,33.16,65.88,1015.76,21.21,61.67,0
2018-03-02 15:00:00,27.73,33.42,43.17,141.09,25.59,65.19,1014.63,1.72,70.94,0
2018-03-02 16:00:00,3.37,31.69,59.32,143.11,37.55,71.85,1010.96,22.43,30.99,0
2018-03-02 17:00:00,9.06,18.99,30.85,139.12,31.4,50.43,1024.57,9.63,27.68,0
2018-03-02 18:00:00,0.52,4.75,52.88,61.26,27.94,50.96,1006.91,3.38,40.81,1
2018-03-02 19:00:00,2.9,7.65,11.21,226.01,36.39,58.02,1015.03,4.8,22.72,0
2018-03-02 20:00:00,12.14,24.01,124.93,196.68,27.98,68.41,1012.26,9.74,82.69,1
2018-03-02 21:00:00,9.46,17.21,51.2,122.66,25.29,56.92,1002.99,8.39,45.88,0
2018-03-02 22:00:00,3.3,6.76,56.64,136.85,32.41,57.18,1003.96,4.39,60.93,0
2018-03-02 23:00:00,5.44,9.11,63.27,106.24,25.31,58.36,1016.96,2.85,50.12,0
2018-03-03 00:00:00,2.55,16.62,53.29,247.4,29.25,50.07,1012.64,11.17,42.8,0
2018-03-03 01:00:00,12.12,28.76,72.35,85.47,30.27,57.33,1004.73,2.31,57.98,1
2018-03-03 02:00:00,16.61,31.42,56.25,111.75,28.6,61.46,1017.11,22.13,54.44,1
2018-03-03 03:00:00,1.97,34.65,88.7,145.65,30.35,82.29,1009.01,1.48,70.21,0
2018-03-03 04:00:00,4.9,23.3,112.85,155.91,30.36,95.62,1013.76,15.23,86.65,0
2018-03-03 05:00:00,6.3,14.85,39.03,105.04,29.23,71.27,1020.12,3.86,40.77,0
2018-03-03 06:00:00,8.22,82.13,140.67,195.99,25.31,82.73,1007.11,3.77,88.6,1
2018-03-03 07:00:00,6.81,13.33,78.57,115.91,22.51,79.36,1000.58,5.93,67.86,0
2018-03-03 08:00:00,7.64,10.69,33.83,108.26,24.12,59.53,1007.94,2.04,15.23,0
2018-03-03 09:00:00,4.38,26.19,57.71,142.4,24.47,67.95,1000.95,11.11,60.1,0
2018-03-03 10:00:00,4.49,47.53,78.03,357.18,31.79,76.23,1005.73,5.76,76.26,0
2018-03-03 11:00:00,4.27,29.28,57.28,94.1,37.66,70.73,1017.9,12.5,35.13,0
2018-03-03 12:00:00,2.79,14.14,32.9,130.72,28.13,70.49,1008.18,14.93,51.94,0
2018-03-03 13:00:00,3.22,10.38,42.79,138.92,34.93,69.49,1005.93,5.84,65.39,0
2018-03-03 14:00:00,7.89,28.64,55.7,189.32,24.29,57.69,1018.79,1.17,37.57,0
2018-03-03 15:00:00,15.75,27.59,101.42,222.57,27.36,79.68,1008.45,7.27,79.72,1
2018-03-03 16:00:00,1.54,12.39,51.09,68.07,27.22,56.71,1012.33,13.78,42.28,0
2018-03-03 17:00:00,4.47,38.92,59.1,122.84,31.41,72.96,1005.44,17.62,49.84,0
2018-03-03 18:00:00,1.12,3.46,80.22,114.84,24.76,65.34,1016.31,3.31,56.15,0
2018-03-03 19:00:00,2.86,20.6,88.13,127.3,32.23,57.95,1010.07,2.9,49.82,0
2018-03-03 20:00:00,3.44,11.05,38.76,63.94,30.07,47.98,1015.54,7.77,62.62,0
2018-03-03 21:00:00,5.88,19.5,56.58,119.87,29.05,86.77,1003.72,6.42,50.19,0
2018-03-03 22:00:00,5.72,12.06,86.47,186.97,25.01,60.06,1016.41,5.24,69.21,0
2018-03-03 23:00:00,4.85,16.69,73.61,251.59,19.0,77.72,1011.99,12.19,70.97,0
2018-03-04 00:00:00,7.3,65.53,73.6,153.05,25.66,75.0,1006.71,2.84,68.31,1
2018-03-04 01:00:00,1.75,25.16,40.58,80.42,32.25,71.52,1009.41,5.19,34.94,0
2018-03-04 02:00:00,5.93,26.67,48.43,134.34,18.4,53.64,1008.6,14.23,39.67,0
2018-03-04 03:00:00,9.7,23.6,47.32,153.65,19.44,59.32,1012.57,16.1,42.16,0
2018-03-04 04:00:00,1.73,14.71,45.71,207.69,26.51,53.49,1011.94,5.42,61.1,0
2018-03-04 05:00:00,0.35,14.95,57.44,92.53,23.45,75.18,1018.9,6.31,45.43,0
2018-03-04 06:00:00,12.03,31.28,62.27,86.96,45.0,81.01,1000.61,8.6,45.63,0
2018-03-04 07:00:00,1.17,24.88,91.01,181.09,29.39,70.9,1012.79,30.79,61.42,1
2018-03-04 08:00:00,2.69,49.19,73.25,147.18,25.84,89.61,1002.29,9.88,60.87,0
2018-03-04 09:00:00,9.45,20.76,86.91,146.67,34.31,73.23,1022.51,25.45,72.74,0
2018-03-04 10:00:00,1.61,35.5,74.31,145.23,27.69,66.28,1017.83,3.83,100.0,0
2018-03-04 11:00:00,11.34,58.17,95.35,131.15,27.57,73.12,1009.4,2.51,55.24,1
2018-03-04 12:00:00,2.25,27.21,80.41,95.49,38.08,74.29,1012.25,11.65,47.61,0
2018-03-04 13:00:00,1.91,14.73,62.61,181.62,16.59,51.46,1011.11,4.47,77.86,0
2018-03-04 14:00:00,2.27,27.34,58.25,172.79,22.73,68.07,1007.82,7.54,19.05,0
2018-03-04 15:00:00,8.36,11.66,30.2,57.05,30.96,58.8,1008.22,2.76,51.26,0
2018-03-04 16:00:00,2.69,44.37,119.33,187.74,22.78,73.81,1008.58,35.25,74.75,0
2018-03-04 17:00:00,12.07,38.68,74.31,185.06,22.72,67.02,997.01,13.25,58.79,0
2018-03-04 18:00:00,5.06,17.47,53.34,155.38,32.58,74.34,1017.66,5.02,47.15,0
2018-03-04 19:00:00,5.51,17.22,148.72,192.64,24.32,81.77,1016.3,2.89,100.0,1
2018-03-04 20:00:00,1.84,5.96,72.52,156.66,30.06,56.65,1009.12,4.65,54.69,0
2018-03-04 21:00:00,13.61,43.03,72.06,104.23,26.64,68.65,1017.65,0.88,71.8,0
2018-03-04 22:00:00,9.77,21.68,55.29,181.71,29.96,62.45,1008.46,8.94,43.56,1
2018-03-04 23:00:00,9.53,53.62,70.66,135.58,27.5,67.7,1007.66,10.5,47.13,0
2018-03-05 00:00:00,4.12,7.36,20.02,106.45,32.64,57.75,1013.27,10.1,21.46,0
2018-03-05 01:00:00,0.93,7.38,36.4,132.68,33.27,65.0,1014.29,5.49,33.1,0
2018-03-05 02:00:00,5.8,11.62,57.35,122.9,24.19,51.34,1006.72,2.19,31.83,0
2018-03-05 03:00:00,8.05,9.0,27.02,123.3,19.15,46.23,1013.69,11.75,30.52,0
2018-03-05 04:00:00,8.12,29.99,87.03,216.13,27.27,69.67,1011.33,19.33,87.75,1
2018-03-05 05:00:00,7.16,12.14,26.9,62.43,24.81,57.13,1000.74,21.74,45.98,0
2018-03-05 06:00:00,6.89,13.36,42.69,190.38,24.09,53.02,1010.08,15.26,42.87,0
2018-03-05 07:00:00,2.23,7.49,61.2,114.22,18.48,45.5,1009.69,16.14,59.58,0
2018-03-05 08:00:00,2.37,12.44,117.81,217.42,25.76,78.61,1005.78,9.0,79.44,1
2018-03-05 09:00:00,1.14,39.5,121.24,185.48,28.23,72.22,1005.67,20.61,87.9,1
2018-03-05 10:00:00,12.19,31.44,102.03,191.45,24.75,76.59,1011.8,24.9,81.67,1
2018-03-05 11:00:00,22.46,38.23,74.78,215.74,27.73,71.07,1002.36,9.53,40.97,1
2018-03-05 12:00:00,40.31,53.95,113.09,187.47,31.58,82.4,1014.43,1.49,89.38,0
2018-03-05 13:00:00,6.2,15.01,42.54,137.91,35.8,51.93,1010.84,18.05,50.33,0
2018-03-05 14:00:00,6.9,15.82,67.2,233.63,36.45,67.25,1016.82,8.55,47.08,0
2018-03-05 15:00:00,4.29,19.5,31.13,85.4,24.43,81.4,1008.73,20.15,29.39,0
2018-03-05 16:00:00,6.11,41.67,84.16,124.83,23.88,72.53,1014.88,0.94,80.9,0
2018-03-05 17:00:00,1.6,9.89,21.46,156.23,20.4,73.73,1014.97,12.04,48.95,0
2018-03-05 18:00:00,4.2,31.39,99.06,165.85,32.49,79.78,1000.59,10.25,68.66,0
2018-03-05 19:00:00,1.93,7.41,64.62,125.08,29.01,57.69,1009.8,8.65,64.99,0
2018-03-05 20:00:00,3.65,25.4,112.2,261.15,35.81,99.22,1021.73,28.37,100.0,0
2018-03-05 21:00:00,2.15,36.77,49.89,94.34,29.0,77.83,1015.48,6.17,50.51,0
2018-03-05 22:00:00,8.05,20.89,151.57,251.99,24.94,69.37,1002.17,3.11,84.51,1
2018-03-05 23:00:00,8.98,17.84,51.29,235.39,27.73,62.64,1008.85,3.36,41.2,0
2018-03-06 00:00:00,6.71,28.4,95.45,128.58,26.81,89.99,1013.8,11.18,50.54,1
2018-03-06 01:00:00,2.38,43.55,60.02,247.29,24.04,72.18,1012.59,6.5,71.83,0
2018-03-06 02:00:00,1.03,27.38,72.24,129.6,28.47,49.56,1002.89,4.57,90.41,0
2018-03-06 03:00:00,9.07,53.99,84.72,144.98,23.19,63.25,1001.23,12.98,72.54,0
2018-03-06 04:00:00,5.03,18.84,76.04,99.79,35.64,60.77,1013.89,10.47,48.63,0
2018-03-06 05:00:00,0.32,13.49,20.23,108.71,18.53,73.45,1010.88,5.14,44.6,0
2018-03-06 06:00:00,5.76,9.37,24.66,60.55,34.62,64.59,1017.48,2.64,20.33,0
2018-03-06 07:00:00,6.95,15.5,87.29,190.42,25.24,67.64,1011.66,9.8,96.57,0
2018-03-06 08:00:00,0.58,13.01,28.0,98.24,12.02,52.25,1007.93,13.62,23.23,1
2018-03-06 09:00:00,8.18,21.59,52.72,140.21,18.1,71.18,1010.96,0.69,51.56,0
2018-03-06 10:00:00,0.75,22.16,50.15,162.87,27.64,62.79,1009.11,12.66,61.12,0
2018-03-06 11:00:00,2.08,11.37,53.03,268.65,25.68,66.35,1012.59,12.68,51.7,0
2018-03-06 12:00:00,0.75,10.51,28.33,103.33,30.24,66.17,1007.51,2.39,8.92,0
2018-03-06 13:00:00,1.81,51.85,127.8,231.77,25.66,79.74,1000.93,4.49,97.38,0
2018-03-06 14:00:00,1.04,2.06,44.32,138.86,31.18,49.42,1010.65,2.24,32.23,0
2018-03-06 15:00:00,12.13,13.62,94.92,181.59,28.06,80.63,1005.39,8.5,75.81,1
2018-03-06 16:00:00,3.89,10.17,67.02,94.18,31.58,77.42,1015.38,17.9,38.38,0
2018-03-06 17:00:00,3.05,4.45,44.96,87.31,32.77,84.16,1010.23,6.88,48.12,0
2018-03-06 18:00:00,13.11,14.93,17.45,46.23,30.79,51.9,1013.7,3.53,39.12,0
2018-03-06 19:00:00,12.55,22.81,73.86,246.95,26.36,81.12,1008.53,8.09,76.42,0
2018-03-06 20:00:00,3.34,20.64,71.32,246.49,35.82,80.62,1011.3,7.13,71.93,0
2018-03-06 21:00:00,6.59,16.52,96.83,209.84,27.63,83.1,1012.65,5.67,95.87,0
2018-03-06 22:00:00,2.61,20.67,58.84,194.23,24.0,67.18,1012.14,10.65,61.95,0
2018-03-06 23:00:00,4.54,28.34,29.39,58.82,25.66,51.12,1003.79,10.01,32.12,0
2018-03-07 00:00:00,1.34,17.23,52.99,156.83,30.12,61.63,1008.92,11.91,51.25,0
2018-03-07 01:00:00,7.51,25.54,78.6,127.34,33.48,57.95,1020.46,9.82,74.45,1
2018-03-07 02:00:00,13.54,24.52,60.13,95.62,31.67,50.74,1012.76,19.09,29.28,0
2018-03-07 03:00:00,11.62,20.9,45.37,180.84,31.68,70.7,1009.17,9.87,15.18,0
2018-03-07 04:00:00,5.27,6.5,66.18,169.66,25.97,58.52,1008.13,12.77,61.1,0
2018-03-07 05:00:00,0.25,24.91,30.5,62.28,33.98,40.69,1018.95,10.3,68.9,0
2018-03-07 06:00:00,2.47,17.82,53.02,216.24,28.04,65.79,1013.79,3.06,65.91,0
2018-03-07 07:00:00,4.53,21.59,47.44,118.14,25.01,71.67,1005.02,13.7,41.68,0
2018-03-07 08:00:00,0.85,4.28,19.16,136.01,17.49,64.77,1022.32,10.38,45.59,0
2018-03-07 09:00:00,0.63,7.27,48.49,101.93,31.33,53.88,1012.71,8.44,42.54,0
2018-03-07 10:00:00,16.7,27.22,114.53,203.4,24.78,69.62,1010.29,11.08,71.07,0
2018-03-07 11:00:00,10.49,15.43,32.63,154.28,22.02,65.01,1019.26,6.68,18.67,0
2018-03-07 12:00:00,8.04,23.75,74.84,108.56,20.96,77.54,1011.19,10.53,59.4,0
2018-03-07 13:00:00,9.47,24.38,70.45,261.28,32.92,72.06,1012.66,36.17,47.08,1
2018-03-07 14:00:00,1.09,15.31,28.13,142.39,28.94,68.81,1004.41,12.92,48.57,0
2018-03-07 15:00:00,1.74,26.13,71.89,166.97,30.82,66.29,1010.04,6.21,36.43,0
2018-03-07 16:00:00,6.22,22.2,49.05,60.33,26.8,67.83,1004.97,10.24,57.09,0
2018-03-07 17:00:00,6.69,39.43,60.24,135.63,28.22,68.03,1008.3,8.57,40.52,0
2018-03-07 18:00:00,0.77,17.15,37.6,174.42,27.76,50.78,1012.93,13.22,43.57,0
2018-03-07 19:00:00,5.81,13.65,150.63,164.66,21.61,64.48,996.52,28.45,93.05,0
2018-03-07 20:00:00,4.62,17.84,25.78,199.81,32.48,51.06,1013.72,23.47,48.79,0
2018-03-07 21:00:00,11.31,11.95,81.68,104.73,23.28,62.34,1014.34,12.09,61.14,0
2018-03-07 22:00:00,6.72,23.92,53.36,141.72,25.02,77.92,1001.97,10.61,60.9,0
2018-03-07 23:00:00,18.26,25.07,41.15,238.28,30.03,61.23,1008.16,5.6,46.62,0
2018-03-08 00:00:00,3.36,18.0,43.36,140.88,33.69,54.4,1003.91,7.51,58.21,0
2018-03-08 01:00:00,1.21,8.95,82.18,208.51,24.59,67.85,1012.72,22.15,57.78,1
2018-03-08 02:00:00,17.88,22.82,98.2,233.84,32.19,74.71,1007.05,1.09,95.63,1
2018-03-08 03:00:00,7.05,46.75,62.41,169.67,29.81,61.83,1016.44,12.85,46.67,0
2018-03-08 04:00:00,4.64,12.27,57.14,97.95,26.78,59.46,1004.44,6.6,53.0,1
2018-03-08 05:00:00,1.82,8.31,51.18,115.25,27.53,60.19,1012.19,19.39,46.92,0
2018-03-08 06:00:00,3.4,25.44,53.95,95.24,27.47,66.79,1006.93,13.06,60.99,0
2018-03-08 07:00:00,3.21,13.46,61.47,246.73,29.26,64.28,1010.93,6.29,75.96,0
2018-03-08 08:00:00,1.13,8.28,64.28,129.37,34.33,61.84,1009.11,2.82,54.64,0
2018-03-08 09:00:00,0.11,22.59,37.55,181.05,29.61,54.07,1015.2,5.88,55.23,0
2018-03-08 10:00:00,3.12,16.04,23.31,139.82,26.5,62.47,1013.62,7.06,16.6,0
2018-03-08 11:00:00,9.68,34.27,47.06,132.92,25.52,59.54,1017.09,24.12,50.21,0
2018-03-08 12:00:00,14.5,48.03,72.79,112.53,28.78,73.74,1009.97,7.42,84.51,0
2018-03-08 13:00:00,11.68,21.73,50.41,97.2,25.39,79.76,1006.67,1.51,49.07,0
2018-03-08 14:00:00,12.26,33.46,93.17,144.41,18.22,60.56,1012.81,9.03,77.08,0
2018-03-08 15:00:00,1.34,35.91,67.9,98.08,34.3,64.75,1010.25,5.12,74.1,0
2018-03-08 16:00:00,6.33,47.14,71.94,299.76,27.3,51.94,1009.15,4.18,51.76,1
2018-03-08 17:00:00,8.1,16.52,23.46,135.17,27.01,56.79,1013.88,9.11,64.44,0
2018-03-08 18:00:00,8.57,35.63,107.28,192.96,35.42,93.18,1005.45,10.37,75.45,0
2018-03-08 19:00:00,4.54,6.05,21.69,38.87,25.18,64.83,1021.14,8.26,37.53,0
2018-03-08 20:00:00,5.62,21.84,97.44,165.6,30.34,65.85,1014.84,10.69,49.39,1
2018-03-08 21:00:00,11.39,15.3,38.21,110.36,27.98,66.47,1013.49,12.76,57.69,0
2018-03-08 22:00:00,7.84,17.89,31.41,112.85,29.9,49.35,1013.18,8.76,41.76,0
2018-03-08 23:00:00,9.19,62.1,96.21,178.87,24.72,61.01,1009.84,6.39,71.03,0
2018-03-09 00:00:00,2.96,27.89,45.5,152.97,32.97,69.74,1008.81,0.59,30.4,0
2018-03-09 01:00:00,8.77,12.77,39.97,68.4,37.77,59.07,1014.13,7.32,71.69,0
2018-03-09 02:00:00,5.55,10.88,44.23,99.28,22.85,60.73,1009.33,6.58,52.41,0
2018-03-09 03:00:00,10.44,39.35,94.86,197.53,32.18,71.58,1017.89,8.03,98.07,0
2018-03-09 04:00:00,2.23,30.5,132.83,236.95,28.66,76.35,1015.53,4.64,97.58,1
2018-03-09 05:00:00,9.72,39.02,59.93,147.47,30.02,78.84,1012.01,2.16,57.86,0
2018-03-09 06:00:00,3.45,19.61,55.93,184.39,30.55,50.47,1015.67,4.35,55.19,0
2018-03-09 07:00:00,9.76,34.61,45.58,109.27,21.11,55.18,1003.88,12.3,36.15,0
2018-03-09 08:00:00,6.37,16.8,66.35,141.98,23.65,69.2,1011.51,5.24,49.71,0
2018-03-09 09:00:00,5.16,15.22,53.51,182.86,26.66,52.96,1002.36,5.41,50.86,0
2018-03-09 10:00:00,3.66,19.17,25.98,56.47,34.73,52.05,1012.61,8.83,61.46,1
2018-03-09 11:00:00,4.66,11.7,51.56,239.19,26.33,72.88,1007.17,6.54,15.05,1
2018-03-09 12:00:00,3.13,9.21,26.26,146.5,30.57,51.3,1016.61,3.92,53.33,0
2018-03-09 13:00:00,3.58,23.84,50.73,102.24,28.31,72.31,1011.63,11.57,33.84,0
2018-03-09 14:00:00,7.65,29.19,116.08,248.6,28.37,62.45,1007.07,3.51,82.58,0
2018-03-09 15:00:00,0.43,6.65,14.63,48.6,28.84,78.18,1010.7,3.01,20.41,0
2018-03-09 16:00:00,9.65,18.11,70.61,241.39,23.52,74.51,999.54,1.54,68.98,0
2018-03-09 17:00:00,9.79,28.06,43.05,61.33,27.15,69.78,1015.91,9.8,65.71,0
2018-03-09 18:00:00,3.78,20.97,33.71,61.72,25.75,57.19,1018.71,7.89,49.56,0
2018-03-09 19:00:00,5.76,21.94,42.07,85.53,27.69,62.68,1015.43,20.96,31.02,0
2018-03-09 20:00:00,1.58,8.07,19.81,66.11,24.27,85.54,1009.82,14.25,34.6,0
2018-03-09 21:00:00,7.21,64.81,183.0,276.24,37.99,77.01,1002.25,2.97,100.0,1
2018-03-09 22:00:00,1.86,11.21,18.5,145.03,18.61,52.68,1003.98,9.34,35.63,0
2018-03-09 23:00:00,14.05,32.86,43.63,65.15,18.79,59.54,1009.54,9.61,55.58,0
2018-03-10 00:00:00,1.35,6.28,11.57,189.04,30.35,58.8,1001.05,8.46,42.98,0
2018-03-10 01:00:00,4.56,17.49,34.15,137.88,32.53,68.03,1001.12,24.15,31.28,0
2018-03-10 02:00:00,5.97,12.06,46.62,271.94,36.84,68.36,1016.2,1.24,46.06,0
2018-03-10 03:00:00,7.64,16.68,54.09,127.57,26.56,53.97,1019.11,4.01,55.93,0
2018-03-10 04:00:00,4.98,21.38,62.18,251.35,28.02,73.89,1007.71,3.19,66.43,1
2018-03-10 05:00:00,6.48,38.84,81.56,318.93,30.76,77.32,1012.5,9.9,67.27,1
2018-03-10 06:00:00,3.68,11.97,74.84,121.13,35.7,69.2,1007.91,3.76,38.5,0
2018-03-10 07:00:00,0.6,16.42,104.46,146.74,20.79,67.54,1015.23,4.23,78.35,0
2018-03-10 08:00:00,4.79,23.43,72.66,134.38,29.06,70.95,1011.59,2.62,57.34,0
2018-03-10 09:00:00,8.6,30.83,64.39,122.94,31.52,63.79,1013.83,5.73,46.54,0
2018-03-10 10:00:00,1.47,3.61,18.97,110.37,26.16,57.95,1003.25,4.89,16.11,0
2018-03-10 11:00:00,6.03,30.56,66.76,126.49,30.38,67.22,1010.2,14.61,40.51,0
2018-03-10 12:00:00,21.2,39.99,87.97,220.28,24.63,62.1,1007.29,3.86,61.79,1
2018-03-10 13:00:00,4.48,20.64,46.77,157.37,34.72,63.8,1018.22,3.96,36.28,0
2018-03-10 14:00:00,4.72,12.2,67.33,111.01,18.3,77.83,1007.91,5.8,52.84,0
2018-03-10 15:00:00,0.52,17.75,59.91,132.96,26.57,72.58,1009.66,4.47,48.45,0
2018-03-10 16:00:00,1.24,48.95,66.75,204.03,31.13,65.1,1001.37,5.36,39.38,0
2018-03-10 17:00:00,1.88,31.85,52.14,150.37,26.41,61.96,1011.94,10.32,15.13,0
2018-03-10 18:00:00,8.31,18.32,87.9,203.21,32.7,88.41,1010.44,5.17,87.96,0
2018-03-10 19:00:00,1.61,17.6,22.81,65.07,28.38,50.42,1010.75,11.57,37.19,0
2018-03-10 20:00:00,7.07,23.42,29.79,108.84,29.66,66.84,1018.33,4.34,25.9,0
2018-03-10 21:00:00,2.11,13.32,26.53,58.58,31.11,71.98,1012.17,18.46,34.68,0
2018-03-10 22:00:00,0.56,4.69,128.03,213.78,27.71,67.07,1005.37,26.55,100.0,1
2018-03-10 23:00:00,9.23,19.37,62.62,132.88,18.9,64.62,1006.81,12.27,75.54,0
2018-03-11 00:00:00,3.25,23.03,43.1,132.68,37.64,73.88,1015.24,12.49,19.53,0
2018-03-11 01:00:00,7.69,17.65,61.37,101.31,35.52,58.79,1002.75,21.35,51.21,0
2018-03-11 02:00:00,0.52,13.44,32.18,136.41,31.98,62.31,1008.56,1.48,42.03,0
2018-03-11 03:00:00,5.5,38.12,71.5,211.35,26.01,53.92,1009.86,9.6,80.36,0
2018-03-11 04:00:00,1.18,14.16,36.15,48.36,30.46,57.5,1009.68,11.37,24.34,0
2018-03-11 05:00:00,5.42,19.04,61.68,87.61,18.5,80.09,1010.47,3.81,53.32,0
2018-03-11 06:00:00,5.54,20.49,48.48,94.42,19.4,51.32,1016.96,4.03,33.31,0
2018-03-11 07:00:00,4.87,14.12,34.51,95.65,41.25,44.9,1010.44,1.54,33.48,0
2018-03-11 08:00:00,12.18,37.24,70.55,122.25,21.18,67.34,1005.55,22.37,59.79,1
2018-03-11 09:00:00,6.96,11.89,35.92,66.63,26.33,66.81,1019.44,7.32,27.02,0
2018-03-11 10:00:00,21.18,30.39,54.4,144.45,28.79,59.93,1009.71,1.3,44.06,1
2018-03-11 11:00:00,3.34,19.39,28.5,115.36,29.9,57.07,1014.12,6.07,37.05,0
2018-03-11 12:00:00,0.88,11.33,53.23,104.93,28.0,72.01,1018.53,8.62,62.63,0
2018-03-11 13:00:00,2.29,40.63,190.16,289.09,25.97,100.0,1002.75,3.54,100.0,1
2018-03-11 14:00:00,3.57,17.29,51.72,119.95,27.44,69.51,1020.11,0.68,54.07,0
2018-03-11 15:00:00,22.59,36.03,61.23,255.69,34.25,75.51,1019.77,4.19,52.1,0
2018-03-11 16:00:00,5.15,11.35,37.17,59.63,31.51,61.4,1008.05,8.24,51.94,0
2018-03-11 17:00:00,12.56,23.19,91.02,132.15,31.75,65.14,1006.95,9.81,46.08,0
2018-03-11 18:00:00,3.04,27.36,28.83,92.56,17.34,45.31,1015.67,10.55,21.29,0
2018-03-11 19:00:00,2.64,10.44,45.61,189.22,30.89,49.44,1018.65,5.64,34.23,0
2018-03-11 20:00:00,0.48,3.24,32.53,153.08,28.7,59.61,1016.01,16.78,18.08,0
2018-03-11 21:00:00,22.03,34.1,62.03,165.86,24.5,79.16,1010.62,24.23,55.95,0
2018-03-11 22:00:00,16.17,30.37,62.95,90.38,38.13,56.93,1013.47,7.76,54.05,0
2018-03-11 23:00:00,6.09,15.81,29.86,77.7,19.92,91.12,1015.52,6.85,41.41,0
2018-03-12 00:00:00,3.8,36.75,51.26,119.55,27.81,62.48,1012.78,1.37,50.16,0
2018-03-12 01:00:00,5.35,58.17,66.2,198.14,34.5,56.89,1008.43,16.59,85.65,0
2018-03-12 02:00:00,0.82,16.79,59.49,131.38,28.86,60.21,1015.01,13.79,63.5,0
2018-03-12 03:00:00,7.67,18.22,20.85,130.55,17.21,58.03,1010.96,3.0,39.89,0
2018-03-12 04:00:00,15.1,34.9,71.46,171.76,35.93,81.53,1001.05,3.57,56.73,0
2018-03-12 05:00:00,15.73,48.83,68.97,179.16,18.64,68.57,1003.77,17.93,82.61,1
2018-03-12 06:00:00,0.52,8.83,22.61,67.66,21.42,46.64,1018.7,13.54,28.19,0
2018-03-12 07:00:00,12.47,35.91,69.51,191.89,33.32,85.11,1005.23,6.27,67.0,1
2018-03-12 08:00:00,0.83,12.89,35.53,141.49,22.7,55.25,1012.3,13.53,34.82,0
2018-03-12 09:00:00,0.1,28.87,61.89,247.63,26.59,58.02,1017.24,12.23,57.59,0
2018-03-12 10:00:00,12.86,19.06,33.84,91.49,22.64,65.78,1012.72,4.58,46.21,0
2018-03-12 11:00:00,2.77,38.64,77.97,163.78,28.4,78.99,1021.8,7.15,76.63,0
2018-03-12 12:00:00,11.38,27.74,56.36,86.78,34.58,74.8,1010.56,12.0,35.2,0
2018-03-12 13:00:00,10.53,30.28,83.71,105.73,19.32,52.59,1005.97,8.13,68.36,0
2018-03-12 14:00:00,9.41,14.76,24.2,226.83,29.34,75.63,1004.95,4.24,18.89,0
2018-03-12 15:00:00,5.29,10.5,33.06,130.39,18.53,50.46,1002.6,10.49,32.94,0
2018-03-12 16:00:00,0.99,18.55,38.98,59.46,39.55,68.36,1019.37,18.35,42.92,0
2018-03-12 17:00:00,3.58,23.76,69.89,174.44,22.93,72.19,1004.99,17.07,62.74,1
2018-03-12 18:00:00,15.94,27.22,89.44,146.79,31.09,77.12,1001.83,10.18,68.63,0
2018-03-12 19:00:00,11.63,33.31,68.3,177.33,29.61,65.13,1008.83,19.96,43.26,1
2018-03-12 20:00:00,3.78,9.1,36.97,162.88,28.74,73.21,1008.8,18.27,52.07,0
2018-03-12 21:00:00,3.73,7.59,61.06,153.02,25.58,66.32,1007.55,5.6,28.94,0
2018-03-12 22:00:00,8.68,23.71,47.83,110.5,20.47,77.63,1017.81,0.5,50.99,0
2018-03-12 23:00:00,5.67,10.81,98.31,175.7,36.1,61.46,1010.69,5.87,75.9,0
2018-03-13 00:00:00,4.0,6.83,24.22,136.12,22.81,77.23,1016.53,8.57,34.26,0
2018-03-13 01:00:00,8.04,14.69,19.18,141.11,27.35,41.13,1023.81,13.25,50.75,1
2018-03-13 02:00:00,7.8,27.5,36.74,80.54,26.09,78.83,1007.76,1.28,43.39,0
2018-03-13 03:00:00,2.36,18.47,41.67,67.65,33.41,57.52,1012.71,12.03,69.57,0
2018-03-13 04:00:00,6.81,40.19,155.47,187.7,40.51,87.31,1000.61,16.01,100.0,1
2018-03-13 05:00:00,7.38,24.28,38.79,103.92,24.25,57.6,1019.35,7.57,32.57,0
2018-03-13 06:00:00,4.9,10.41,97.21,216.67,28.77,63.46,1008.58,3.63,73.93,0
2018-03-13 07:00:00,2.07,22.69,57.4,125.1,33.91,61.15,995.59,9.8,45.1,0
2018-03-13 08:00:00,3.46,11.57,26.02,55.47,35.32,67.91,1005.43,26.66,53.78,0
2018-03-13 09:00:00,1.57,12.68,37.52,127.82,27.15,65.89,1019.14,7.95,48.91,0
2018-03-13 10:00:00,6.98,15.22,72.52,145.27,27.36,80.81,1001.34,5.73,43.7,0
2018-03-13 11:00:00,0.53,5.36,32.47,156.84,35.06,66.57,1011.37,2.29,51.05,0
2018-03-13 12:00:00,17.29,88.55,103.33,140.9,17.85,77.56,1011.86,8.0,78.55,0
2018-03-13 13:00:00,14.53,21.63,45.1,140.52,33.01,80.2,1014.24,17.44,58.33,0
2018-03-13 14:00:00,7.54,9.98,76.09,164.7,23.6,73.76,1023.14,10.58,42.81,0
2018-03-13 15:00:00,11.06,33.42,171.24,278.7,28.82,76.29,1006.62,11.42,100.0,1
2018-03-13 16:00:00,10.44,12.22,67.51,203.21,28.34,55.13,1005.82,1.81,63.42,0
2018-03-13 17:00:00,5.76,17.89,108.72,123.96,24.66,93.4,1004.81,6.56,71.5,1
2018-03-13 18:00:00,4.11,28.85,83.16,131.67,29.71,69.35,1015.92,11.24,72.98,0
2018-03-13 19:00:00,3.64,7.9,61.9,130.9,26.03,67.01,998.56,8.72,46.49,0
2018-03-13 20:00:00,1.97,15.71,61.75,109.83,33.57,60.51,1012.01,18.96,56.92,0
2018-03-13 21:00:00,2.02,12.78,53.47,137.38,23.78,49.23,1019.34,7.5,61.67,0
2018-03-13 22:00:00,11.9,18.91,36.77,106.43,22.25,81.58,1012.17,13.51,45.64,0
2018-03-13 23:00:00,10.97,44.42,76.77,106.43,28.61,56.68,1016.9,13.65,41.07,0
2018-03-14 00:00:00,3.87,14.55,69.73,179.96,27.6,57.94,999.86,4.3,80.05,0
2018-03-14 01:00:00,8.29,30.33,71.18,107.07,36.31,64.89,1016.89,8.96,72.05,0
2018-03-14 02:00:00,9.29,35.49,43.49,128.2,27.86,58.39,1012.5,4.96,48.89,0
2018-03-14 03:00:00,0.91,12.65,78.34,110.94,27.99,63.54,1007.56,9.4,91.2,0
2018-03-14 04:00:00,15.3,20.92,68.74,153.26,21.35,74.54,1007.98,14.24,57.14,0
2018-03-14 05:00:00,9.29,35.92,99.17,168.2,29.06,84.3,1018.24,29.51,86.42,0
2018-03-14 06:00:00,7.67,19.82,34.07,109.81,21.72,60.93,1007.64,11.94,10.9,0
2018-03-14 07:00:00,9.35,22.54,30.69,118.6,26.97,63.77,1008.02,16.46,59.72,1
2018-03-14 08:00:00,6.85,17.0,44.12,171.68,22.96,54.01,1019.53,11.28,55.6,0
2018-03-14 09:00:00,4.62,30.59,72.81,127.98,30.83,74.28,1011.95,7.16,83.49,0
2018-03-14 10:00:00,5.81,10.82,92.72,120.68,27.4,69.34,1012.24,1.7,62.22,0
2018-03-14 11:00:00,0.79,14.11,52.57,117.67,34.33,61.06,1006.01,8.41,81.1,0
2018-03-14 12:00:00,23.6,29.34,134.51,264.39,22.48,89.23,1003.06,24.23,100.0,1
2018-03-14 13:00:00,4.54,14.66,37.17,46.11,28.21,47.7,1020.5,10.69,53.47,0
2018-03-14 14:00:00,23.29,51.71,97.66,125.35,28.68,83.31,1011.25,4.46,60.96,0
2018-03-14 15:00:00,5.9,34.08,40.41,107.81,27.16,62.09,1011.44,18.5,50.33,0
2018-03-14 16:00:00,2.61,14.0,71.9,209.58,33.92,63.55,1008.81,8.88,64.66,0
2018-03-14 17:00:00,14.94,31.83,110.51,161.08,27.56,92.87,1008.33,3.99,83.07,0
2018-03-14 18:00:00,7.39,24.04,64.47,129.97,22.2,75.04,1006.78,8.99,62.61,0
2018-03-14 19:00:00,30.36,36.12,47.83,94.4,30.14,47.02,1013.25,3.98,23.01,0
2018-03-14 20:00:00,2.53,22.59,54.75,110.89,37.78,74.94,1007.71,5.25,65.04,0
2018-03-14 21:00:00,15.46,21.78,43.79,157.41,24.18,69.23,1009.32,10.44,31.93,1
2018-03-14 22:00:00,16.13,25.78,49.85,174.45,27.54,51.62,1013.53,16.55,47.41,0
2018-03-14 23:00:00,9.98,12.54,44.49,162.78,29.05,62.67,1018.46,19.88,41.16,0
2018-03-15 00:00:00,16.24,38.75,49.99,157.28,33.1,72.47,1017.36,15.05,47.75,1
2018-03-15 01:00:00,4.64,30.71,68.66,102.59,32.06,49.46,1007.28,14.96,37.46,0
2018-03-15 02:00:00,1.96,19.31,42.61,230.41,28.61,70.92,1010.38,26.17,21.3,1
2018-03-15 03:00:00,2.89,16.69,60.21,237.9,25.63,62.39,1002.34,0.84,47.82,0
2018-03-15 04:00:00,5.52,14.76,58.31,127.34,25.35,64.13,1014.01,11.23,27.3,0
2018-03-15 05:00:00,10.43,33.34,47.52,182.04,30.58,75.35,1014.95,3.04,31.14,0
2018-03-15 06:00:00,2.14,41.0,66.99,80.17,24.02,59.82,1010.6,37.88,65.19,0
2018-03-15 07:00:00,3.64,10.75,35.97,178.7,20.35,50.85,1017.99,17.5,34.66,0
2018-03-15 08:00:00,2.36,13.96,45.02,128.1,26.7,70.6,1008.32,3.91,40.87,0
2018-03-15 09:00:00,12.07,17.52,89.97,126.61,25.11,72.61,1010.2,9.81,91.49,0
2018-03-15 10:00:00,23.15,37.0,56.37,203.01,25.86,61.08,1005.09,6.1,13.59,1
2018-03-15 11:00:00,1.56,11.6,37.42,53.39,30.9,48.54,1010.88,3.16,33.36,0
2018-03-15 12:00:00,8.64,20.9,64.81,183.19,28.48,62.97,1008.2,8.44,57.94,0
2018-03-15 13:00:00,13.37,36.49,70.08,215.53,26.69,61.97,1013.43,30.34,64.8,0
2018-03-15 14:00:00,4.23,31.97,88.87,249.28,21.44,68.78,1007.86,9.28,48.4,0
2018-03-15 15:00:00,0.86,5.57,48.51,61.15,25.76,48.01,1017.14,17.9,51.94,0
2018-03-15 16:00:00,14.83,31.36,57.02,79.92,19.07,58.5,1002.37,15.77,45.14,0
2018-03-15 17:00:00,0.78,34.3,70.0,95.12,23.71,71.8,1013.25,7.85,79.23,0
2018-03-15 18:00:00,18.51,37.7,104.33,215.91,23.55,73.06,995.42,9.93,90.27,0
2018-03-15 19:00:00,2.3,8.17,20.44,203.55,28.04,56.82,1011.59,8.67,27.26,0
2018-03-15 20:00:00,0.6,27.51,40.89,137.61,28.3,52.89,1017.36,2.73,42.05,1
2018-03-15 21:00:00,3.15,23.29,38.25,90.69,26.6,52.74,1011.0,2.73,45.27,0
2018-03-15 22:00:00,5.09,23.87,50.3,221.92,21.71,61.3,1017.21,6.24,50.39,0
2018-03-15 23:00:00,6.21,17.55,46.31,222.54,18.51,63.07,1006.27,1.76,44.7,0
2018-03-16 00:00:00,9.3,27.28,100.49,294.06,35.41,64.73,1010.26,5.93,71.87,0
2018-03-16 01:00:00,6.75,75.3,97.21,133.67,23.34,74.35,1005.37,28.82,100.0,0
2018-03-16 02:00:00,21.69,23.8,32.69,60.87,26.4,62.7,1019.12,14.05,50.95,0
2018-03-16 03:00:00,4.85,14.42,80.92,101.35,25.34,59.28,1005.8,10.48,69.13,0
2018-03-16 04:00:00,7.09,17.42,38.61,66.45,32.73,74.19,1006.63,8.97,50.32,1
2018-03-16 05:00:00,6.55,7.38,58.55,73.25,29.6,57.31,1017.16,10.3,41.42,0
2018-03-16 06:00:00,0.48,49.2,108.77,242.15,24.06,65.62,1002.78,9.04,76.59,0
2018-03-16 07:00:00,1.19,6.64,44.16,139.18,30.83,56.65,1007.18,25.48,27.49,0
2018-03-16 08:00:00,5.54,10.68,41.72,406.94,20.56,49.02,1014.16,14.37,42.39,0
2018-03-16 09:00:00,7.91,11.17,28.67,101.69,27.44,42.75,1012.98,14.33,20.58,0
2018-03-16 10:00:00,0.2,9.68,26.76,106.06,11.48,70.48,1008.41,16.86,29.89,0
2018-03-16 11:00:00,22.47,41.2,102.29,250.86,29.72,82.56,1008.71,18.71,72.7,0
2018-03-16 12:00:00,8.5,21.57,63.24,119.24,25.66,57.68,1019.6,3.29,45.64,0
2018-03-16 13:00:00,5.24,11.43,72.77,110.1,26.75,74.56,1005.25,3.76,72.7,0
2018-03-16 14:00:00,8.15,26.15,48.49,140.04,34.64,57.35,1011.17,18.93,81.58,1
2018-03-16 15:00:00,2.95,16.14,85.43,154.85,23.87,60.25,1008.41,5.6,44.33,0
2018-03-16 16:00:00,6.27,37.19,123.27,212.56,24.11,74.72,1013.56,5.51,99.57,1
2018-03-16 17:00:00,7.25,15.11,26.49,221.29,19.81,57.2,1005.78,10.73,33.3,0
2018-03-16 18:00:00,14.97,22.22,34.24,78.35,28.26,71.07,1008.27,23.61,21.64,0
2018-03-16 19:00:00,4.42,28.33,81.7,127.08,27.62,46.01,1008.33,16.08,53.52,0
2018-03-16 20:00:00,0.81,6.08,42.17,167.44,32.0,59.75,1007.95,18.15,45.18,0
2018-03-16 21:00:00,1.9,5.05,32.65,78.92,27.8,83.47,1013.87,3.99,38.86,0
2018-03-16 22:00:00,4.06,16.94,75.76,402.56,29.84,46.27,1013.69,4.55,66.8,0
2018-03-16 23:00:00,0.96,20.12,40.1,106.89,30.87,56.56,1013.55,4.97,29.72,0
2018-03-17 00:00:00,1.64,4.55,25.55,120.17,29.99,56.47,1003.12,4.56,6.79,0
2018-03-17 01:00:00,1.92,27.65,40.41,190.09,27.28,63.77,1009.76,20.71,43.68,0
2018-03-17 02:00:00,3.78,6.38,70.3,152.07,30.95,75.01,1009.15,13.15,74.46,0
2018-03-17 03:00:00,8.4,16.62,27.21,96.51,31.55,61.33,1006.16,2.42,17.19,0
2018-03-17 04:00:00,3.59,16.73,75.83,214.03,33.51,84.47,1005.77,19.65,72.36,1
2018-03-17 05:00:00,8.92,41.87,89.49,132.02,40.54,67.36,1018.56,9.33,71.85,1
2018-03-17 06:00:00,5.24,39.55,99.89,192.33,22.51,83.53,1013.37,15.02,95.4,1
2018-03-17 07:00:00,1.72,16.8,30.42,66.49,30.85,58.98,1005.71,14.67,43.87,0
2018-03-17 08:00:00,7.37,16.76,47.04,177.79,27.91,71.28,1014.45,13.3,73.34,0
2018-03-17 09:00:00,6.35,16.22,33.77,99.58,29.1,54.67,1014.56,12.55,56.3,0
2018-03-17 10:00:00,9.13,54.72,135.76,229.37,32.16,70.5,1004.17,20.96,67.2,0
2018-03-17 11:00:00,10.84,40.08,74.42,231.62,29.22,55.26,1012.69,21.1,52.43,0
2018-03-17 12:00:00,15.36,32.8,54.5,93.75,22.14,62.26,1008.61,4.99,24.07,1
2018-03-17 13:00:00,8.66,24.09,40.85,145.15,25.13,55.28,1002.31,22.72,61.82,0
2018-03-17 14:00:00,6.15,20.55,57.74,189.7,31.15,68.76,1008.58,3.28,48.27,0
2018-03-17 15:00:00,9.17,11.16,33.0,154.21,23.73,67.72,1006.29,6.42,43.59,0
2018-03-17 16:00:00,3.22,3.65,27.45,92.66,21.94,70.25,1008.83,9.05,8.8,0
2018-03-17 17:00:00,2.95,14.01,43.15,68.13,26.33,70.99,1013.92,2.21,18.65,0
2018-03-17 18:00:00,17.1,21.78,133.97,294.9,20.05,90.06,1010.74,14.16,86.75,1
2018-03-17 19:00:00,2.86,18.43,51.64,76.62,23.81,71.14,1012.98,9.47,46.45,0
2018-03-17 20:00:00,1.98,16.7,37.86,59.14,38.66,50.55,1013.11,2.54,27.99,0
2018-03-17 21:00:00,8.65,11.72,44.87,119.84,24.99,65.87,1006.03,10.89,41.85,0
2018-03-17 22:00:00,3.25,19.06,37.43,84.97,30.11,54.49,1007.66,1.46,42.66,0
2018-03-17 23:00:00,10.75,27.23,107.69,206.03,23.46,72.96,1014.98,4.01,85.23,0
2018-03-18 00:00:00,14.45,30.59,82.81,208.58,31.46,69.43,1018.96,4.44,60.86,0
2018-03-18 01:00:00,2.35,10.28,21.4,86.17,26.56,33.96,1012.17,5.13,44.28,0
2018-03-18 02:00:00,9.6,28.11,80.0,337.75,32.35,58.99,1011.67,11.78,75.3,0
2018-03-18 03:00:00,2.78,22.17,60.02,101.03,26.22,60.8,1021.5,16.49,76.16,0
2018-03-18 04:00:00,4.16,22.55,68.32,86.6,25.43,39.35,1008.45,15.41,81.53,0
2018-03-18 05:00:00,7.06,17.69,82.73,156.51,27.16,82.98,1010.91,3.01,59.81,0
2018-03-18 06:00:00,2.96,38.94,53.59,131.95,28.02,65.87,1007.8,3.27,31.41,0
2018-03-18 07:00:00,6.48,37.54,67.64,176.96,29.26,68.34,1000.0,9.2,52.69,1
2018-03-18 08:00:00,4.52,18.34,62.49,120.21,24.18,76.47,1007.83,15.29,60.99,1
2018-03-18 09:00:00,10.95,18.29,78.82,103.13,23.06,76.32,1012.1,10.14,59.51,0
2018-03-18 10:00:00,10.98,17.59,67.11,148.04,20.23,74.24,1002.73,14.76,53.62,1
2018-03-18 11:00:00,2.98,22.66,52.05,150.54,24.77,74.62,1013.66,4.11,50.13,0
2018-03-18 12:00:00,7.21,11.24,74.79,159.74,18.69,71.48,1003.89,3.69,54.89,0
2018-03-18 13:00:00,12.42,33.12,60.68,161.13,20.96,69.17,1007.76,15.59,42.88,0
2018-03-18 14:00:00,1.61,5.09,29.2,120.75,26.66,64.74,1010.98,10.42,21.17,0
2018-03-18 15:00:00,4.49,16.63,21.99,107.15,31.21,45.76,1007.59,9.72,46.14,0
2018-03-18 16:00:00,6.92,26.5,39.17,91.67,26.14,40.94,1011.76,4.92,39.2,0
2018-03-18 17:00:00,1.52,8.39,36.19,86.32,38.96,40.89,1011.14,12.06,47.95,0
2018-03-18 18:00:00,3.39,28.78,42.14,243.65,29.67,69.6,1011.85,9.88,42.98,0
2018-03-18 19:00:00,19.94,29.6,37.22,75.42,29.12,56.4,1019.04,9.73,29.97,0
2018-03-18 20:00:00,2.85,15.89,31.2,235.28,21.77,57.89,1007.79,5.19,30.92,0
2018-03-18 21:00:00,3.22,4.78,90.6,136.49,31.2,72.9,1012.19,2.31,46.59,0
2018-03-18 22:00:00,8.57,11.95,22.71,196.21,31.17,73.29,1008.45,8.43,36.47,0
2018-03-18 23:00:00,1.28,3.01,14.86,144.38,22.79,64.28,1012.53,22.69,54.43,0
2018-03-19 00:00:00,4.59,26.8,85.26,197.07,28.22,72.36,1014.82,13.07,70.46,0
2018-03-19 01:00:00,2.01,11.29,54.82,59.68,36.41,69.01,1016.02,18.52,62.99,0
2018-03-19 02:00:00,6.47,33.64,63.99,115.42,29.44,88.91,1008.44,20.84,36.93,1
2018-03-19 03:00:00,5.66,6.66,61.93,151.37,32.67,56.23,1015.37,8.11,24.87,0
2018-03-19 04:00:00,7.1,25.01,59.11,195.36,26.14,79.55,1012.35,9.16,46.78,0
2018-03-19 05:00:00,3.48,5.04,5.35,78.67,18.35,56.19,1013.42,3.08,61.07,0
2018-03-19 06:00:00,3.72,9.91,29.79,57.69,30.65,59.58,1013.34,1.74,10.23,0
2018-03-19 07:00:00,3.03,15.01,140.41,217.37,27.13,86.54,1007.97,8.42,100.0,0
2018-03-19 08:00:00,4.53,13.57,47.7,148.29,29.33,45.17,1006.98,9.05,50.64,0
2018-03-19 09:00:00,17.28,33.43,101.69,167.82,28.26,62.63,1008.75,7.59,84.28,0
2018-03-19 10:00:00,11.24,19.13,90.72,283.79,23.68,75.25,1016.98,13.02,73.01,0
2018-03-19 11:00:00,4.53,15.46,64.28,145.0,28.35,71.15,1007.65,19.4,46.69,0
2018-03-19 12:00:00,3.39,8.59,40.0,182.03,24.51,67.91,1027.79,7.83,36.32,0
2018-03-19 13:00:00,10.37,30.7,47.05,98.52,22.34,70.6,1007.6,13.14,57.19,1
2018-03-19 14:00:00,6.08,20.32,31.17,151.63,32.3,80.69,1016.27,4.11,50.39,0
2018-03-19 15:00:00,1.47,19.23,89.31,134.64,23.35,64.63,1002.58,24.98,46.22,0
2018-03-19 16:00:00,4.01,16.72,58.48,181.03,27.19,69.43,1013.04,4.71,53.17,0
2018-03-19 17:00:00,15.83,38.8,80.9,146.35,23.11,77.04,1001.86,10.32,59.74,1
2018-03-19 18:00:00,8.27,16.28,64.9,93.74,35.95,70.42,1015.18,3.37,36.73,0
2018-03-19 19:00:00,3.43,17.11,41.62,99.75,30.69,61.41,1011.7,3.19,61.47,1
2018-03-19 20:00:00,0.72,74.77,136.39,176.15,22.53,71.78,1013.2,9.16,89.51,1
2018-03-19 21:00:00,6.44,10.84,46.63,108.15,28.03,61.32,1005.36,9.1,47.62,0
2018-03-19 22:00:00,5.27,33.48,60.06,89.48,28.13,78.78,1011.9,3.16,71.08,0
2018-03-19 23:00:00,4.39,57.64,100.18,125.06,28.59,94.97,1012.57,13.78,88.13,0
2018-03-20 00:00:00,10.47,29.5,92.53,130.47,24.6,54.24,1012.79,3.9,90.64,0
2018-03-20 01:00:00,8.36,8.95,34.71,50.66,24.3,61.44,1007.34,13.36,22.85,0
2018-03-20 02:00:00,0.77,5.38,130.11,284.15,36.14,60.61,1009.19,12.62,100.0,0
2018-03-20 03:00:00,5.3,21.59,32.06,108.21,23.07,53.5,1009.32,7.14,29.02,0
2018-03-20 04:00:00,1.1,13.95,60.43,142.43,22.26,68.25,1011.89,8.81,39.8,0
2018-03-20 05:00:00,3.09,40.09,58.22,121.04,17.96,53.6,1002.62,2.2,60.02,0
2018-03-20 06:00:00,0.98,38.8,75.18,108.67,26.6,64.04,1017.78,9.14,55.05,0
2018-03-20 07:00:00,1.04,13.13,66.64,167.52,20.91,60.98,1007.64,23.92,68.0,1
2018-03-20 08:00:00,7.19,20.01,266.7,359.2,40.09,100.0,1006.1,12.35,100.0,1
2018-03-20 09:00:00,6.55,15.01,21.91,56.99,20.51,54.72,1006.43,4.67,33.77,0
2018-03-20 10:00:00,4.92,23.3,37.37,161.93,23.77,73.43,1003.38,6.51,65.45,0
2018-03-20 11:00:00,2.8,8.68,56.54,86.53,39.95,64.52,1014.37,20.6,58.6,0
2018-03-20 12:00:00,0.88,12.59,76.6,156.94,33.94,60.01,1013.56,3.95,60.73,0
2018-03-20 13:00:00,3.11,9.38,32.96,169.77,17.95,45.19,1016.1,4.92,42.94,1
2018-03-20 14:00:00,6.58,22.05,35.31,206.78,28.06,52.72,1013.55,20.41,4.69,0
2018-03-20 15:00:00,6.44,33.42,82.43,148.71,29.3,67.74,1016.01,9.18,61.98,0
2018-03-20 16:00:00,15.57,19.02,39.47,81.73,22.57,67.04,1013.34,7.62,23.04,0
2018-03-20 17:00:00,13.81,24.91,102.5,124.29,31.37,80.5,1004.8,3.26,71.95,1
2018-03-20 18:00:00,5.11,38.09,83.3,142.33,20.16,79.04,1022.11,12.69,48.52,0
2018-03-20 19:00:00,3.07,42.88,91.0,148.4,18.58,76.88,1005.64,4.5,73.99,0
2018-03-20 20:00:00,2.07,10.59,81.91,223.94,33.2,79.33,1014.35,11.57,35.15,0
2018-03-20 21:00:00,0.68,7.23,114.24,195.38,31.11,72.05,1011.49,2.69,81.56,0
2018-03-20 22:00:00,1.28,1.59,17.17,46.01,38.09,56.16,1017.7,8.95,49.06,0
2018-03-20 23:00:00,6.59,35.64,62.95,186.22,27.37,60.18,1010.33,23.72,68.88,0
2018-03-21 00:00:00,8.88,36.64,114.18,252.45,36.53,67.46,1010.68,10.45,81.45,0
2018-03-21 01:00:00,3.78,17.97,53.02,140.82,24.87,78.15,1008.01,11.37,64.09,0
2018-03-21 02:00:00,29.59,86.76,109.19,234.76,34.27,72.71,1012.08,2.88,78.53,0
2018-03-21 03:00:00,1.3,14.14,46.44,120.17,38.21,51.9,1004.96,8.24,45.94,1
2018-03-21 04:00:00,0.58,30.26,131.64,249.44,22.91,70.02,1014.74,22.81,78.52,1
2018-03-21 05:00:00,29.2,38.13,71.61,122.92,18.1,88.79,1022.25,10.63,56.21,1
2018-03-21 06:00:00,0.81,11.54,63.58,238.56,29.17,68.88,1016.28,9.88,70.44,0
2018-03-21 07:00:00,3.73,19.97,46.74,77.76,29.03,67.98,1001.0,4.72,55.51,1
2018-03-21 08:00:00,2.29,8.63,17.5,321.79,27.08,52.73,1009.73,6.01,56.01,0
2018-03-21 09:00:00,7.05,31.3,94.0,317.43,33.27,49.57,1014.62,13.0,84.72,1
2018-03-21 10:00:00,3.44,18.01,44.76,223.44,21.77,50.29,1005.85,6.73,29.54,0
2018-03-21 11:00:00,8.9,10.99,78.54,121.24,27.28,62.51,1003.52,10.19,32.72,0
2018-03-21 12:00:00,10.65,40.82,91.28,151.62,23.7,65.08,1010.5,20.72,78.23,1
2018-03-21 13:00:00,0.67,6.54,48.93,102.55,36.91,63.6,1008.9,5.67,56.65,0
2018-03-21 14:00:00,1.99,8.4,89.76,134.31,32.21,79.38,1007.19,7.48,69.85,0
2018-03-21 15:00:00,9.58,20.25,47.07,98.72,24.05,63.58,1004.37,8.99,69.67,0
2018-03-21 16:00:00,12.5,31.25,93.0,198.75,28.2,75.83,1018.22,5.24,74.34,1
2018-03-21 17:00:00,5.93,22.95,56.64,119.0,27.0,74.17,1006.13,4.29,65.77,0
2018-03-21 18:00:00,7.53,44.72,69.96,104.85,20.7,81.89,1008.4,5.08,62.98,0
2018-03-21 19:00:00,16.38,32.75,79.92,99.28,36.69,59.93,1012.3,16.6,67.05,0
2018-03-21 20:00:00,3.49,6.62,29.56,160.55,25.6,64.26,1010.82,16.61,54.08,0
2018-03-21 21:00:00,5.87,11.02,38.72,124.12,44.94,66.37,1009.25,17.39,73.31,0
2018-03-21 22:00:00,13.82,16.68,54.91,132.13,28.16,67.29,1015.77,6.47,49.36,0
2018-03-21 23:00:00,14.54,17.34,95.85,104.74,34.84,67.99,1011.48,8.54,82.39,1
2018-03-22 00:00:00,4.57,14.24,98.21,133.69,28.13,62.67,1011.18,12.31,81.11,0
2018-03-22 01:00:00,2.07,30.75,44.45,122.93,29.67,61.09,1009.33,15.26,41.06,0
2018-03-22 02:00:00,4.52,19.03,43.37,144.67,25.69,64.97,1004.92,18.48,32.28,0
2018-03-22 03:00:00,4.96,24.25,79.07,85.58,18.1,79.62,1015.96,11.41,79.97,0
2018-03-22 04:00:00,1.98,25.94,47.73,124.13,37.17,61.84,1007.71,4.71,69.0,0
2018-03-22 05:00:00,2.35,32.48,56.41,146.59,24.62,53.11,1004.19,2.85,51.93,0
2018-03-22 06:00:00,14.55,21.59,54.29,93.33,36.04,54.44,1009.26,9.71,43.94,0
2018-03-22 07:00:00,7.85,35.18,88.22,239.77,39.49,58.64,1009.55,16.79,84.84,0
2018-03-22 08:00:00,3.75,28.57,70.24,98.91,24.38,66.41,1003.47,43.0,45.48,0
2018-03-22 09:00:00,1.41,10.74,95.47,186.92,23.34,58.09,1007.4,11.04,78.95,0
2018-03-22 10:00:00,2.39,9.03,47.0,101.84,24.79,55.27,1011.25,1.86,52.19,0
2018-03-22 11:00:00,0.5,12.09,54.26,162.27,17.49,80.52,1004.62,4.78,51.74,0
2018-03-22 12:00:00,6.08,42.54,76.19,150.73,29.89,66.64,1015.87,12.1,78.48,0
2018-03-22 13:00:00,2.24,32.0,77.69,220.31,35.11,69.44,1003.76,14.38,68.54,1
2018-03-22 14:00:00,6.54,15.8,41.26,76.22,22.79,49.05,1014.78,11.21,43.21,0
2018-03-22 15:00:00,9.49,37.4,84.76,139.45,30.57,69.43,1010.78,8.57,59.14,0
2018-03-22 16:00:00,6.63,28.23,49.57,158.73,26.75,47.0,1023.96,5.18,45.31,0
2018-03-22 17:00:00,3.28,22.15,96.41,178.67,26.78,73.4,1009.92,15.76,67.47,1
2018-03-22 18:00:00,1.86,36.32,71.53,181.95,27.89,55.04,1003.47,22.51,56.07,0
2018-03-22 19:00:00,1.15,17.99,112.92,235.52,29.82,88.21,1002.7,8.53,93.24,1
2018-03-22 20:00:00,13.43,27.25,100.66,219.79,24.48,92.11,1007.87,18.26,66.09,0
2018-03-22 21:00:00,6.36,8.03,51.03,140.97,28.06,57.37,998.73,30.37,60.29,1
2018-03-22 22:00:00,3.48,27.3,83.67,205.0,24.68,54.07,1003.31,0.71,80.52,0
2018-03-22 23:00:00,8.44,14.59,62.63,132.31,28.7,61.43,1013.92,1.8,78.02,0
2018-03-23 00:00:00,11.71,17.0,30.96,135.69,22.94,43.72,1022.73,5.19,46.62,1
2018-03-23 01:00:00,2.29,16.49,58.24,90.35,32.99,61.66,1010.45,5.84,57.69,0
2018-03-23 02:00:00,6.19,11.37,51.58,135.75,26.07,55.09,1005.89,8.32,60.91,0
2018-03-23 03:00:00,6.31,24.2,57.64,145.01,21.12,76.48,1016.13,5.55,61.53,0
2018-03-23 04:00:00,15.82,31.5,82.19,269.99,26.81,48.72,1016.65,16.27,78.23,0
2018-03-23 05:00:00,3.43,18.09,60.54,125.11,27.59,52.47,1008.61,5.58,34.7,0
2018-03-23 06:00:00,1.77,13.37,57.88,83.51,25.3,73.85,1014.1,6.43,37.94,0
2018-03-23 07:00:00,6.84,30.12,121.94,147.2,19.13,70.63,1015.26,2.77,76.02,1
2018-03-23 08:00:00,9.06,27.0,65.15,252.46,27.28,81.68,1012.37,2.64,78.66,0
2018-03-23 09:00:00,5.72,23.44,85.89,250.98,28.89,70.6,1006.54,5.43,34.17,0
2018-03-23 10:00:00,16.69,23.4,58.41,153.11,30.32,67.56,1008.34,10.01,69.61,0
2018-03-23 11:00:00,3.42,15.87,108.84,129.05,33.57,77.56,1003.02,7.3,78.73,0
2018-03-23 12:00:00,5.86,12.47,67.35,163.19,30.75,70.95,1006.72,7.78,58.52,0
2018-03-23 13:00:00,0.76,13.06,56.13,157.24,29.81,62.89,1014.15,5.67,54.92,0
2018-03-23 14:00:00,1.65,9.19,32.4,109.32,31.12,59.07,1010.76,6.06,7.67,0
2018-03-23 15:00:00,2.31,14.38,108.66,204.11,24.88,86.62,1001.58,5.51,71.19,1
2018-03-23 16:00:00,4.05,16.51,86.73,145.28,33.13,63.09,1011.67,30.33,74.97,0
2018-03-23 17:00:00,0.97,13.04,34.92,55.34,27.57,62.89,1017.29,5.1,52.0,0
2018-03-23 18:00:00,8.33,31.98,42.7,172.63,26.95,58.53,1010.62,0.72,56.45,0
2018-03-23 19:00:00,2.07,21.79,52.15,144.85,21.14,70.73,1010.76,5.16,50.18,0
2018-03-23 20:00:00,25.7,29.75,47.82,213.21,30.43,76.33,1018.68,2.74,66.9,1
2018-03-23 21:00:00,2.16,13.25,46.01,163.44,29.85,57.95,1017.26,4.47,44.52,0
2018-03-23 22:00:00,5.3,19.93,79.9,121.99,32.09,59.47,1012.93,7.48,69.35,1
2018-03-23 23:00:00,4.68,11.94,81.87,98.37,20.38,62.16,1017.26,12.4,74.23,0
2018-03-24 00:00:00,1.48,17.18,26.94,126.1,31.95,69.0,1017.93,8.97,26.93,1
2018-03-24 01:00:00,4.07,12.08,25.31,102.45,27.02,62.01,1011.53,2.32,40.85,0
2018-03-24 02:00:00,4.01,17.1,34.72,115.59,23.07,60.45,1013.72,14.63,36.02,0
2018-03-24 03:00:00,10.66,16.67,57.98,151.55,25.46,63.48,1011.58,8.07,49.07,0
2018-03-24 04:00:00,7.07,19.09,92.06,106.56,23.51,64.45,1019.68,5.6,77.38,1
2018-03-24 05:00:00,8.23,28.3,63.43,132.57,29.81,74.97,1012.94,13.36,64.36,0
2018-03-24 06:00:00,10.46,32.51,42.02,84.03,25.6,64.29,1013.31,9.73,44.87,1
2018-03-24 07:00:00,8.34,21.63,66.37,151.1,27.55,84.73,1020.04,8.1,56.28,1
2018-03-24 08:00:00,6.14,53.17,79.79,123.67,25.43,69.04,1011.08,17.74,71.13,0
2018-03-24 09:00:00,2.28,19.13,46.06,104.57,27.31,65.86,1009.72,10.72,48.52,0
2018-03-24 10:00:00,5.78,28.29,69.34,125.5,21.75,62.82,999.77,5.8,46.43,0
2018-03-24 11:00:00,1.81,32.75,84.82,143.5,16.95,63.78,1007.89,17.44,81.73,0
2018-03-24 12:00:00,4.39,11.76,79.72,204.67,42.63,68.64,1011.17,8.94,53.66,0
2018-03-24 13:00:00,3.83,23.76,98.03,153.96,28.2,84.56,1014.49,13.56,90.28,0
2018-03-24 14:00:00,4.09,19.66,81.98,213.77,44.23,65.05,1010.1,3.35,74.24,0
2018-03-24 15:00:00,0.98,21.42,79.32,89.64,27.58,64.4,1005.91,20.75,72.06,0
2018-03-24 16:00:00,3.14,29.15,41.74,86.44,27.83,48.22,1013.53,16.3,60.88,0
2018-03-24 17:00:00,12.58,18.94,73.9,87.65,26.38,93.06,1001.59,8.27,66.65,1
2018-03-24 18:00:00,5.23,50.98,84.21,197.75,31.07,64.18,1016.54,3.12,100.0,0
2018-03-24 19:00:00,11.84,25.57,99.15,170.71,28.52,58.53,1016.7,11.45,74.65,0
2018-03-24 20:00:00,1.82,12.08,37.41,100.75,20.58,63.48,1002.93,5.93,11.58,0
2018-03-24 21:00:00,2.97,4.07,35.46,84.55,22.16,63.83,1007.54,9.51,34.92,0
2018-03-24 22:00:00,26.88,56.45,79.4,205.17,21.28,77.17,1011.99,42.98,86.3,1
2018-03-24 23:00:00,1.96,26.76,52.85,140.92,28.55,66.4,1019.96,2.48,82.76,0
2018-03-25 00:00:00,8.09,19.47,102.84,152.66,28.8,55.94,1009.14,7.9,100.0,1
2018-03-25 01:00:00,8.08,10.29,34.03,266.03,28.55,53.5,1013.76,9.96,62.02,0
2018-03-25 02:00:00,7.31,21.48,60.2,118.19,24.0,76.47,1012.16,24.14,55.02,0
2018-03-25 03:00:00,8.18,11.79,37.12,56.92,21.27,70.95,1003.94,12.61,38.57,0
2018-03-25 04:00:00,1.93,29.48,68.15,209.94,34.19,71.52,1008.91,42.22,88.11,0
2018-03-25 05:00:00,3.3,14.41,59.17,110.32,29.04,80.36,1007.14,3.86,62.44,0
2018-03-25 06:00:00,16.25,22.13,76.61,114.19,31.1,66.42,1011.5,4.23,58.72,0
2018-03-25 07:00:00,8.13,24.14,60.36,170.17,33.18,77.43,1007.47,14.35,68.41,0
2018-03-25 08:00:00,2.31,20.05,108.33,201.85,16.65,70.11,1009.37,4.32,62.41,0
2018-03-25 09:00:00,1.85,21.12,31.69,80.0,28.25,78.03,1011.63,15.93,25.55,0
2018-03-25 10:00:00,12.76,18.98,42.05,88.18,34.05,57.44,1011.68,38.32,23.59,0
2018-03-25 11:00:00,2.13,27.99,50.32,172.06,21.11,52.38,1016.58,3.32,51.01,0
2018-03-25 12:00:00,2.3,13.61,32.2,111.9,21.68,48.71,1013.8,19.12,52.15,0
2018-03-25 13:00:00,1.4,2.95,54.7,176.61,21.56,78.72,1009.86,6.15,56.81,0
2018-03-25 14:00:00,9.51,21.87,44.35,113.43,19.48,77.97,1013.93,0.31,25.33,0
2018-03-25 15:00:00,11.69,23.93,26.36,59.37,31.05,50.34,1009.37,6.74,39.56,0
2018-03-25 16:00:00,3.86,15.92,57.89,151.38,28.91,58.6,1005.59,5.55,43.79,0
2018-03-25 17:00:00,11.76,28.0,117.69,219.8,20.99,52.2,1014.25,13.57,68.66,0
2018-03-25 18:00:00,6.76,46.16,49.95,112.35,17.77,51.57,1007.96,12.71,31.07,0
2018-03-25 19:00:00,1.29,13.92,63.99,133.05,23.13,63.73,1005.7,5.01,71.92,0
2018-03-25 20:00:00,15.32,29.16,94.89,132.39,33.74,69.21,1017.27,10.21,77.74,0
2018-03-25 21:00:00,1.38,9.91,34.53,58.26,21.34,40.18,1016.19,10.89,54.38,0
2018-03-25 22:00:00,4.15,16.77,62.31,174.82,18.15,51.48,1009.9,22.91,86.96,0
2018-03-25 23:00:00,3.87,23.44,23.82,55.17,26.87,77.79,1016.63,5.74,36.18,0
2018-03-26 00:00:00,3.19,23.09,62.79,154.79,20.91,77.74,1008.48,14.3,73.94,0
2018-03-26 01:00:00,0.26,32.81,86.61,214.48,36.83,71.92,1012.38,13.65,63.19,0
2018-03-26 02:00:00,22.76,24.8,51.3,154.38,28.3,65.86,1011.48,14.94,47.09,0
2018-03-26 03:00:00,0.34,24.3,51.47,168.26,25.36,64.3,1009.38,7.56,54.06,0
2018-03-26 04:00:00,16.09,37.64,83.98,235.5,25.44,68.86,1011.36,15.88,68.5,1
2018-03-26 05:00:00,1.77,4.91,41.21,59.02,24.16,62.54,1005.96,23.67,49.46,0
2018-03-26 06:00:00,2.57,34.65,105.64,208.23,24.7,58.3,1006.45,4.14,59.23,0
2018-03-26 07:00:00,14.85,18.71,57.08,138.95,40.71,62.7,1000.75,9.99,68.12,1
2018-03-26 08:00:00,7.44,27.39,74.88,155.98,32.7,48.25,1008.75,2.5,53.15,0
2018-03-26 09:00:00,0.8,2.42,30.02,132.84,26.21,58.32,1013.22,13.67,37.83,0
2018-03-26 10:00:00,0.78,6.61,34.14,60.53,28.59,65.32,1004.59,8.1,43.36,0
2018-03-26 11:00:00,6.49,26.86,85.68,251.36,23.28,64.76,1011.91,10.35,88.18,0
2018-03-26 12:00:00,1.34,22.32,85.46,181.79,32.91,72.9,999.02,5.08,79.84,0
2018-03-26 13:00:00,7.76,19.46,31.68,47.94,10.0,59.63,1008.95,10.94,32.59,0
2018-03-26 14:00:00,8.47,42.61,74.34,182.45,24.03,72.81,1009.9,30.2,31.73,0
2018-03-26 15:00:00,2.01,22.06,69.87,87.44,21.26,71.12,1010.45,10.18,69.32,0
2018-03-26 16:00:00,2.73,29.05,33.47,161.6,32.02,52.48,1012.99,13.4,59.27,0
2018-03-26 17:00:00,6.68,18.8,50.21,176.56,26.98,49.76,1002.95,11.41,35.53,1
2018-03-26 18:00:00,1.91,6.99,122.9,154.32,17.34,63.59,1009.53,41.85,95.29,0
2018-03-26 19:00:00,5.23,10.26,29.25,49.21,26.28,51.09,1015.38,4.21,43.96,0
2018-03-26 20:00:00,28.13,38.24,56.64,156.46,26.78,73.25,1008.78,9.63,69.51,0
2018-03-26 21:00:00,6.98,13.06,47.8,65.79,34.94,70.82,1010.12,24.69,39.3,0
2018-03-26 22:00:00,3.24,8.95,45.57,107.93,28.33,58.46,1004.2,6.03,58.77,0
2018-03-26 23:00:00,24.56,27.15,56.15,235.87,26.53,62.15,1015.34,9.11,47.18,0
2018-03-27 00:00:00,10.1,20.76,84.8,151.09,27.05,56.89,1003.68,2.4,53.06,0
2018-03-27 01:00:00,1.39,3.9,11.56,136.23,14.14,44.35,1017.99,4.07,16.54,0
2018-03-27 02:00:00,1.76,12.24,30.11,185.97,22.21,64.54,1022.92,16.16,37.24,0
2018-03-27 03:00:00,0.42,2.27,33.81,176.79,15.87,56.75,1009.32,7.59,47.76,1
2018-03-27 04:00:00,6.57,16.27,89.23,172.82,37.81,67.69,1006.01,3.18,73.2,1
2018-03-27 05:00:00,24.54,44.1,67.41,108.81,24.06,73.79,1009.7,3.55,52.63,0
2018-03-27 06:00:00,3.68,9.56,25.97,182.07,30.28,64.08,1017.06,13.02,30.46,1
2018-03-27 07:00:00,10.64,27.04,32.69,33.32,21.08,58.56,1007.29,9.45,19.68,0
2018-03-27 08:00:00,3.33,18.94,33.89,41.94,24.54,72.98,1001.07,11.03,11.72,0
2018-03-27 09:00:00,6.47,13.92,20.19,44.69,24.85,53.29,1017.93,4.55,14.24,0
2018-03-27 10:00:00,4.21,6.59,28.69,110.07,29.56,50.54,1012.09,12.16,15.44,0
2018-03-27 11:00:00,5.09,29.15,80.23,256.11,25.83,56.79,1009.03,9.1,88.55,0
2018-03-27 12:00:00,13.55,20.95,66.22,218.58,23.05,78.92,1010.94,14.02,63.29,0
2018-03-27 13:00:00,19.17,56.37,109.17,172.55,15.32,68.32,1005.05,11.47,92.54,1
2018-03-27 14:00:00,18.01,41.23,54.12,182.16,38.89,64.88,1010.12,5.7,54.88,0
2018-03-27 15:00:00,45.34,65.84,75.21,147.08,23.74,87.27,1011.65,1.93,53.35,0
2018-03-27 16:00:00,2.17,5.97,49.61,105.18,24.45,55.99,1013.66,3.27,42.48,0
2018-03-27 17:00:00,7.06,27.66,88.3,190.59,23.41,72.04,1010.04,10.98,40.86,0
2018-03-27 18:00:00,2.24,30.67,65.4,130.38,34.31,67.86,998.6,9.33,46.74,0
2018-03-27 19:00:00,13.1,27.02,72.96,170.36,22.95,68.61,1008.78,7.5,48.95,0
2018-03-27 20:00:00,1.48,18.07,51.16,186.29,23.92,73.39,1011.4,8.99,20.88,0
2018-03-27 21:00:00,13.75,33.39,57.91,169.26,27.74,69.24,1011.59,1.35,61.07,0
2018-03-27 22:00:00,5.91,36.58,64.26,94.95,33.3,68.44,1008.54,1.67,51.72,0
2018-03-27 23:00:00,4.46,22.18,82.15,128.49,26.52,86.57,1019.87,14.11,82.94,1
2018-03-28 00:00:00,4.99,24.18,56.87,234.81,26.88,50.43,1008.71,27.7,68.37,0
2018-03-28 01:00:00,1.15,17.14,76.69,205.4,25.97,56.94,1012.48,18.59,90.42,0
2018-03-28 02:00:00,1.29,39.25,77.73,161.3,24.03,68.34,1007.9,20.0,80.06,1
2018-03-28 03:00:00,6.01,20.22,42.04,99.51,36.78,67.8,1013.82,23.28,47.92,0
2018-03-28 04:00:00,5.97,25.07,72.91,198.54,22.15,67.71,1002.99,16.3,58.59,0
2018-03-28 05:00:00,2.36,34.3,67.82,119.36,28.81,60.62,1018.11,2.56,49.37,0
2018-03-28 06:00:00,3.63,12.82,81.68,181.11,23.52,82.35,1011.75,7.32,83.35,1
2018-03-28 07:00:00,7.61,50.29,68.58,137.84,29.91,75.45,1007.88,11.85,43.06,1
2018-03-28 08:00:00,1.9,10.33,16.71,101.58,26.31,52.0,1010.33,7.3,28.76,0
2018-03-28 09:00:00,0.34,6.3,57.55,119.11,27.97,81.76,1007.22,6.8,53.09,0
2018-03-28 10:00:00,16.72,36.23,114.65,230.91,27.11,71.48,1007.14,3.66,83.48,1
2018-03-28 11:00:00,6.41,14.49,75.05,87.39,20.55,65.8,1010.2,1.63,36.36,0
2018-03-28 12:00:00,2.88,39.67,122.3,151.2,26.28,61.72,1005.84,3.21,86.87,1
2018-03-28 13:00:00,2.23,54.0,148.09,211.2,16.62,84.29,1011.42,21.83,97.86,0
2018-03-28 14:00:00,1.87,8.04,38.31,117.94,27.83,81.14,1022.7,20.52,58.34,0
2018-03-28 15:00:00,13.05,18.7,34.19,196.26,23.82,80.01,1010.61,1.63,55.47,0
2018-03-28 16:00:00,0.89,6.3,8.7,141.54,25.37,52.99,1001.47,0.52,12.37,0
2018-03-28 17:00:00,7.04,8.59,15.59,38.09,26.76,52.41,1010.65,15.36,44.56,0
2018-03-28 18:00:00,7.04,14.92,64.64,150.45,27.42,66.85,1010.14,4.44,45.05,1
2018-03-28 19:00:00,9.66,37.25,44.78,122.49,13.9,77.33,1015.14,2.31,37.12,0
2018-03-28 20:00:00,3.2,23.43,64.75,82.65,24.54,68.7,1007.12,12.89,56.78,0
2018-03-28 21:00:00,15.59,26.9,78.94,178.27,28.05,77.19,1006.71,4.29,72.33,0
2018-03-28 22:00:00,9.91,28.48,64.23,151.59,35.28,73.52,1007.1,22.71,37.99,0
2018-03-28 23:00:00,3.08,7.17,34.44,169.07,40.86,72.53,1005.29,18.67,46.67,0
2018-03-29 00:00:00,2.1,16.27,33.78,114.25,37.57,69.69,1002.84,2.09,34.53,0
2018-03-29 01:00:00,4.22,20.4,106.68,148.66,22.6,67.83,1009.62,7.12,69.5,0
2018-03-29 02:00:00,2.97,18.42,21.43,101.79,29.67,60.43,1004.94,13.77,15.16,0
2018-03-29 03:00:00,1.7,9.37,26.83,57.1,32.86,55.35,1010.47,8.85,40.0,0
2018-03-29 04:00:00,5.21,12.63,40.03,103.97,30.4,71.56,1014.79,6.38,54.91,0
2018-03-29 05:00:00,3.66,25.24,50.26,88.65,26.57,69.24,1006.59,6.23,25.8,0
2018-03-29 06:00:00,18.66,39.29,93.56,252.42,28.43,77.44,1015.37,7.45,54.88,1
2018-03-29 07:00:00,2.96,4.62,43.06,113.35,29.09,66.4,1007.77,13.26,29.24,0
2018-03-29 08:00:00,2.08,3.7,15.48,53.58,23.61,42.59,1004.78,2.91,35.08,0
2018-03-29 09:00:00,4.88,54.04,112.16,297.31,28.49,80.78,1006.92,4.07,88.87,0
2018-03-29 10:00:00,6.23,22.8,40.23,114.92,20.26,49.59,1013.23,1.28,44.26,0
2018-03-29 11:00:00,6.68,22.17,64.0,107.9,40.19,56.44,1014.69,3.72,33.31,0
2018-03-29 12:00:00,6.62,13.0,94.47,153.04,25.19,83.27,1011.52,5.03,70.22,1
2018-03-29 13:00:00,5.05,15.28,36.22,155.66,30.33,57.66,1020.49,13.09,13.37,0
2018-03-29 14:00:00,4.69,12.91,34.78,135.63,28.62,47.55,1012.7,5.95,42.25,1
2018-03-29 15:00:00,8.52,36.25,66.54,151.5,28.08,60.77,1007.97,7.1,68.69,1
2018-03-29 16:00:00,1.51,28.37,59.47,87.39,30.77,73.16,1010.6,11.81,19.69,0
2018-03-29 17:00:00,2.1,18.88,58.36,235.85,33.6,60.78,1004.41,19.42,27.61,0
2018-03-29 18:00:00,0.58,15.49,63.9,194.69,28.0,77.63,1014.9,3.02,43.75,0
2018-03-29 19:00:00,1.54,20.52,37.13,275.51,31.94,70.78,1004.73,3.82,30.83,0
2018-03-29 20:00:00,12.01,26.76,60.32,131.08,30.12,75.89,1005.67,2.89,52.93,0
2018-03-29 21:00:00,8.2,29.8,44.22,118.47,20.43,69.49,1010.73,2.3,68.25,0
2018-03-29 22:00:00,20.65,54.63,107.39,118.71,27.69,61.62,1004.45,14.27,80.45,0
2018-03-29 23:00:00,16.91,29.57,96.53,160.23,26.34,69.77,1011.44,12.9,57.2,0
2018-03-30 00:00:00,8.26,14.75,39.62,59.64,30.94,66.51,1013.03,11.2,0.0,0
2018-03-30 01:00:00,5.62,20.65,57.79,117.53,31.41,57.39,1014.57,8.49,69.09,0
2018-03-30 02:00:00,4.98,13.51,92.09,239.75,28.26,76.69,1012.63,3.07,65.01,0
2018-03-30 03:00:00,0.14,5.16,48.77,148.23,29.73,74.45,1012.38,21.64,60.68,0
2018-03-30 04:00:00,4.45,35.24,49.74,204.82,28.47,52.69,1010.82,22.45,49.23,0
2018-03-30 05:00:00,2.57,16.98,25.8,150.58,24.47,41.57,1015.58,24.09,30.3,0
2018-03-30 06:00:00,1.64,11.8,30.53,93.64,34.47,61.46,1011.91,31.2,27.58,0
2018-03-30 07:00:00,7.12,23.22,51.78,83.05,30.92,88.74,1018.17,6.38,55.03,1
2018-03-30 08:00:00,3.92,13.01,69.95,198.52,38.21,67.07,1015.01,11.56,72.0,0
2018-03-30 09:00:00,5.28,36.73,63.43,134.23,26.72,53.7,1009.4,11.86,69.36,0
2018-03-30 10:00:00,1.34,50.13,63.71,205.44,24.57,72.04,1016.69,3.76,61.71,0
2018-03-30 11:00:00,10.28,19.79,47.6,137.02,16.15,66.86,1018.84,16.45,45.23,0
2018-03-30 12:00:00,2.95,15.14,44.15,144.5,40.48,68.7,1022.04,2.42,56.06,0
2018-03-30 13:00:00,6.78,24.47,43.84,166.66,30.72,84.77,1017.13,3.83,32.77,0
2018-03-30 14:00:00,3.23,7.75,34.6,200.27,32.16,49.1,1006.44,8.66,53.05,0
2018-03-30 15:00:00,0.08,2.02,39.5,108.62,37.28,69.67,1006.83,3.34,25.63,0
2018-03-30 16:00:00,7.39,36.46,44.21,114.83,28.69,62.77,1006.2,15.91,55.39,0
2018-03-30 17:00:00,4.19,14.17,43.22,162.24,24.01,66.99,1016.51,39.55,57.39,1
2018-03-30 18:00:00,0.51,9.8,138.98,182.86,32.89,73.29,1020.84,6.89,99.04,0
2018-03-30 19:00:00,1.12,19.7,62.3,176.2,26.65,52.27,1012.65,3.67,57.81,0
2018-03-30 20:00:00,10.54,17.0,74.51,199.8,17.91,84.98,1010.6,3.81,64.35,0
2018-03-30 21:00:00,0.56,9.68,87.86,344.82,36.26,88.81,1012.44,3.15,63.47,0
2018-03-30 22:00:00,2.86,7.46,95.0,205.53,21.88,91.6,1012.52,12.73,62.57,0
2018-03-30 23:00:00,22.08,24.47,46.7,204.73,23.85,56.07,1017.69,5.62,51.18,0
2018-03-31 00:00:00,7.56,16.57,24.96,86.71,32.2,58.02,1009.2,4.64,33.45,0
2018-03-31 01:00:00,9.32,15.72,79.53,137.87,16.85,81.56,1012.5,0.48,67.3,0
2018-03-31 02:00:00,3.57,9.26,38.1,112.69,28.42,60.35,1015.76,4.83,49.72,0
2018-03-31 03:00:00,0.43,14.22,44.14,94.84,29.29,56.14,1012.72,10.5,58.48,0
2018-03-31 04:00:00,5.79,29.07,77.06,190.03,33.78,73.09,1002.49,7.82,57.47,0
2018-03-31 05:00:00,1.24,24.82,58.79,99.99,31.23,53.28,1001.53,2.45,41.53,0
2018-03-31 06:00:00,1.08,23.99,63.88,103.33,31.9,48.35,1003.86,9.11,54.39,1
2018-03-31 07:00:00,5.17,12.43,54.58,91.54,32.84,88.34,1016.63,10.49,47.14,0
2018-03-31 08:00:00,1.37,14.13,78.48,179.63,35.97,66.15,1018.12,6.2,40.43,0
2018-03-31 09:00:00,4.6,13.29,58.4,97.98,25.37,73.73,1005.46,25.99,46.91,0
2018-03-31 10:00:00,2.19,9.53,23.68,63.1,22.43,56.53,1016.24,3.14,22.12,0
2018-03-31 11:00:00,4.44,12.18,26.08,66.02,22.72,62.1,1001.91,2.31,29.44,0
2018-03-31 12:00:00,2.66,7.92,28.66,40.11,31.33,60.73,1008.9,11.97,40.02,0
2018-03-31 13:00:00,4.57,20.8,64.24,120.42,26.31,51.61,1012.6,15.4,22.47,0
2018-03-31 14:00:00,15.8,43.83,59.0,174.15,24.58,59.62,1015.13,3.4,55.15,0
2018-03-31 15:00:00,9.51,18.03,33.19,140.25,33.8,68.2,1008.46,4.76,49.92,0
2018-03-31 16:00:00,4.07,11.84,53.21,162.44,31.04,67.89,1010.61,4.88,55.51,0
2018-03-31 17:00:00,13.81,15.69,37.82,162.29,36.54,61.65,1011.33,13.54,29.01,0
2018-03-31 18:00:00,6.87,27.35,110.54,227.23,29.42,54.51,1002.46,8.55,100.0,1
2018-03-31 19:00:00,13.04,14.45,37.49,99.29,30.94,66.89,1016.94,16.59,24.65,0
2018-03-31 20:00:00,0.67,14.95,68.86,187.5,25.69,62.83,1011.56,6.83,60.69,0
2018-03-31 21:00:00,1.39,8.13,38.69,74.37,16.27,55.82,1007.66,10.41,67.84,0
2018-03-31 22:00:00,5.72,16.64,29.36,113.4,24.98,51.98,1011.65,14.65,29.11,0
2018-03-31 23:00:00,3.96,18.85,41.33,78.26,23.9,63.27,1017.05,27.76,39.28,0
2018-04-01 00:00:00,4.58,18.8,50.9,102.54,20.51,63.08,1007.19,4.46,49.88,0
2018-04-01 01:00:00,7.93,33.67,56.46,221.15,28.91,61.16,1005.28,0.58,59.64,0
2018-04-01 02:00:00,5.78,7.28,84.65,147.33,33.02,83.74,1004.5,9.79,100.0,0
2018-04-01 03:00:00,10.31,33.97,50.74,102.21,25.39,64.5,1023.23,12.48,52.33,0
2018-04-01 04:00:00,10.07,25.43,50.31,184.93,30.13,49.47,1015.68,9.08,47.78,0
2018-04-01 05:00:00,1.48,29.07,73.82,121.8,24.81,61.93,1005.52,11.34,67.14,0
2018-04-01 06:00:00,0.09,13.63,113.02,218.0,27.12,77.49,1009.61,2.32,54.61,0
2018-04-01 07:00:00,1.35,4.85,53.92,143.41,24.66,71.41,1012.38,12.26,67.48,0
2018-04-01 08:00:00,1.24,13.35,56.24,129.01,29.63,55.2,1011.32,26.04,84.61,0
2018-04-01 09:00:00,4.93,24.98,83.67,127.9,31.19,60.15,1007.22,15.78,100.0,0
2018-04-01 10:00:00,4.87,27.47,96.58,289.11,37.41,77.26,1002.64,1.7,78.81,0
2018-04-01 11:00:00,3.72,16.16,94.56,144.44,24.84,72.8,1006.06,13.18,58.66,0
2018-04-01 12:00:00,7.12,18.42,67.42,237.6,26.81,70.83,1008.07,5.21,49.04,0
2018-04-01 13:00:00,29.97,45.13,84.11,193.58,34.19,63.33,1014.19,3.52,65.42,0
2018-04-01 14:00:00,3.63,28.83,46.06,179.47,26.12,71.6,1012.24,23.34,40.8,0
2018-04-01 15:00:00,5.95,15.13,56.09,144.6,30.76,72.82,1013.82,7.29,42.63,0
2018-04-01 16:00:00,4.58,22.35,110.25,306.77,25.22,81.13,1003.51,17.66,70.62,1
2018-04-01 17:00:00,2.39,42.62,46.61,274.06,30.17,58.78,1010.11,9.66,33.96,1
2018-04-01 18:00:00,7.99,65.91,139.16,206.69,31.28,75.25,1013.4,8.24,76.46,0
2018-04-01 19:00:00,3.44,28.54,67.4,119.36,35.17,65.28,1004.27,14.16,62.74,1
2018-04-01 20:00:00,1.83,12.86,75.63,158.62,23.8,50.94,1018.81,5.68,80.03,1
2018-04-01 21:00:00,2.0,6.51,56.9,122.49,30.69,61.12,1011.58,13.66,58.4,0
2018-04-01 22:00:00,10.64,27.74,62.69,217.24,27.22,74.91,1014.04,11.38,79.17,0
2018-04-01 23:00:00,7.82,42.26,81.07,193.99,18.98,61.11,1000.64,14.78,80.1,1
2018-04-02 00:00:00,2.71,15.17,68.31,101.59,24.56,85.26,1014.22,34.15,71.09,0
2018-04-02 01:00:00,7.01,34.12,52.22,84.77,23.88,51.59,1006.83,8.97,30.52,0
2018-04-02 02:00:00,4.63,30.29,65.46,157.15,30.35,57.05,1011.08,6.14,42.49,0
2018-04-02 03:00:00,6.05,19.56,67.99,221.92,23.18,60.08,1004.64,11.18,50.72,0
2018-04-02 04:00:00,2.32,26.42,83.11,129.16,28.5,75.43,1015.12,5.7,61.64,0
2018-04-02 05:00:00,1.29,6.29,59.33,166.71,28.07,61.92,1005.65,6.67,35.82,1
2018-04-02 06:00:00,3.42,14.91,43.27,168.26,31.57,50.25,1013.85,7.12,65.24,0
2018-04-02 07:00:00,1.61,20.15,57.13,168.16,25.37,70.32,1012.82,8.45,73.29,0
2018-04-02 08:00:00,1.46,14.72,28.6,56.36,19.86,62.47,1013.36,0.61,23.06,0
2018-04-02 09:00:00,0.74,6.21,77.04,137.09,33.09,60.9,1009.41,13.87,58.27,0
2018-04-02 10:00:00,2.77,26.89,68.85,129.4,24.91,84.41,1013.35,8.95,44.27,0
2018-04-02 11:00:00,12.38,30.75,67.62,192.77,34.04,74.2,1010.35,1.56,45.03,0
2018-04-02 12:00:00,9.9,25.19,61.94,118.36,27.89,71.6,1009.51,19.34,70.88,0
2018-04-02 13:00:00,17.76,48.78,79.79,113.95,28.38,63.12,1013.91,24.05,50.15,1
2018-04-02 14:00:00,1.38,25.85,83.19,203.48,31.35,59.44,1020.35,6.88,68.97,0
2018-04-02 15:00:00,8.46,9.38,46.8,88.13,31.54,77.6,1011.22,4.81,2.66,0
2018-04-02 16:00:00,4.05,19.52,36.52,57.78,27.58,52.43,1005.08,10.98,66.09,1
2018-04-02 17:00:00,2.01,17.13,38.32,97.06,25.61,66.9,1010.29,14.98,42.31,0
2018-04-02 18:00:00,11.21,21.47,33.58,56.82,27.75,70.1,1015.02,4.99,51.5,0
2018-04-02 19:00:00,4.09,5.61,91.34,109.45,18.07,57.17,1008.03,6.22,74.72,0
2018-04-02 20:00:00,0.33,7.36,40.14,50.12,33.4,59.9,1004.41,20.24,46.88,0
2018-04-02 21:00:00,9.81,10.92,102.36,205.17,23.27,63.48,1010.69,21.65,64.35,1
2018-04-02 22:00:00,6.57,56.01,96.08,175.24,25.18,75.76,1008.64,6.16,56.61,1
2018-04-02 23:00:00,5.21,18.52,45.92,298.4,25.81,54.82,1008.25,5.96,15.09,0
2018-04-03 00:00:00,1.03,20.28,51.82,103.96,30.06,55.24,1012.57,3.63,75.93,0
2018-04-03 01:00:00,5.82,11.22,50.42,232.82,27.28,50.65,1015.73,9.63,67.89,0
2018-04-03 02:00:00,15.84,17.58,34.99,141.43,31.66,60.32,1009.71,3.62,58.33,0
2018-04-03 03:00:00,6.4,16.09,29.58,84.23,30.84,43.19,1016.03,16.14,31.31,0
2018-04-03 04:00:00,0.58,9.18,75.53,111.73,23.51,83.23,1010.9,5.99,72.51,0
2018-04-03 05:00:00,6.87,22.94,49.35,140.69,23.54,61.53,1006.25,2.86,37.0,0
2018-04-03 06:00:00,6.47,16.5,109.32,149.59,26.51,82.61,999.49,1.91,98.23,0
2018-04-03 07:00:00,9.08,65.66,115.2,205.38,31.94,74.64,1010.12,4.75,81.62,0
2018-04-03 08:00:00,6.3,34.24,59.17,98.5,30.95,68.44,1010.65,4.77,46.25,0
2018-04-03 09:00:00,1.47,37.87,152.59,183.94,31.49,69.18,1004.09,5.6,90.4,0
2018-04-03 10:00:00,4.94,18.31,86.72,103.83,26.58,75.67,1007.0,9.24,65.16,1
2018-04-03 11:00:00,3.49,19.34,29.8,115.87,33.52,48.1,1006.11,12.88,20.42,0
2018-04-03 12:00:00,5.54,39.73,59.61,133.61,29.91,78.99,1012.25,19.47,29.61,0
2018-04-03 13:00:00,11.56,20.97,21.93,52.46,24.75,53.44,1006.97,5.66,25.25,0
2018-04-03 14:00:00,2.18,20.73,50.19,119.32,26.55,70.57,1009.87,8.94,52.85,1
2018-04-03 15:00:00,19.94,29.98,135.66,159.29,32.47,66.73,1005.87,13.08,89.5,0
2018-04-03 16:00:00,6.83,26.13,33.59,111.56,36.27,68.11,1004.32,10.55,25.19,0
2018-04-03 17:00:00,9.86,13.83,57.73,128.28,18.49,48.14,1014.03,33.2,98.42,0
2018-04-03 18:00:00,8.74,17.0,147.94,264.74,29.46,65.21,1006.96,7.49,94.91,0
2018-04-03 19:00:00,6.57,22.68,53.55,76.09,19.17,74.63,1023.04,4.69,68.64,0
2018-04-03 20:00:00,7.74,25.27,67.46,77.04,23.88,76.15,1006.33,16.53,27.05,0
2018-04-03 21:00:00,5.77,28.3,54.41,227.37,30.57,59.85,1020.04,2.95,8.14,0
2018-04-03 22:00:00,7.37,12.12,31.52,128.41,28.64,56.61,1012.17,8.41,59.32,0
2018-04-03 23:00:00,0.78,16.42,72.59,118.71,23.53,66.3,1008.09,19.24,64.04,0
2018-04-04 00:00:00,7.32,10.22,67.42,231.99,25.59,69.58,1005.71,2.22,70.67,0
2018-04-04 01:00:00,6.84,17.34,64.19,313.03,33.11,76.06,1004.09,9.74,64.09,1
2018-04-04 02:00:00,9.62,23.33,46.46,147.47,28.44,59.59,1008.16,5.55,21.92,0
2018-04-04 03:00:00,9.94,22.12,69.45,138.64,27.99,51.5,1006.87,5.79,62.12,1
2018-04-04 04:00:00,14.33,53.87,63.75,91.9,33.61,65.25,1008.67,3.68,71.47,0
2018-04-04 05:00:00,7.52,21.32,71.89,129.08,32.27,60.19,1006.82,11.27,33.28,0
2018-04-04 06:00:00,16.61,36.95,55.35,83.46,25.89,77.6,1015.53,2.39,44.14,1
2018-04-04 07:00:00,2.91,19.05,36.38,136.08,31.37,57.4,1006.3,12.78,49.09,0
2018-04-04 08:00:00,17.11,30.25,118.92,414.24,26.6,87.97,1005.11,1.72,69.26,1
2018-04-04 09:00:00,3.53,22.83,25.63,132.46,28.53,58.85,1010.81,14.04,49.3,0
2018-04-04 10:00:00,6.85,21.94,52.17,216.92,18.55,57.52,1007.03,5.57,35.98,0
2018-04-04 11:00:00,10.49,24.62,35.43,103.01,24.87,72.74,1016.45,5.61,7.33,0
2018-04-04 12:00:00,6.65,17.92,56.3,154.0,28.85,56.97,1006.38,12.1,56.67,0
2018-04-04 13:00:00,21.36,30.77,50.78,112.05,21.83,63.74,1009.57,19.66,63.83,0
2018-04-04 14:00:00,5.05,13.42,24.95,46.46,26.19,55.62,1010.1,13.58,54.92,0
2018-04-04 15:00:00,8.12,22.28,48.65,61.27,19.15,55.26,1009.32,10.61,73.37,0
2018-04-04 16:00:00,5.83,19.23,35.48,314.43,31.86,64.09,1022.37,12.56,15.99,0
2018-04-04 17:00:00,14.42,47.93,64.75,114.58,35.67,60.28,1016.9,13.26,55.43,0
2018-04-04 18:00:00,3.01,6.55,58.31,126.8,22.46,56.76,1013.35,4.43,69.6,0
2018-04-04 19:00:00,22.71,64.31,73.7,86.99,19.3,66.07,1011.72,9.06,70.52,0
2018-04-04 20:00:00,2.24,7.12,10.95,72.6,30.97,50.47,1021.69,22.36,21.12,0
2018-04-04 21:00:00,18.43,31.45,71.4,192.37,29.36,63.33,1009.45,5.04,83.81,0
2018-04-04 22:00:00,1.39,19.06,49.06,163.2,30.46,61.96,1009.63,5.07,56.99,0
2018-04-04 23:00:00,8.36,14.3,33.66,112.32,31.85,66.53,1011.29,3.52,56.97,0
2018-04-05 00:00:00,4.63,9.4,60.81,186.59,28.76,60.85,1010.04,23.63,34.13,0
2018-04-05 01:00:00,10.3,22.22,115.9,166.73,35.51,62.41,1010.27,12.03,77.99,0
2018-04-05 02:00:00,7.01,27.71,60.78,229.18,36.13,70.53,1011.01,10.13,42.88,0
2018-04-05 03:00:00,9.83,34.52,68.14,419.12,38.52,60.72,999.69,5.82,56.6,1
2018-04-05 04:00:00,1.33,5.45,18.48,170.11,39.34,61.27,1013.45,7.44,25.0,1
2018-04-05 05:00:00,0.5,12.04,21.91,91.26,24.07,69.46,1014.41,24.82,51.82,0
2018-04-05 06:00:00,1.05,3.46,34.33,77.04,33.88,60.14,1013.91,3.82,28.45,0
2018-04-05 07:00:00,1.01,7.08,14.09,43.13,29.04,48.22,1009.01,4.46,24.17,0
2018-04-05 08:00:00,1.3,30.8,36.66,112.66,17.49,58.81,1004.57,8.52,51.97,0
2018-04-05 09:00:00,2.43,19.38,63.73,92.88,30.85,58.16,1016.3,15.04,36.01,1
2018-04-05 10:00:00,2.4,8.94,18.88,109.39,24.07,49.66,1010.46,13.1,28.15,1
2018-04-05 11:00:00,4.74,32.37,78.0,148.99,27.99,64.62,1007.85,10.39,65.74,1
2018-04-05 12:00:00,1.78,9.17,81.24,123.35,21.72,56.75,1007.01,14.25,58.2,0
2018-04-05 13:00:00,1.96,14.76,56.8,138.87,35.18,53.84,1013.39,12.81,43.92,0
2018-04-05 14:00:00,3.76,5.65,14.05,102.07,23.07,63.65,1016.93,15.32,32.19,0
2018-04-05 15:00:00,11.53,18.09,133.37,239.68,23.94,79.75,1010.22,10.48,80.23,1
2018-04-05 16:00:00,2.95,18.77,54.0,127.86,34.27,67.11,1012.82,9.32,53.43,0
2018-04-05 17:00:00,4.43,19.71,52.8,153.74,29.51,70.99,1009.18,14.67,41.97,0
2018-04-05 18:00:00,5.19,14.58,44.03,203.65,37.87,43.93,1009.12,9.42,47.92,0
2018-04-05 19:00:00,1.52,13.36,32.25,63.63,32.88,56.96,1009.81,4.21,48.22,1
2018-04-05 20:00:00,3.28,25.09,39.05,68.95,34.05,76.35,1013.46,11.23,48.2,0
2018-04-05 21:00:00,10.63,21.75,24.57,147.34,22.26,75.69,1009.27,11.54,29.42,0
2018-04-05 22:00:00,9.89,27.59,38.31,88.11,29.92,54.31,1014.33,6.99,76.89,0
2018-04-05 23:00:00,1.9,10.07,37.4,200.12,38.05,52.11,1014.7,23.13,48.9,1
2018-04-06 00:00:00,4.35,17.01,60.99,199.8,22.02,44.65,1014.09,6.99,39.46,0
2018-04-06 01:00:00,8.13,9.85,25.17,190.91,28.06,54.55,1009.97,13.3,45.2,0
2018-04-06 02:00:00,6.32,15.0,55.25,75.95,27.45,69.84,1006.69,10.39,45.06,0
2018-04-06 03:00:00,6.97,20.75,46.54,117.94,29.51,71.49,1011.37,5.99,54.52,0
2018-04-06 04:00:00,1.53,13.64,44.28,145.81,32.19,49.01,1009.01,3.87,49.74,1
2018-04-06 05:00:00,17.9,26.06,85.9,121.05,28.75,67.64,1006.85,12.37,70.29,1
2018-04-06 06:00:00,2.37,7.8,48.26,117.22,39.15,57.47,1009.9,13.93,53.5,0
2018-04-06 07:00:00,2.29,16.43,62.88,156.36,15.05,54.63,1013.72,20.48,36.14,0
2018-04-06 08:00:00,0.87,12.67,135.57,180.21,13.23,72.33,1003.95,4.98,83.8,0
2018-04-06 09:00:00,3.94,20.39,35.86,70.52,26.63,68.92,1020.08,2.98,30.46,0
2018-04-06 10:00:00,12.57,19.76,76.26,135.21,35.02,72.57,1012.89,1.0,54.92,0
2018-04-06 11:00:00,6.26,25.76,71.53,242.52,27.14,70.49,1008.15,14.91,81.78,0
2018-04-06 12:00:00,4.26,8.93,54.58,160.23,25.68,77.22,1014.63,15.2,57.59,0
2018-04-06 13:00:00,9.28,12.46,49.47,135.34,17.55,61.81,1006.81,11.98,51.98,0
2018-04-06 14:00:00,12.32,41.99,84.7,218.15,26.32,67.82,1010.8,5.99,65.75,0
2018-04-06 15:00:00,9.87,14.82,41.27,114.46,25.09,65.76,1013.71,15.85,77.34,0
2018-04-06 16:00:00,0.28,14.5,48.01,101.27,27.07,52.66,1014.56,8.05,36.82,0
2018-04-06 17:00:00,9.35,19.53,85.15,121.78,27.22,77.66,1009.29,0.61,79.74,1
2018-04-06 18:00:00,7.22,37.38,58.07,122.76,31.8,70.59,1005.56,6.44,65.33,0
2018-04-06 19:00:00,1.85,21.89,44.48,161.96,25.6,65.78,1011.37,25.58,56.6,0
2018-04-06 20:00:00,7.25,10.53,54.21,62.3,23.31,56.74,1017.19,9.71,44.29,0
2018-04-06 21:00:00,12.6,48.83,89.79,143.5,28.1,77.0,1006.48,2.91,53.96,0
2018-04-06 22:00:00,2.49,27.54,53.21,120.97,27.9,80.79,1007.59,7.21,55.76,0
2018-04-06 23:00:00,10.48,19.7,64.26,117.26,21.26,70.91,1009.54,22.68,56.84,0
2018-04-07 00:00:00,6.39,11.01,55.25,191.62,30.06,58.38,1013.88,5.79,47.06,0
2018-04-07 01:00:00,4.59,19.55,130.95,232.76,21.05,95.35,1002.92,7.21,85.93,0
2018-04-07 02:00:00,6.15,21.74,156.11,211.55,31.59,86.58,1004.45,20.34,100.0,0
2018-04-07 03:00:00,3.42,5.5,153.83,283.63,25.11,99.1,1002.5,8.08,100.0,1
2018-04-07 04:00:00,6.61,20.8,64.71,89.13,21.74,56.11,1017.54,17.87,41.93,0
2018-04-07 05:00:00,4.11,27.77,88.12,192.06,43.25,63.23,1005.22,5.65,100.0,1
2018-04-07 06:00:00,26.35,39.98,83.17,123.24,28.58,77.09,1010.66,8.81,87.36,1
2018-04-07 07:00:00,3.16,15.18,46.22,155.62,33.81,36.14,1008.03,6.04,39.38,0
2018-04-07 08:00:00,1.92,12.86,58.88,147.79,27.6,83.76,1012.84,1.6,79.43,0
2018-04-07 09:00:00,10.03,16.5,47.11,137.75,35.22,75.51,1016.08,6.98,25.1,0
2018-04-07 10:00:00,3.62,30.61,65.6,158.54,32.05,59.19,1009.82,3.53,38.16,1
2018-04-07 11:00:00,4.34,13.98,46.77,114.33,26.48,74.97,1015.12,6.3,38.45,0
2018-04-07 12:00:00,3.97,18.92,52.05,141.23,33.34,64.28,1014.04,5.05,69.24,0
2018-04-07 13:00:00,9.56,13.38,34.35,64.16,34.54,58.19,1012.96,16.16,29.11,0
2018-04-07 14:00:00,1.29,12.98,69.71,138.14,25.71,57.19,1014.92,8.09,71.55,0
2018-04-07 15:00:00,10.47,28.77,73.91,102.65,27.92,77.94,1021.61,23.52,46.75,1
2018-04-07 16:00:00,7.77,17.23,37.6,236.46,39.49,68.05,1017.83,4.0,43.6,0
2018-04-07 17:00:00,19.99,29.67,61.84,101.94,29.08,68.35,1002.87,13.51,57.27,0
2018-04-07 18:00:00,5.71,18.35,33.11,211.31,34.12,48.92,1004.94,14.9,28.56,1
2018-04-07 19:00:00,1.42,19.22,58.18,200.25,32.55,70.08,1010.49,1.53,59.64,0
2018-04-07 20:00:00,5.77,19.88,85.16,144.37,34.01,79.66,999.86,10.07,53.47,0
2018-04-07 21:00:00,6.47,51.62,78.43,125.1,33.49,86.14,1009.48,5.76,45.26,0
2018-04-07 22:00:00,13.51,43.21,99.13,162.82,13.01,70.93,1001.92,7.36,66.51,1
2018-04-07 23:00:00,1.42,9.47,42.74,280.01,25.09,57.05,1012.27,6.71,26.29,0
2018-04-08 00:00:00,0.58,26.56,54.26,110.06,26.34,53.84,1013.0,9.84,31.15,0
2018-04-08 01:00:00,5.88,7.93,27.33,186.69,29.61,60.53,1011.26,4.94,60.55,0
2018-04-08 02:00:00,20.68,30.82,60.64,237.56,23.16,73.94,1009.1,1.18,50.34,0
2018-04-08 03:00:00,8.81,11.83,68.88,118.56,27.41,86.64,1007.01,25.06,55.53,0
2018-04-08 04:00:00,9.27,28.49,71.09,138.62,21.09,72.51,1010.95,4.84,55.08,0
2018-04-08 05:00:00,0.84,10.3,27.06,47.59,16.9,72.91,1005.95,7.14,27.52,0
2018-04-08 06:00:00,4.99,9.36,55.92,142.77,42.77,66.26,1006.47,7.84,12.92,0
2018-04-08 07:00:00,13.73,35.79,73.71,160.65,25.64,75.15,1012.48,6.8,75.11,0
2018-04-08 08:00:00,6.54,11.5,26.44,98.52,35.01,54.13,1010.28,16.85,65.86,1
2018-04-08 09:00:00,0.51,21.12,32.84,97.62,32.94,63.39,1009.46,8.41,30.68,0
2018-04-08 10:00:00,4.89,20.19,31.46,153.49,25.71,50.38,1016.62,2.04,39.23,0
2018-04-08 11:00:00,8.28,19.17,78.72,222.64,36.39,79.87,1009.97,8.99,67.64,1
2018-04-08 12:00:00,9.41,33.53,48.69,179.18,23.09,84.83,1008.88,8.99,40.19,0
2018-04-08 13:00:00,12.89,18.76,46.92,119.74,27.59,64.95,1014.68,7.83,37.21,0
2018-04-08 14:00:00,6.77,9.19,53.58,166.74,31.36,60.21,1006.58,4.54,55.11,0
2018-04-08 15:00:00,7.41,12.08,54.82,131.24,28.18,100.0,995.08,2.58,30.18,1
2018-04-08 16:00:00,3.03,47.8,90.54,152.85,27.13,82.78,1016.63,5.68,82.95,1
2018-04-08 17:00:00,7.13,13.67,27.31,107.57,17.26,74.97,1006.08,14.98,27.87,0
2018-04-08 18:00:00,4.76,13.81,58.71,114.31,32.23,69.54,1019.22,12.47,19.07,1
2018-04-08 19:00:00,2.9,37.12,64.4,102.02,33.03,56.34,1007.91,23.32,39.17,0
2018-04-08 20:00:00,22.52,31.58,67.17,232.12,25.36,64.99,1001.19,7.3,51.99,0
2018-04-08 21:00:00,2.54,22.14,56.56,179.61,33.14,66.03,1006.32,3.19,64.2,0
2018-04-08 22:00:00,5.17,42.01,72.85,113.34,29.38,67.78,1012.27,15.23,80.46,0
2018-04-08 23:00:00,4.75,22.16,86.09,129.75,34.08,59.56,1017.73,17.78,79.49,0
2018-04-09 00:00:00,5.74,18.15,76.59,166.25,32.31,68.52,1014.76,4.89,68.58,0
2018-04-09 01:00:00,21.23,43.8,209.3,285.29,26.37,81.1,1010.71,4.07,100.0,0
2018-04-09 02:00:00,8.29,9.61,91.37,143.42,39.53,58.03,1003.45,8.17,60.81,0
2018-04-09 03:00:00,2.87,11.83,20.28,79.53,23.11,50.78,1016.36,15.89,39.84,0
2018-04-09 04:00:00,16.26,46.29,79.27,126.85,11.36,66.32,1009.01,12.43,80.74,1
2018-04-09 05:00:00,9.6,16.21,93.78,186.69,13.59,69.59,1018.46,16.1,58.98,0
2018-04-09 06:00:00,2.93,17.0,47.16,184.7,30.45,62.08,1013.61,11.64,34.46,0
2018-04-09 07:00:00,14.29,34.05,59.78,139.53,15.54,83.73,1012.83,13.67,45.77,0
2018-04-09 08:00:00,0.82,10.76,24.02,90.36,24.51,57.94,1005.2,29.93,10.98,0
2018-04-09 09:00:00,1.22,21.16,33.3,69.69,34.16,42.4,1014.98,19.01,57.11,0
2018-04-09 10:00:00,0.45,15.83,71.16,95.75,14.18,64.17,1007.43,4.16,51.38,1
2018-04-09 11:00:00,0.15,68.94,105.06,134.81,26.68,71.04,1012.69,4.24,53.28,0
2018-04-09 12:00:00,13.46,36.32,40.62,134.33,27.59,39.24,1010.61,13.17,7.12,0
2018-04-09 13:00:00,5.81,21.2,87.9,183.4,19.53,70.22,1007.4,4.38,91.52,0
2018-04-09 14:00:00,0.53,2.26,74.94,92.9,29.39,62.41,1012.92,18.5,76.86,0
2018-04-09 15:00:00,4.62,11.71,40.22,69.0,26.94,60.69,1012.37,13.71,29.89,0
2018-04-09 16:00:00,10.76,15.82,49.25,103.81,31.38,65.36,1005.0,16.76,57.36,0
2018-04-09 17:00:00,2.04,35.64,118.92,176.52,27.72,74.19,1016.41,6.98,67.99,1
2018-04-09 18:00:00,3.42,7.9,35.55,303.11,25.31,59.36,1010.71,5.68,38.53,0
2018-04-09 19:00:00,23.36,33.16,40.14,53.93,29.99,56.13,1015.89,2.99,30.76,0
2018-04-09 20:00:00,3.77,20.5,76.11,139.02,34.98,73.38,1009.74,9.44,44.44,0
2018-04-09 21:00:00,0.62,8.84,79.87,105.59,35.59,64.39,1005.81,8.46,77.44,0
2018-04-09 22:00:00,2.67,12.05,49.39,139.54,31.29,69.29,1010.28,3.87,52.79,0
2018-04-09 23:00:00,0.47,15.86,30.98,81.36,32.52,48.62,1014.68,13.56,31.82,0
2018-04-10 00:00:00,8.9,15.51,92.85,149.72,24.39,66.53,1021.81,9.83,81.74,0
2018-04-10 01:00:00,1.69,15.7,40.31,47.49,26.56,66.09,1016.65,15.69,44.16,0
2018-04-10 02:00:00,1.62,23.68,41.12,158.18,30.58,50.19,1008.84,4.48,31.04,0
2018-04-10 03:00:00,25.03,32.54,69.48,313.92,29.35,60.95,1002.98,12.75,44.01,1
2018-04-10 04:00:00,1.03,5.91,34.09,105.24,31.36,65.67,1011.95,13.26,50.89,0
2018-04-10 05:00:00,0.77,39.31,91.66,170.31,35.93,62.96,1010.07,2.71,72.2,1
2018-04-10 06:00:00,1.31,40.22,161.98,288.16,27.36,95.27,1012.27,36.38,100.0,0
2018-04-10 07:00:00,11.06,23.05,39.66,114.91,19.86,61.39,1018.21,4.01,38.32,0
2018-04-10 08:00:00,7.89,21.58,79.74,153.79,23.1,65.42,1013.35,4.25,80.67,0
2018-04-10 09:00:00,2.63,16.23,43.57,159.93,29.15,67.81,1016.22,25.17,54.67,0
2018-04-10 10:00:00,2.36,11.24,63.36,78.91,25.95,66.23,1009.78,10.7,53.91,0
2018-04-10 11:00:00,7.34,19.1,57.04,146.04,21.25,64.75,1015.31,26.94,85.84,1
2018-04-10 12:00:00,6.03,7.8,31.48,80.91,27.76,57.91,1013.48,24.33,37.08,0
2018-04-10 13:00:00,4.04,7.58,66.89,228.39,23.93,64.69,1020.67,21.69,64.77,0
2018-04-10 14:00:00,8.14,17.56,43.21,131.94,31.22,51.45,1012.63,19.55,55.11,0
2018-04-10 15:00:00,1.19,8.76,26.58,75.96,36.36,65.39,1011.14,4.07,8.88,0
2018-04-10 16:00:00,1.73,5.82,62.47,167.69,34.42,59.37,1014.66,3.22,50.72,0
2018-04-10 17:00:00,8.53,20.25,37.98,164.89,22.9,70.82,1019.3,3.79,39.2,0
2018-04-10 18:00:00,6.51,26.88,81.89,157.72,24.58,59.54,1014.21,3.3,28.6,0
2018-04-10 19:00:00,4.96,11.58,46.64,223.72,19.53,74.24,1013.54,3.91,50.42,0
2018-04-10 20:00:00,24.34,39.74,76.4,231.39,34.16,60.23,1010.1,15.21,34.87,1
2018-04-10 21:00:00,9.81,19.44,35.48,122.53,28.76,67.91,1007.37,19.25,80.8,0
2018-04-10 22:00:00,2.72,25.54,63.46,116.86,36.79,61.48,1016.7,18.7,66.99,0
2018-04-10 23:00:00,1.94,5.19,29.5,45.83,31.35,61.26,1017.9,17.91,22.98,0
2018-04-11 00:00:00,6.81,11.47,97.19,159.6,25.55,65.73,999.07,8.86,100.0,0
2018-04-11 01:00:00,13.43,22.6,34.48,84.49,18.24,52.5,1007.55,13.21,56.39,0
2018-04-11 02:00:00,6.35,12.0,80.2,165.99,29.69,64.99,1013.78,15.08,73.82,0
2018-04-11 03:00:00,3.36,31.15,102.94,173.13,39.58,79.09,1006.9,15.0,83.14,1
2018-04-11 04:00:00,5.81,9.27,55.39,132.27,32.69,70.52,1013.85,5.9,46.16,0
2018-04-11 05:00:00,0.68,9.6,92.4,178.6,27.3,76.13,1004.81,4.3,67.6,0
2018-04-11 06:00:00,13.42,57.79,86.31,230.68,32.64,72.03,1005.81,13.92,76.52,1
2018-04-11 07:00:00,16.54,19.72,50.96,106.37,32.03,83.93,1005.47,6.28,79.93,1
2018-04-11 08:00:00,9.03,21.68,69.89,127.81,34.98,58.59,1009.99,0.26,70.77,0
2018-04-11 09:00:00,19.32,29.1,58.33,173.09,23.3,63.42,1010.95,0.79,78.24,0
2018-04-11 10:00:00,3.17,20.28,25.38,207.79,30.39,34.22,1006.06,16.09,37.13,0
2018-04-11 11:00:00,6.21,22.06,34.12,132.28,19.82,64.45,1006.65,4.81,31.31,0
2018-04-11 12:00:00,9.15,24.26,37.39,303.12,17.7,52.09,1009.54,4.25,67.76,0
2018-04-11 13:00:00,6.89,30.81,88.02,161.4,31.86,69.61,1008.19,3.63,98.57,0
2018-04-11 14:00:00,3.65,27.13,60.62,163.04,34.86,57.83,1007.01,13.31,37.4,0
2018-04-11 15:00:00,4.08,11.57,65.8,121.75,28.02,64.4,1013.68,10.88,55.61,0
2018-04-11 16:00:00,15.34,22.58,82.46,389.45,27.51,70.46,1007.99,2.45,83.16,0
2018-04-11 17:00:00,4.71,24.43,53.2,182.21,29.92,56.7,1011.9,2.91,41.51,0
2018-04-11 18:00:00,12.79,26.88,68.18,161.84,34.35,69.55,1012.65,4.74,55.4,0
2018-04-11 19:00:00,4.46,20.58,32.22,350.75,32.93,55.72,1007.38,3.62,58.38,0
2018-04-11 20:00:00,12.72,25.51,46.49,98.76,29.81,56.06,1013.99,19.43,47.99,0
2018-04-11 21:00:00,5.24,13.65,41.48,53.73,31.78,68.06,1012.32,0.97,39.82,0
2018-04-11 22:00:00,8.49,27.5,61.73,102.08,32.52,67.46,1011.25,14.15,61.41,0
2018-04-11 23:00:00,2.25,8.59,18.5,67.34,22.1,40.21,1008.13,2.23,41.96,0
2018-04-12 00:00:00,6.2,51.21,79.31,177.03,30.95,65.2,1014.74,4.32,23.22,1
2018-04-12 01:00:00,2.29,44.43,62.31,186.58,20.92,55.62,1002.59,3.84,87.46,1
2018-04-12 02:00:00,3.09,54.97,169.25,194.71,33.92,97.82,1006.35,5.37,100.0,0
2018-04-12 03:00:00,3.38,18.17,53.9,159.63,32.66,56.57,1006.84,2.76,65.16,0
2018-04-12 04:00:00,4.01,13.35,67.33,81.87,28.34,60.05,1008.49,10.31,74.82,0
2018-04-12 05:00:00,2.95,35.29,89.34,124.42,26.98,70.71,1002.77,2.26,54.17,1
2018-04-12 06:00:00,5.6,18.62,56.15,193.32,34.33,69.22,1007.42,7.81,22.71,0
2018-04-12 07:00:00,12.76,35.55,80.26,263.25,29.51,61.91,1004.58,0.32,80.01,1
2018-04-12 08:00:00,8.33,31.01,72.87,212.46,29.42,68.85,1002.9,5.46,76.3,0
2018-04-12 09:00:00,0.36,6.86,48.75,110.1,29.84,65.63,1013.87,14.71,35.6,0
2018-04-12 10:00:00,0.65,19.34,97.19,142.32,30.25,55.46,1005.94,7.75,96.2,0
2018-04-12 11:00:00,7.01,28.99,63.81,214.65,34.43,70.26,1009.65,15.33,42.62,0
2018-04-12 12:00:00,2.79,14.62,31.87,71.98,19.15,54.95,1013.6,16.34,30.95,0
2018-04-12 13:00:00,0.5,4.01,59.32,165.73,27.37,53.52,1012.25,6.21,51.96,0
2018-04-12 14:00:00,2.56,35.41,49.77,103.1,16.87,80.9,1010.44,19.34,30.47,0
2018-04-12 15:00:00,7.26,51.61,82.63,183.05,30.2,60.53,1006.58,10.57,59.23,0
2018-04-12 16:00:00,3.33,16.99,40.56,64.96,24.47,68.96,1009.53,15.94,49.13,0
2018-04-12 17:00:00,5.08,15.14,44.01,235.57,28.79,66.77,1012.32,13.43,61.96,0
2018-04-12 18:00:00,3.67,6.57,53.66,81.01,23.75,47.56,1016.29,9.45,52.24,0
2018-04-12 19:00:00,2.15,16.39,60.88,98.85,23.5,57.79,999.16,4.16,49.52,0
2018-04-12 20:00:00,6.08,14.89,43.92,129.71,25.61,51.29,1013.34,21.73,29.0,0
2018-04-12 21:00:00,1.83,4.71,26.14,199.85,28.45,67.8,1006.06,7.55,33.61,0
2018-04-12 22:00:00,9.78,33.93,95.45,128.79,31.78,79.13,1006.99,5.92,60.11,0
2018-04-12 23:00:00,0.69,20.1,69.08,131.13,23.95,82.3,1009.42,8.04,44.22,0
2018-04-13 00:00:00,4.83,12.7,22.47,97.58,28.76,48.6,1011.57,5.83,19.66,0
2018-04-13 01:00:00,3.05,41.79,52.71,193.59,30.23,86.93,1007.91,5.63,53.54,0
2018-04-13 02:00:00,2.73,14.99,38.38,68.06,25.3,70.3,1017.31,32.4,47.55,0
2018-04-13 03:00:00,10.61,24.46,31.11,145.61,30.09,76.15,1014.65,19.04,34.83,0
2018-04-13 04:00:00,12.45,23.39,35.8,196.93,20.87,62.17,1009.37,3.55,57.24,0
2018-04-13 05:00:00,1.3,27.8,66.18,157.37,23.03,63.43,1018.48,9.38,71.82,1
2018-04-13 06:00:00,4.04,22.96,67.22,87.86,33.83,58.02,1006.99,7.99,44.16,0
2018-04-13 07:00:00,0.23,1.98,32.32,152.74,15.71,72.6,1007.89,16.22,61.21,1
2018-04-13 08:00:00,10.09,23.06,53.41,221.94,26.13,62.68,1011.54,5.23,16.91,0
2018-04-13 09:00:00,4.58,27.11,51.06,112.45,28.38,62.37,1008.2,10.74,62.11,0
2018-04-13 10:00:00,0.61,3.5,23.35,48.56,29.34,69.72,1014.05,5.84,36.57,0
2018-04-13 11:00:00,1.95,24.31,77.4,170.27,29.55,76.41,1008.68,4.7,57.13,0
2018-04-13 12:00:00,1.15,20.37,76.16,149.59,26.78,66.09,1011.87,2.33,56.81,0
2018-04-13 13:00:00,1.81,7.31,36.87,68.63,25.91,62.47,1007.1,2.75,45.48,0
2018-04-13 14:00:00,0.28,10.93,23.67,141.59,23.33,61.55,1021.08,6.4,26.69,0
2018-04-13 15:00:00,15.21,19.21,39.13,133.84,36.51,62.2,1009.01,9.34,51.91,0
2018-04-13 16:00:00,1.38,9.34,41.05,113.02,32.23,73.57,1018.6,9.62,10.71,0
2018-04-13 17:00:00,4.82,15.33,44.84,111.19,29.61,67.8,1004.55,4.54,38.74,0
2018-04-13 18:00:00,7.2,27.68,77.39,170.86,27.61,65.36,1019.15,10.9,68.7,0
2018-04-13 19:00:00,12.46,35.9,54.94,89.88,24.71,77.25,1010.31,0.91,49.72,0
2018-04-13 20:00:00,4.99,20.25,66.04,206.48,27.73,60.35,1009.38,11.98,40.4,0
2018-04-13 21:00:00,3.61,13.76,46.15,207.96,22.68,61.89,998.61,5.4,44.95,0
2018-04-13 22:00:00,5.2,27.07,138.57,205.42,35.54,77.23,1001.38,6.21,100.0,0
2018-04-13 23:00:00,1.29,15.19,46.38,104.96,23.16,59.03,1006.41,5.4,51.48,0
2018-04-14 00:00:00,1.45,17.99,38.69,79.86,21.12,58.46,1005.88,3.3,37.12,0
2018-04-14 01:00:00,3.52,27.78,103.36,130.09,44.36,82.76,1012.31,3.2,86.2,0
2018-04-14 02:00:00,0.11,21.06,50.66,104.68,27.22,64.42,1008.82,9.96,41.75,0
2018-04-14 03:00:00,2.21,18.67,62.89,143.12,23.24,83.04,1010.59,2.86,49.61,0
2018-04-14 04:00:00,2.84,21.74,29.35,150.21,32.21,54.89,1012.75,6.1,49.49,0
2018-04-14 05:00:00,21.67,29.5,94.53,124.57,20.66,65.79,993.51,5.48,57.03,0
2018-04-14 06:00:00,13.84,20.8,40.72,109.66,24.18,49.09,1009.85,9.59,43.98,0
2018-04-14 07:00:00,7.18,51.12,65.11,137.16,32.41,53.44,1020.79,11.97,37.18,0
2018-04-14 08:00:00,10.31,16.95,74.39,178.21,39.79,60.48,1015.51,29.82,74.86,0
2018-04-14 09:00:00,1.43,25.86,44.31,94.0,33.63,54.66,1013.57,21.29,48.89,1
2018-04-14 10:00:00,5.34,15.37,31.67,208.02,32.0,54.7,1012.33,8.72,57.27,1
2018-04-14 11:00:00,9.23,29.61,41.94,178.8,35.67,63.81,1018.41,1.23,64.64,0
2018-04-14 12:00:00,1.45,2.98,26.4,111.66,26.43,51.39,1014.8,10.91,36.0,0
2018-04-14 13:00:00,6.49,10.21,28.64,193.7,19.95,76.42,1010.98,3.49,16.48,1
2018-04-14 14:00:00,0.79,26.21,79.0,186.73,24.15,67.94,1011.8,16.77,56.63,0
2018-04-14 15:00:00,7.79,10.37,29.87,182.32,35.56,68.19,1015.79,5.42,27.88,0
2018-04-14 16:00:00,12.28,20.22,42.49,171.61,21.47,53.65,1017.58,1.16,72.81,0
2018-04-14 17:00:00,1.51,34.85,55.8,154.4,27.23,60.89,1003.81,34.0,57.35,1
2018-04-14 18:00:00,1.68,25.13,72.12,173.15,28.25,70.77,1010.91,7.5,70.94,0
2018-04-14 19:00:00,11.98,21.57,77.42,164.65,30.34,72.86,1014.93,23.51,86.45,0
2018-04-14 20:00:00,5.02,11.67,43.78,317.74,31.34,71.47,1008.33,4.51,53.78,0
2018-04-14 21:00:00,10.66,47.48,78.51,220.34,31.6,55.89,1009.07,10.03,68.02,0
2018-04-14 22:00:00,3.66,10.84,45.94,128.27,44.3,89.3,1019.39,11.28,60.64,0
2018-04-14 23:00:00,3.97,19.99,57.12,229.46,32.23,81.04,1011.96,4.38,23.3,0
2018-04-15 00:00:00,4.89,36.28,86.04,135.32,35.97,72.51,1006.03,6.38,50.11,0
2018-04-15 01:00:00,18.29,36.39,84.13,174.22,28.34,73.37,1002.72,5.3,69.5,0
2018-04-15 02:00:00,9.96,41.4,42.48,92.63,39.02,64.58,1010.74,24.91,58.73,0
2018-04-15 03:00:00,2.12,11.4,26.8,105.03,23.74,50.04,1008.91,18.22,35.99,0
2018-04-15 04:00:00,5.72,10.75,16.2,76.82,33.64,44.1,1018.53,6.95,31.36,0
2018-04-15 05:00:00,3.39,24.37,63.31,144.86,27.46,54.73,1006.89,4.15,27.8,0
2018-04-15 06:00:00,2.73,31.81,43.61,93.04,33.47,49.92,1015.74,4.17,61.96,0
2018-04-15 07:00:00,7.6,26.52,70.03,161.69,31.06,84.26,1010.24,11.51,84.58,0
2018-04-15 08:00:00,6.25,12.11,48.96,77.02,35.1,58.75,1008.8,12.64,26.93,0
2018-04-15 09:00:00,1.54,58.33,89.32,153.93,30.82,81.94,1008.23,4.2,41.11,0
2018-04-15 10:00:00,4.9,8.91,35.81,89.18,27.77,58.84,1017.82,8.47,52.08,0
2018-04-15 11:00:00,2.64,17.43,72.37,79.31,33.58,66.62,1014.22,6.68,74.6,0
2018-04-15 12:00:00,7.16,38.46,84.11,231.1,23.52,67.6,1010.98,7.61,15.82,1
2018-04-15 13:00:00,2.5,16.23,30.62,238.06,18.3,54.56,1008.7,6.73,44.69,0
2018-04-15 14:00:00,3.99,25.2,62.94,166.43,15.97,83.65,1014.31,2.17,50.54,0
2018-04-15 15:00:00,2.82,5.18,39.45,115.43,38.05,63.25,1012.04,2.65,33.01,0
2018-04-15 16:00:00,17.57,38.18,104.32,157.69,29.47,87.62,1007.08,0.56,55.0,0
2018-04-15 17:00:00,4.84,10.39,82.57,172.04,30.69,72.02,1005.35,6.7,69.72,1
2018-04-15 18:00:00,18.06,33.03,65.81,185.74,26.11,80.87,1007.69,6.88,46.87,0
2018-04-15 19:00:00,5.07,8.97,115.49,258.83,29.81,76.59,1003.42,4.16,79.1,0
2018-04-15 20:00:00,8.87,30.92,49.41,170.82,24.17,61.08,1007.0,8.49,77.93,0
2018-04-15 21:00:00,2.3,21.0,30.35,78.55,27.93,45.63,1025.29,4.45,64.2,0
2018-04-15 22:00:00,2.37,17.2,94.28,151.64,18.14,79.27,1000.39,5.38,87.97,1
2018-04-15 23:00:00,4.58,30.51,47.11,82.39,17.7,78.71,1015.65,2.93,33.69,0
2018-04-16 00:00:00,17.93,38.03,47.81,91.83,20.85,73.45,1013.67,3.69,37.74,0
2018-04-16 01:00:00,1.61,5.38,22.95,141.88,23.37,54.77,1004.17,12.07,31.0,0
2018-04-16 02:00:00,0.22,25.65,47.81,122.86,35.57,71.48,1015.35,14.16,62.8,0
2018-04-16 03:00:00,11.75,32.07,37.93,159.98,41.98,51.13,1022.0,8.34,21.87,0
2018-04-16 04:00:00,9.36,15.99,41.82,176.72,34.34,52.32,1011.42,10.38,32.33,1
2018-04-16 05:00:00,3.01,16.26,36.84,120.83,10.54,54.63,1016.3,10.66,43.02,0
2018-04-16 06:00:00,23.68,32.64,66.36,192.4,37.77,60.08,1009.89,4.92,52.02,1
2018-04-16 07:00:00,24.48,72.29,75.48,141.12,25.92,74.41,1012.39,11.08,48.89,0
2018-04-16 08:00:00,0.33,5.28,32.63,118.14,19.43,69.08,1002.44,14.49,41.21,0
2018-04-16 09:00:00,2.23,11.57,130.37,157.67,38.51,74.3,1008.43,5.13,73.03,0
2018-04-16 10:00:00,4.54,17.09,76.58,139.56,25.81,84.65,1010.36,11.56,59.41,0
2018-04-16 11:00:00,6.99,21.45,32.0,76.87,22.74,55.61,1009.66,3.59,14.9,0
2018-04-16 12:00:00,6.05,15.65,34.23,56.73,25.07,72.81,1019.1,6.29,49.91,0
2018-04-16 13:00:00,4.83,18.99,41.84,137.63,26.24,58.84,1011.27,4.53,16.35,0
2018-04-16 14:00:00,1.3,20.27,95.65,165.53,31.38,72.33,1008.86,7.35,47.03,0
2018-04-16 15:00:00,7.81,15.04,41.16,99.9,29.18,63.08,1009.69,11.13,30.58,0
2018-04-16 16:00:00,8.21,17.82,41.04,101.78,24.47,70.75,1009.38,7.21,18.99,0
2018-04-16 17:00:00,11.06,52.06,64.02,93.64,17.32,64.5,1010.02,12.57,50.6,1
2018-04-16 18:00:00,1.06,26.89,50.22,161.65,23.71,47.24,1009.8,4.95,39.62,0
2018-04-16 19:00:00,3.83,29.23,54.73,165.94,29.38,72.53,1013.27,12.13,55.94,0
2018-04-16 20:00:00,2.84,6.43,42.2,90.05,24.0,62.52,1014.28,5.96,36.98,0
2018-04-16 21:00:00,1.03,46.5,63.37,97.21,28.81,83.81,1018.06,7.53,60.36,0
2018-04-16 22:00:00,3.77,15.95,28.08,124.59,28.04,47.1,1009.79,1.99,31.92,0
2018-04-16 23:00:00,1.39,28.81,40.63,222.17,34.32,60.24,1006.57,6.51,78.08,1
2018-04-17 00:00:00,0.79,15.87,76.49,155.02,29.58,52.65,1011.12,2.5,42.32,0
2018-04-17 01:00:00,9.46,11.76,78.69,198.99,32.83,70.17,1011.17,8.21,39.24,1
2018-04-17 02:00:00,2.99,13.0,74.27,130.79,26.79,69.39,1015.09,6.6,60.69,0
2018-04-17 03:00:00,2.1,28.2,51.74,139.41,37.04,78.33,1004.26,20.75,30.55,0
2018-04-17 04:00:00,13.42,40.04,99.18,113.05,25.51,77.69,1009.15,15.62,71.12,0
2018-04-17 05:00:00,8.43,23.99,77.74,130.95,23.38,63.9,1016.05,40.77,80.25,0
2018-04-17 06:00:00,7.03,11.8,54.39,87.53,35.38,65.67,1015.53,36.15,54.82,0
2018-04-17 07:00:00,7.0,34.95,59.95,291.7,24.55,75.6,1016.79,10.82,63.91,1
2018-04-17 08:00:00,3.6,10.83,53.43,128.7,22.02,47.02,1009.35,2.39,39.93,0
2018-04-17 09:00:00,3.46,18.44,29.23,331.13,21.85,65.67,1000.95,9.93,25.41,1
2018-04-17 10:00:00,0.48,20.3,75.78,150.51,25.27,61.48,1011.59,7.24,74.31,0
2018-04-17 11:00:00,23.46,44.68,49.13,144.76,26.54,60.19,1013.61,23.12,23.12,1
2018-04-17 12:00:00,3.75,23.07,48.22,117.64,30.29,63.85,1008.0,6.91,49.74,0
2018-04-17 13:00:00,6.68,12.95,41.64,100.16,32.25,47.32,1013.31,11.23,37.16,0
2018-04-17 14:00:00,3.98,13.25,37.44,131.05,28.17,46.66,1012.27,7.77,29.18,0
2018-04-17 15:00:00,2.15,8.26,64.48,181.42,33.22,73.12,1003.36,2.68,51.5,0
2018-04-17 16:00:00,10.11,32.52,43.58,83.8,32.49,58.59,1016.63,5.15,38.44,1
2018-04-17 17:00:00,5.56,25.82,40.7,98.31,22.92,61.94,1004.01,8.7,49.13,0
2018-04-17 18:00:00,3.79,10.84,44.71,71.07,22.64,65.3,1014.97,6.17,46.9,0
2018-04-17 19:00:00,6.61,31.42,39.83,58.75,25.56,49.74,1007.13,2.77,27.17,0
2018-04-17 20:00:00,4.37,29.08,51.92,168.78,16.19,56.9,1012.07,14.45,66.72,0
2018-04-17 21:00:00,19.05,49.69,129.48,238.72,28.45,69.34,1008.95,5.88,100.0,0
2018-04-17 22:00:00,9.81,29.57,84.67,150.55,26.76,46.97,1010.5,22.2,70.42,0
2018-04-17 23:00:00,7.65,28.33,117.15,226.5,36.97,74.11,1014.33,10.03,99.07,0
2018-04-18 00:00:00,0.59,10.43,41.91,162.04,34.05,60.9,1015.76,5.48,42.49,0
2018-04-18 01:00:00,7.89,19.72,77.48,223.73,26.36,73.69,1006.4,5.36,48.17,0
2018-04-18 02:00:00,7.71,36.35,96.31,110.69,33.38,75.85,1009.89,4.76,82.6,0
2018-04-18 03:00:00,1.43,9.63,18.3,95.1,27.12,40.94,1015.36,27.7,29.35,0
2018-04-18 04:00:00,0.57,7.1,26.63,60.04,30.6,42.66,1014.78,3.26,36.75,1
2018-04-18 05:00:00,9.47,30.3,54.46,98.7,17.39,58.59,1013.79,0.54,48.4,0
2018-04-18 06:00:00,10.52,12.39,132.83,174.47,24.94,80.99,1008.65,2.58,100.0,0
2018-04-18 07:00:00,2.38,10.18,77.8,168.95,28.92,63.82,1014.58,6.93,60.72,1
2018-04-18 08:00:00,2.26,33.7,46.86,98.27,26.55,55.62,1015.26,14.74,46.19,0
2018-04-18 09:00:00,5.47,41.26,126.53,140.78,35.13,90.94,1010.35,14.32,100.0,1
2018-04-18 10:00:00,2.98,29.65,52.06,153.14,29.98,70.11,1010.12,15.84,77.08,0
2018-04-18 11:00:00,0.54,15.02,61.9,94.72,31.38,73.21,1019.09,4.43,50.24,0
2018-04-18 12:00:00,1.41,7.98,33.31,67.34,29.2,64.46,1010.3,2.84,69.62,0
2018-04-18 13:00:00,6.45,10.23,15.03,342.07,28.11,46.63,1008.05,6.42,45.09,0
2018-04-18 14:00:00,1.52,11.96,97.93,266.61,33.08,79.94,1008.05,9.07,80.69,0
2018-04-18 15:00:00,10.97,14.82,76.74,128.27,37.84,94.03,1011.17,3.03,74.13,0
2018-04-18 16:00:00,7.6,51.85,79.17,117.06,16.51,75.32,1008.69,10.32,89.59,0
2018-04-18 17:00:00,6.7,16.71,58.94,172.85,22.45,64.58,1006.77,14.37,49.7,0
2018-04-18 18:00:00,5.35,16.38,36.0,411.16,28.33,46.12,1011.19,10.31,10.74,0
2018-04-18 19:00:00,2.03,25.74,43.37,236.82,35.42,55.23,1017.1,9.1,21.72,0
2018-04-18 20:00:00,8.56,11.76,73.45,193.94,32.34,75.17,1003.62,9.21,46.66,1
2018-04-18 21:00:00,1.96,13.22,69.38,261.92,23.52,73.95,1011.3,4.21,67.66,0
2018-04-18 22:00:00,11.5,25.08,127.98,232.5,25.86,67.7,1002.89,2.88,89.28,1
2018-04-18 23:00:00,16.73,20.69,78.15,262.89,32.14,73.88,1004.74,18.82,89.81,0
2018-04-19 00:00:00,5.53,11.69,53.04,99.52,24.71,54.88,1002.83,23.6,62.87,0
2018-04-19 01:00:00,14.98,23.32,81.83,225.86,29.56,78.37,1010.14,14.87,66.19,1
2018-04-19 02:00:00,1.43,28.81,73.81,146.07,24.26,74.37,1001.62,2.27,60.45,0
2018-04-19 03:00:00,7.68,42.74,90.5,208.68,30.69,81.08,1010.48,13.62,64.71,1
2018-04-19 04:00:00,4.7,23.67,77.59,275.73,31.5,64.05,1009.56,23.93,57.99,0
2018-04-19 05:00:00,9.61,22.42,83.46,145.91,13.2,77.28,1012.31,17.54,67.16,0
2018-04-19 06:00:00,0.2,31.71,62.17,106.4,37.89,67.34,1000.14,4.93,33.44,0
2018-04-19 07:00:00,9.12,34.02,37.99,190.06,38.49,65.81,1003.15,17.73,17.85,0
2018-04-19 08:00:00,2.28,55.49,87.18,177.21,16.81,71.34,1007.89,5.67,65.56,0
2018-04-19 09:00:00,4.94,7.58,22.53,118.14,26.74,50.41,1012.07,10.66,35.0,0
2018-04-19 10:00:00,23.15,37.09,108.2,151.15,19.03,77.74,1014.1,21.84,76.64,0
2018-04-19 11:00:00,7.91,16.63,98.14,211.38,16.28,77.2,1008.7,21.27,64.91,0
2018-04-19 12:00:00,7.0,10.16,26.05,160.9,32.46,48.65,1007.95,2.44,54.5,0
2018-04-19 13:00:00,6.49,20.54,45.6,97.26,37.97,68.92,1017.04,13.06,55.44,0
2018-04-19 14:00:00,12.53,62.22,91.57,163.17,27.87,76.67,1006.61,9.9,68.45,0
2018-04-19 15:00:00,9.9,15.11,32.03,84.16,36.59,54.0,1004.36,7.99,27.61,0
2018-04-19 16:00:00,6.55,72.82,117.74,224.63,24.36,78.84,1010.52,3.16,71.45,1
2018-04-19 17:00:00,5.82,31.14,42.51,210.34,20.03,56.5,1011.57,12.11,54.83,0
2018-04-19 18:00:00,5.45,37.82,76.74,80.33,25.86,74.68,1014.56,4.73,48.75,0
2018-04-19 19:00:00,4.45,36.65,92.32,147.95,23.69,62.75,1004.5,27.22,91.37,1
2018-04-19 20:00:00,1.03,20.08,68.64,296.67,30.36,80.59,1010.82,1.92,67.21,0
2018-04-19 21:00:00,7.76,17.68,63.78,131.76,33.98,79.18,1007.36,5.16,52.31,1
2018-04-19 22:00:00,2.55,6.38,25.04,115.48,21.65,67.68,1013.36,9.03,22.65,0
2018-04-19 23:00:00,3.92,9.21,88.24,396.13,20.55,90.38,1006.38,10.66,74.65,1
2018-04-20 00:00:00,10.48,31.37,98.04,310.41,32.83,86.93,1009.63,1.0,70.02,1
2018-04-20 01:00:00,4.56,14.82,39.4,149.65,26.07,71.46,1017.38,31.74,34.97,0
2018-04-20 02:00:00,4.2,10.1,62.23,131.88,32.28,81.83,1011.13,8.15,45.34,0
2018-04-20 03:00:00,5.54,22.32,44.05,176.66,23.47,61.69,1009.8,5.17,47.92,0
2018-04-20 04:00:00,3.41,21.64,74.44,126.1,24.38,62.87,1017.45,5.16,50.42,0
2018-04-20 05:00:00,22.77,46.55,58.41,112.5,33.64,75.32,1010.27,7.94,53.5,1
2018-04-20 06:00:00,20.37,27.44,91.01,123.78,32.52,70.29,1010.98,20.07,86.28,0
2018-04-20 07:00:00,19.95,32.72,55.44,103.05,35.66,74.2,1015.28,2.49,41.24,0
2018-04-20 08:00:00,6.51,13.76,29.35,98.09,26.85,52.58,1011.07,11.2,21.07,0
2018-04-20 09:00:00,2.37,6.86,20.61,125.32,35.12,52.12,1011.66,5.07,59.9,0
2018-04-20 10:00:00,10.72,39.45,79.72,191.18,30.45,54.76,1009.55,4.0,60.46,0
2018-04-20 11:00:00,3.44,30.83,37.26,100.81,30.23,50.59,1013.26,6.5,51.8,0
2018-04-20 12:00:00,11.54,14.29,63.04,154.85,23.3,69.78,1022.87,4.66,52.57,0
2018-04-20 13:00:00,2.24,16.82,45.26,221.44,31.63,49.05,1017.23,36.07,39.69,0
2018-04-20 14:00:00,6.95,38.58,94.5,222.46,26.6,62.11,1014.77,16.2,84.94,0
2018-04-20 15:00:00,12.94,37.31,42.54,86.01,38.23,54.65,1007.04,6.8,61.66,0
2018-04-20 16:00:00,3.65,10.05,45.03,122.9,27.99,59.03,1009.3,17.23,27.68,0
2018-04-20 17:00:00,3.63,37.69,65.65,227.21,27.0,67.7,1013.59,10.28,23.42,1
2018-04-20 18:00:00,0.67,32.33,49.41,97.94,35.03,83.5,1001.94,11.24,56.62,1
2018-04-20 19:00:00,2.32,20.1,34.77,75.98,28.46,69.2,1007.81,16.37,58.9,0
2018-04-20 20:00:00,6.39,17.72,68.85,120.52,23.32,61.5,1016.59,3.71,57.96,0
2018-04-20 21:00:00,7.32,13.64,25.72,95.77,19.58,59.85,1017.37,16.78,29.35,0
2018-04-20 22:00:00,8.32,22.29,55.57,98.54,23.08,59.62,1012.46,15.45,51.09,0
2018-04-20 23:00:00,3.46,40.88,50.11,103.26,17.96,72.87,1014.78,23.87,60.62,1
2018-04-21 00:00:00,0.81,7.35,14.75,194.62,27.48,63.28,1023.47,41.29,36.5,0
2018-04-21 01:00:00,6.09,45.78,77.42,241.69,32.73,63.51,1009.03,11.12,48.28,0
2018-04-21 02:00:00,0.48,24.03,62.38,75.23,24.87,70.08,1021.56,3.89,34.9,1
2018-04-21 03:00:00,1.22,15.18,32.45,54.31,41.93,65.38,1014.24,9.36,13.55,0
2018-04-21 04:00:00,9.75,41.6,87.61,215.47,20.2,71.31,1008.98,3.89,69.73,0
2018-04-21 05:00:00,2.65,16.29,82.95,133.09,30.91,73.85,1017.27,2.02,88.73,0
2018-04-21 06:00:00,15.08,27.13,79.43,119.02,30.39,75.08,1006.35,14.98,28.23,0
2018-04-21 07:00:00,8.51,36.37,68.1,167.9,25.67,88.56,1010.9,12.3,43.0,0
2018-04-21 08:00:00,3.67,18.09,81.84,199.32,27.14,81.71,1009.05,14.06,79.43,1
2018-04-21 09:00:00,11.11,24.78,60.66,187.47,37.14,56.3,1018.8,12.67,40.85,1
2018-04-21 10:00:00,4.01,12.55,27.89,148.57,33.9,62.53,1010.14,17.02,44.72,0
2018-04-21 11:00:00,9.27,21.12,70.11,174.04,33.15,88.9,1009.31,5.66,47.58,1
2018-04-21 12:00:00,2.19,45.13,104.43,170.86,22.86,77.44,1009.03,21.29,61.12,0
2018-04-21 13:00:00,11.66,12.63,22.56,162.99,30.73,77.51,1002.8,3.35,40.14,0
2018-04-21 14:00:00,0.56,6.93,33.17,167.76,32.49,87.19,1018.1,9.52,19.28,0
2018-04-21 15:00:00,1.22,8.68,24.11,175.94,32.76,50.05,1012.0,9.71,30.99,1
2018-04-21 16:00:00,1.53,14.37,51.0,92.42,20.32,63.48,1009.15,25.54,45.55,0
2018-04-21 17:00:00,2.48,13.72,42.29,82.23,29.87,63.34,1015.65,2.74,70.35,0
2018-04-21 18:00:00,6.6,22.77,37.66,352.26,29.82,48.74,1010.55,7.27,30.77,1
2018-04-21 19:00:00,4.81,6.49,38.24,190.55,34.16,75.79,1013.46,8.87,31.9,0
2018-04-21 20:00:00,9.37,25.35,64.74,115.94,26.55,70.1,1006.3,9.93,65.19,0
2018-04-21 21:00:00,13.09,55.8,102.65,168.19,21.65,56.95,1006.14,6.42,81.32,0
2018-04-21 22:00:00,0.46,14.87,107.77,226.65,22.78,77.63,1010.57,6.04,67.78,0
2018-04-21 23:00:00,14.41,25.98,53.36,182.41,30.0,56.73,1008.19,12.73,39.25,0
2018-04-22 00:00:00,3.92,17.02,51.01,68.83,34.39,63.95,1003.25,6.31,34.43,0
2018-04-22 01:00:00,2.07,12.43,45.39,142.99,25.99,38.25,1018.55,15.05,40.46,0
2018-04-22 02:00:00,0.25,23.78,142.47,277.13,29.61,78.79,1000.92,3.88,100.0,1
2018-04-22 03:00:00,8.6,26.54,49.19,102.48,16.73,72.28,1015.55,0.56,34.43,0
2018-04-22 04:00:00,8.13,25.17,53.53,71.76,16.28,60.42,1010.16,11.17,39.56,0
2018-04-22 05:00:00,1.26,33.11,63.04,186.52,30.62,48.58,1016.37,5.1,76.5,0
2018-04-22 06:00:00,1.45,25.16,37.04,65.2,30.52,61.09,1011.95,11.85,37.44,0
2018-04-22 07:00:00,9.98,10.96,56.01,225.95,31.93,63.06,1010.5,6.85,62.06,0
2018-04-22 08:00:00,6.9,17.08,54.45,91.5,16.5,80.49,1013.46,3.41,53.27,0
2018-04-22 09:00:00,3.51,7.78,29.54,120.78,36.0,64.73,1012.16,10.11,35.1,0
2018-04-22 10:00:00,7.56,14.8,61.36,81.66,24.92,63.74,1011.97,7.63,67.75,0
2018-04-22 11:00:00,6.28,14.96,56.82,145.82,24.67,53.21,1010.56,2.94,46.39,1
2018-04-22 12:00:00,1.67,8.69,23.25,101.29,31.67,58.74,1016.61,13.96,34.96,0
2018-04-22 13:00:00,10.63,35.1,80.48,145.24,28.45,88.85,1006.9,10.27,44.84,0
2018-04-22 14:00:00,8.94,30.66,37.45,90.33,37.31,65.54,1018.76,15.23,22.24,0
2018-04-22 15:00:00,4.91,15.06,49.29,115.86,31.96,70.44,1013.16,2.6,30.06,0
2018-04-22 16:00:00,9.99,31.13,48.52,102.98,36.48,39.0,1016.82,1.34,27.07,0
2018-04-22 17:00:00,21.6,40.82,121.28,239.12,25.71,86.0,1005.37,7.68,100.0,0
2018-04-22 18:00:00,1.43,16.74,80.64,173.22,34.75,70.45,1020.19,34.6,52.27,0
2018-04-22 19:00:00,3.69,16.17,97.19,183.03,15.78,72.73,1012.71,10.7,69.66,0
2018-04-22 20:00:00,3.88,30.13,49.04,138.63,27.54,65.56,1021.03,5.16,59.21,0
2018-04-22 21:00:00,9.8,23.46,38.52,97.5,20.61,63.94,1009.99,4.45,63.11,0
2018-04-22 22:00:00,2.44,19.11,49.75,150.96,28.72,61.37,1006.07,22.79,44.4,0
2018-04-22 23:00:00,9.33,25.17,45.67,181.13,29.01,58.27,1010.79,13.07,42.37,0
2018-04-23 00:00:00,2.79,11.74,29.09,138.91,33.26,46.21,1016.08,11.63,16.52,0
2018-04-23 01:00:00,1.21,9.76,77.0,210.31,29.41,65.16,1016.68,11.26,34.67,0
2018-04-23 02:00:00,5.21,17.04,83.67,199.89,23.99,81.18,1007.29,1.57,80.84,1
2018-04-23 03:00:00,2.72,26.89,81.75,180.72,25.49,64.13,1015.68,7.72,63.48,0
2018-04-23 04:00:00,5.72,18.54,25.88,58.61,29.14,67.62,1014.03,9.64,42.52,0
2018-04-23 05:00:00,7.09,9.27,51.58,98.7,24.47,53.57,1016.06,22.79,53.98,1
2018-04-23 06:00:00,0.53,18.41,45.19,65.31,34.57,49.59,1005.91,1.56,30.21,0
2018-04-23 07:00:00,3.09,12.39,64.01,199.36,25.96,62.23,1007.02,43.06,41.77,0
2018-04-23 08:00:00,5.21,12.17,62.24,95.63,33.66,75.45,1004.39,11.52,61.45,0
2018-04-23 09:00:00,10.03,32.61,71.53,115.25,24.29,53.18,1010.45,1.48,64.29,0
2018-04-23 10:00:00,8.99,31.47,99.12,160.67,31.45,90.59,1014.53,17.17,90.0,0
2018-04-23 11:00:00,1.85,17.27,55.3,117.15,26.85,86.33,1017.51,20.11,38.5,0
2018-04-23 12:00:00,4.09,15.27,21.45,90.8,34.42,65.94,1008.94,3.14,17.69,0
2018-04-23 13:00:00,7.43,17.05,42.38,179.89,38.53,57.26,1013.75,4.79,45.27,0
2018-04-23 14:00:00,3.8,8.11,27.19,125.16,29.15,55.15,1014.23,20.85,54.98,0
2018-04-23 15:00:00,2.09,3.09,18.0,130.23,38.46,51.35,1003.71,28.19,51.77,0
2018-04-23 16:00:00,4.62,14.79,30.56,71.05,27.17,53.6,1013.47,9.14,21.03,0
2018-04-23 17:00:00,6.81,17.16,40.06,153.77,29.1,60.03,1002.43,16.42,42.66,0
2018-04-23 18:00:00,1.64,8.18,28.61,67.43,27.42,41.87,1011.49,6.85,54.91,0
2018-04-23 19:00:00,8.18,39.93,84.07,151.84,22.49,73.62,1006.81,6.86,76.41,0
2018-04-23 20:00:00,5.51,14.53,32.69,84.35,36.05,49.57,1014.83,4.58,14.7,1
2018-04-23 21:00:00,8.44,23.72,69.31,123.18,28.87,58.87,1014.15,4.63,71.47,0
2018-04-23 22:00:00,4.52,22.18,80.36,348.23,25.69,61.85,1017.08,16.91,52.54,0
2018-04-23 23:00:00,19.11,38.56,83.44,140.22,24.07,73.64,1010.45,13.23,70.86,0
2018-04-24 00:00:00,6.69,14.78,49.57,65.99,38.42,74.98,1012.91,4.83,53.8,0
2018-04-24 01:00:00,9.3,20.24,68.3,200.24,27.21,57.13,1006.39,13.94,68.9,1
2018-04-24 02:00:00,8.15,22.31,37.59,109.3,27.16,73.8,1008.66,8.51,39.5,1
2018-04-24 03:00:00,4.03,12.17,19.3,128.76,33.65,47.23,1009.71,7.72,35.35,0
2018-04-24 04:00:00,6.15,35.88,85.36,129.06,36.51,63.08,1009.37,12.53,66.79,0
2018-04-24 05:00:00,2.51,57.91,95.68,165.13,25.17,81.19,1019.81,4.16,74.71,0
2018-04-24 06:00:00,18.03,35.33,119.96,196.63,31.44,59.98,1009.48,20.56,100.0,0
2018-04-24 07:00:00,7.38,24.56,83.4,159.73,31.43,64.49,1016.85,4.68,71.05,1
2018-04-24 08:00:00,1.94,30.24,55.63,127.4,27.04,55.73,1014.04,11.46,36.71,0
2018-04-24 09:00:00,14.88,39.14,66.91,193.72,25.9,62.46,1014.72,2.62,60.44,1
2018-04-24 10:00:00,4.25,17.95,53.63,192.08,24.66,57.79,1012.08,10.8,43.93,0
2018-04-24 11:00:00,10.45,51.32,80.18,122.65,33.72,52.02,1009.62,17.05,77.15,0
2018-04-24 12:00:00,0.5,8.97,44.09,177.58,29.39,69.01,1012.32,13.41,54.78,0
2018-04-24 13:00:00,12.74,35.48,56.66,102.38,28.44,68.66,1007.09,8.9,58.67,0
2018-04-24 14:00:00,7.11,17.98,71.17,176.29,24.07,76.76,1007.58,5.72,39.74,0
2018-04-24 15:00:00,1.75,20.55,63.74,78.58,33.72,62.39,1010.74,2.0,58.43,0
2018-04-24 16:00:00,7.0,17.02,47.49,175.07,29.75,62.61,1011.88,2.61,29.2,0
2018-04-24 17:00:00,16.62,56.6,70.18,168.71,23.22,76.56,1000.48,6.37,42.4,0
2018-04-24 18:00:00,2.6,31.85,61.97,109.99,26.09,68.4,1005.75,5.76,51.11,0
2018-04-24 19:00:00,2.56,20.66,60.11,140.95,32.19,74.88,1013.92,16.22,61.19,0
2018-04-24 20:00:00,3.97,28.51,57.39,128.99,18.32,73.66,1014.72,30.88,55.42,1
2018-04-24 21:00:00,5.16,11.74,36.19,122.79,27.81,61.96,1003.58,1.5,32.03,0
2018-04-24 22:00:00,11.04,14.65,19.7,107.77,32.6,59.5,1013.2,16.21,31.54,0
2018-04-24 23:00:00,7.47,15.68,136.99,209.35,29.37,78.98,1025.34,9.39,100.0,0
2018-04-25 00:00:00,3.97,43.2,60.22,244.33,32.06,66.8,1016.6,4.6,43.39,0
2018-04-25 01:00:00,6.4,16.39,57.3,114.51,16.52,59.85,1005.14,12.28,23.43,0
2018-04-25 02:00:00,18.81,44.44,59.36,163.01,20.85,69.09,1011.75,24.29,51.74,1
2018-04-25 03:00:00,8.66,20.32,58.88,153.64,32.93,67.44,1011.97,5.66,36.82,0
2018-04-25 04:00:00,4.41,16.64,57.73,118.92,30.22,59.36,1009.98,19.05,55.76,1
2018-04-25 05:00:00,3.85,13.96,40.0,210.96,26.54,66.07,1016.6,19.95,18.28,0
2018-04-25 06:00:00,6.05,15.62,44.39,84.77,29.53,75.32,1017.18,18.46,13.85,0
2018-04-25 07:00:00,10.92,35.3,55.27,171.43,31.32,65.03,1008.38,17.48,39.33,1
2018-04-25 08:00:00,2.19,11.88,133.21,236.31,25.33,79.67,1011.52,14.9,100.0,1
2018-04-25 09:00:00,9.7,19.17,74.64,172.06,24.19,70.28,1006.82,3.2,52.68,0
2018-04-25 10:00:00,4.33,18.15,53.07,133.41,20.67,45.5,1010.56,12.89,60.8,0
2018-04-25 11:00:00,4.99,15.95,37.54,170.46,36.0,58.12,1019.72,1.32,40.32,0
2018-04-25 12:00:00,31.07,38.14,90.08,121.62,28.4,94.37,1005.23,2.53,43.59,0
2018-04-25 13:00:00,8.88,31.41,83.71,130.61,36.37,70.49,1014.22,11.0,65.69,0
2018-04-25 14:00:00,2.82,19.08,34.24,134.23,20.63,52.19,1005.36,7.24,57.27,0
2018-04-25 15:00:00,7.09,16.29,25.36,74.63,28.72,59.18,1009.12,1.42,38.36,0
2018-04-25 16:00:00,11.39,18.47,39.86,82.87,21.46,56.53,1008.28,8.58,59.3,0
2018-04-25 17:00:00,8.96,37.65,58.32,216.74,37.67,67.19,1006.61,11.04,54.29,0
2018-04-25 18:00:00,0.16,4.93,14.83,178.45,42.99,59.5,1005.44,9.28,46.77,0
2018-04-25 19:00:00,4.79,25.3,42.21,146.2,34.9,61.97,1005.08,15.27,47.42,0
2018-04-25 20:00:00,7.37,9.46,23.17,73.28,21.84,68.09,1003.08,14.55,8.45,0
2018-04-25 21:00:00,6.85,21.73,90.02,148.2,21.64,59.1,1005.71,2.74,55.1,0
2018-04-25 22:00:00,3.08,18.27,57.76,147.28,27.47,68.7,1006.36,1.97,68.2,0
2018-04-25 23:00:00,9.09,13.09,55.97,125.08,28.77,75.52,1010.8,8.45,40.14,0
2018-04-26 00:00:00,12.78,17.11,71.33,189.92,30.86,65.07,1017.19,12.67,59.36,1
2018-04-26 01:00:00,0.56,16.14,30.81,66.99,30.61,68.67,1014.36,9.72,41.98,0
2018-04-26 02:00:00,0.47,4.67,48.08,85.04,28.1,61.36,1012.89,7.59,44.02,1
2018-04-26 03:00:00,7.04,39.89,64.03,136.7,26.75,55.61,1007.21,22.15,48.55,0
2018-04-26 04:00:00,9.75,19.04,87.23,251.33,23.48,51.68,1012.23,1.53,74.79,1
2018-04-26 05:00:00,2.61,39.32,101.4,203.64,31.73,67.7,1012.41,1.9,74.61,0
2018-04-26 06:00:00,4.87,36.38,113.3,197.96,14.92,72.24,1005.87,8.36,95.08,0
2018-04-26 07:00:00,6.95,19.55,35.5,119.84,28.55,83.32,1017.03,1.83,23.01,0
2018-04-26 08:00:00,3.65,19.61,48.72,208.41,29.25,64.23,1009.51,4.71,38.89,1
2018-04-26 09:00:00,11.62,39.15,59.53,268.44,26.78,60.08,1009.24,14.81,78.46,0
2018-04-26 10:00:00,6.57,12.11,31.24,66.56,32.48,65.93,1013.66,20.54,62.07,0
2018-04-26 11:00:00,2.3,12.28,33.42,124.11,33.42,57.12,1005.3,9.41,36.93,0
2018-04-26 12:00:00,2.59,38.69,88.23,184.27,29.12,81.21,1007.14,7.25,52.16,0
2018-04-26 13:00:00,4.97,30.35,50.03,108.45,40.72,79.43,1010.44,23.4,63.93,0
2018-04-26 14:00:00,3.39,14.82,31.79,77.28,24.17,62.34,1008.65,8.62,72.3,0
2018-04-26 15:00:00,0.42,16.48,35.78,53.52,25.45,43.63,1014.11,2.66,18.26,0
2018-04-26 16:00:00,6.06,14.06,24.62,105.64,25.71,58.43,1008.04,6.74,47.43,0
2018-04-26 17:00:00,2.66,13.34,33.24,235.31,34.21,59.37,1008.77,2.42,46.56,0
2018-04-26 18:00:00,3.2,23.48,86.9,220.27,30.0,87.01,1014.38,5.54,54.22,1
2018-04-26 19:00:00,1.41,12.11,114.98,196.39,17.43,80.16,1008.77,10.61,97.96,0
2018-04-26 20:00:00,16.96,39.55,64.02,164.4,26.19,62.61,1014.21,1.65,39.94,0
2018-04-26 21:00:00,8.43,12.63,78.34,157.91,24.7,83.08,1012.94,22.39,57.12,0
2018-04-26 22:00:00,20.32,40.44,126.41,205.62,37.31,76.57,1017.25,14.48,86.0,1
2018-04-26 23:00:00,3.63,9.75,71.03,204.64,23.55,66.51,1008.05,6.33,41.63,0
2018-04-27 00:00:00,8.85,21.19,27.93,110.79,27.91,55.02,1005.56,12.28,34.6,0
2018-04-27 01:00:00,6.16,13.76,37.89,72.44,19.34,73.42,1003.38,8.17,23.1,0
2018-04-27 02:00:00,2.41,22.56,96.82,137.58,28.87,67.06,1006.47,15.56,66.2,0
2018-04-27 03:00:00,3.59,8.21,59.33,119.14,38.35,72.18,1016.1,9.01,72.63,0
2018-04-27 04:00:00,8.42,31.19,89.43,187.32,23.42,75.1,1012.98,1.4,81.22,1
2018-04-27 05:00:00,1.41,15.13,47.54,90.22,33.12,64.24,1010.31,6.84,56.0,0
2018-04-27 06:00:00,11.72,23.26,63.33,81.79,26.87,75.52,1021.47,22.17,69.93,0
2018-04-27 07:00:00,5.7,14.18,40.56,103.62,27.89,77.72,1005.03,13.49,64.55,0
2018-04-27 08:00:00,10.47,20.31,85.42,193.08,31.41,58.06,1014.85,5.54,41.68,0
2018-04-27 09:00:00,6.97,38.01,64.64,204.78,21.09,65.01,1007.9,10.77,60.01,0
2018-04-27 10:00:00,0.56,8.9,44.93,91.03,23.78,60.65,1020.14,3.64,29.95,0
2018-04-27 11:00:00,4.79,35.98,57.27,128.59,23.02,66.37,1008.94,5.9,41.0,0
2018-04-27 12:00:00,11.93,49.95,67.13,104.04,37.3,61.29,1016.0,12.09,38.27,1
2018-04-27 13:00:00,5.62,16.96,85.57,141.62,33.8,60.13,1008.97,19.2,99.09,1
2018-04-27 14:00:00,4.92,8.53,72.75,93.88,33.43,67.01,1023.05,2.92,31.7,0
2018-04-27 15:00:00,5.62,31.79,51.16,81.18,33.56,74.38,1012.32,8.14,50.67,0
2018-04-27 16:00:00,0.36,26.33,67.16,96.37,32.45,65.07,1010.66,20.49,82.58,0
2018-04-27 17:00:00,12.95,44.44,108.42,252.95,19.07,78.67,1010.87,7.82,78.54,1
2018-04-27 18:00:00,0.09,13.11,127.51,170.14,24.72,93.26,1012.0,1.69,49.99,0
2018-04-27 19:00:00,15.19,32.44,75.57,196.0,26.81,70.27,1018.38,21.54,95.0,0
2018-04-27 20:00:00,3.36,13.1,75.16,105.51,28.73,78.43,1017.73,13.51,91.28,1
2018-04-27 21:00:00,7.41,16.82,78.27,153.14,22.41,79.92,1000.33,1.08,47.38,0
2018-04-27 22:00:00,0.3,16.92,73.11,164.49,20.38,80.58,1009.09,14.18,76.67,0
2018-04-27 23:00:00,9.66,37.35,45.39,148.27,22.21,83.99,1008.27,5.39,50.1,1
2018-04-28 00:00:00,8.31,32.0,71.72,88.32,23.83,66.64,1014.29,13.3,38.78,1
2018-04-28 01:00:00,7.87,22.04,48.96,153.49,25.98,72.95,1008.38,14.43,62.69,0
2018-04-28 02:00:00,0.27,29.53,46.18,160.43,30.34,65.49,1021.39,3.99,37.69,0
2018-04-28 03:00:00,2.04,6.78,21.8,30.2,27.15,63.91,1008.0,11.9,33.26,0
2018-04-28 04:00:00,7.0,65.98,87.34,126.04,34.7,74.83,1002.54,6.33,78.79,1
2018-04-28 05:00:00,12.67,17.88,91.12,200.32,31.42,83.34,1010.72,1.6,78.07,0
2018-04-28 06:00:00,1.69,15.01,29.58,225.18,26.29,55.25,1015.74,6.89,44.92,0
2018-04-28 07:00:00,1.75,18.18,74.77,182.79,30.47,72.39,1005.41,13.71,43.72,0
2018-04-28 08:00:00,6.59,23.48,107.02,117.4,27.43,61.55,1015.59,15.87,37.83,0
2018-04-28 09:00:00,29.02,56.35,77.64,181.8,24.76,61.0,1007.13,7.82,51.51,0
2018-04-28 10:00:00,2.46,9.38,88.8,118.6,28.32,65.22,1008.14,3.2,82.12,0
2018-04-28 11:00:00,3.32,21.01,86.7,178.41,30.28,76.53,1010.54,3.56,49.4,0
2018-04-28 12:00:00,2.81,25.2,51.51,161.34,33.52,68.46,1008.33,8.72,46.6,0
2018-04-28 13:00:00,4.34,34.33,71.4,162.64,40.13,81.85,1020.3,7.41,63.49,1
2018-04-28 14:00:00,13.49,24.74,43.4,171.05,35.0,72.68,1004.95,2.19,42.36,0
2018-04-28 15:00:00,4.57,19.93,51.13,96.22,22.51,64.05,1003.76,13.13,68.12,0
2018-04-28 16:00:00,31.13,45.0,196.69,308.83,19.22,100.0,1002.46,6.64,100.0,1
2018-04-28 17:00:00,5.43,27.08,62.65,122.85,35.12,68.17,1005.03,8.29,52.46,0
2018-04-28 18:00:00,14.56,36.3,59.26,169.63,27.32,51.68,1002.95,2.06,56.29,1
2018-04-28 19:00:00,3.59,14.48,22.75,56.56,24.13,46.44,1013.47,14.56,34.89,0
2018-04-28 20:00:00,1.04,14.71,57.85,105.88,36.97,72.39,1005.07,19.87,28.95,0
2018-04-28 21:00:00,4.56,18.99,35.36,156.74,26.97,45.73,1011.06,13.48,61.34,0
2018-04-28 22:00:00,7.98,13.98,26.41,99.22,27.39,61.57,1009.59,3.03,49.82,0
2018-04-28 23:00:00,2.07,20.46,62.95,106.7,24.49,62.98,1017.63,9.58,41.33,0
2018-04-29 00:00:00,12.76,30.65,48.86,173.52,16.81,82.88,1004.96,2.12,55.15,0
2018-04-29 01:00:00,2.97,9.02,66.91,115.1,22.93,55.37,1012.82,6.79,51.11,1
2018-04-29 02:00:00,1.41,20.68,28.23,128.07,24.5,70.03,1011.69,8.08,48.61,0
2018-04-29 03:00:00,26.82,91.2,140.01,190.12,18.98,76.72,1004.68,0.59,100.0,1
2018-04-29 04:00:00,1.94,9.54,102.03,296.67,28.44,68.97,1008.9,15.27,51.75,0
2018-04-29 05:00:00,2.87,8.87,54.22,137.7,29.47,80.0,1013.1,8.16,76.79,1
2018-04-29 06:00:00,9.16,31.35,91.48,166.37,33.0,66.31,1002.18,2.79,95.16,1
2018-04-29 07:00:00,3.46,14.3,34.4,173.43,23.84,52.2,1012.64,8.33,24.44,0
2018-04-29 08:00:00,1.48,28.87,90.6,136.24,17.7,66.61,1009.92,10.39,33.78,1
2018-04-29 09:00:00,2.56,15.76,60.65,179.01,26.2,55.83,1014.93,24.3,54.03,0
2018-04-29 10:00:00,21.38,30.26,68.06,110.13,21.12,51.94,1012.77,13.19,62.52,0
2018-04-29 11:00:00,8.23,21.27,95.08,166.97,27.85,64.31,1017.89,13.05,57.23,0
2018-04-29 12:00:00,9.7,31.44,82.48,135.75,32.77,53.73,1015.66,5.64,52.15,0
2018-04-29 13:00:00,6.3,27.53,44.66,76.03,25.08,54.4,1010.31,16.79,54.48,1
2018-04-29 14:00:00,7.33,11.6,37.48,69.18,27.61,52.86,1018.69,12.39,40.47,0
2018-04-29 15:00:00,3.19,24.88,109.61,163.35,16.73,77.22,1010.17,12.94,69.2,0
2018-04-29 16:00:00,5.59,20.33,36.02,150.12,25.86,48.55,1017.08,13.43,51.05,0
2018-04-29 17:00:00,0.22,15.86,31.55,345.69,36.82,66.62,1011.56,8.32,38.42,0
2018-04-29 18:00:00,11.3,29.71,87.27,119.39,31.07,49.12,1011.86,1.51,97.92,0
2018-04-29 19:00:00,3.15,9.06,34.23,105.1,23.7,51.87,1002.98,2.21,72.76,0
2018-04-29 20:00:00,1.17,5.28,99.16,159.92,21.83,70.7,1010.57,5.53,78.46,1
2018-04-29 21:00:00,5.9,10.31,62.16,179.13,27.86,62.15,1013.81,17.79,52.35,0
2018-04-29 22:00:00,4.02,30.29,57.11,220.14,30.8,65.83,1014.02,2.64,52.42,0
2018-04-29 23:00:00,10.97,37.09,82.12,169.28,23.78,56.32,1001.56,11.39,54.91,0
2018-04-30 00:00:00,4.66,6.06,26.29,60.05,26.93,78.73,1010.21,1.15,41.05,0
2018-04-30 01:00:00,2.5,16.15,119.5,180.54,17.38,92.71,1004.84,7.46,72.41,0
2018-04-30 02:00:00,4.78,14.3,53.1,155.87,32.47,38.59,1010.91,8.35,52.79,0
2018-04-30 03:00:00,15.92,22.49,51.15,114.19,23.29,70.23,1000.45,8.03,37.58,0
2018-04-30 04:00:00,11.27,41.04,63.83,102.14,31.49,62.95,1007.1,10.69,43.17,0
2018-04-30 05:00:00,8.21,41.95,58.71,134.97,29.92,64.32,1011.32,5.94,44.99,0
2018-04-30 06:00:00,11.68,27.86,46.51,111.72,30.54,62.33,1009.04,17.15,38.62,0
2018-04-30 07:00:00,8.77,17.85,39.2,129.44,26.58,54.05,1020.06,2.09,46.9,0
2018-04-30 08:00:00,1.76,12.17,22.57,143.11,37.05,57.87,1010.35,4.55,38.48,0
2018-04-30 09:00:00,9.77,15.43,42.15,199.91,24.42,77.81,1011.15,1.82,43.74,0
2018-04-30 10:00:00,12.85,23.13,53.55,267.19,37.13,82.82,1002.57,10.12,53.08,0
2018-04-30 11:00:00,13.45,20.76,66.43,333.14,29.4,65.73,1005.64,11.2,64.05,0
2018-04-30 12:00:00,1.32,33.61,52.85,79.43,28.68,48.22,1015.34,7.01,36.41,0
2018-04-30 13:00:00,2.88,5.69,23.8,119.74,26.73,56.67,1009.16,6.31,34.66,0
2018-04-30 14:00:00,2.42,26.7,59.28,77.18,28.62,62.51,1010.33,14.87,48.87,1
2018-04-30 15:00:00,3.55,10.46,39.29,126.84,28.05,76.38,1008.88,5.27,30.7,0
2018-04-30 16:00:00,7.47,29.03,72.27,184.81,37.59,55.87,1013.88,22.97,73.55,0
2018-04-30 17:00:00,5.76,18.39,26.29,54.38,21.32,40.83,1006.06,2.98,62.86,0
2018-04-30 18:00:00,5.76,30.3,75.54,295.43,26.93,61.44,1007.38,6.87,79.2,1
2018-04-30 19:00:00,0.88,5.48,37.7,67.16,22.79,68.26,1013.79,23.0,53.55,0
2018-04-30 20:00:00,2.76,11.52,16.29,52.85,24.84,48.42,1010.76,10.26,34.05,0
2018-04-30 21:00:00,14.26,25.16,52.32,165.8,28.1,61.77,1001.44,2.56,52.38,0
2018-04-30 22:00:00,12.81,27.44,82.92,179.7,36.28,77.22,1009.64,19.09,71.0,0
2018-04-30 23:00:00,4.59,19.06,54.17,152.32,30.65,49.16,1002.58,1.2,56.8,0
2018-05-01 00:00:00,9.79,15.4,44.71,52.06,22.74,61.79,1011.08,5.62,61.92,0
2018-05-01 01:00:00,6.88,11.19,31.01,133.4,26.39,62.79,1016.07,10.42,33.19,0
2018-05-01 02:00:00,10.72,22.14,29.94,123.06,34.34,66.63,1008.87,1.59,38.48,0
2018-05-01 03:00:00,10.16,23.44,57.12,109.35,24.79,60.93,1015.97,21.44,68.23,0
2018-05-01 04:00:00,4.96,15.9,80.04,102.21,28.74,84.6,1013.44,7.27,54.8,0
2018-05-01 05:00:00,8.25,11.06,95.77,170.91,30.25,67.12,1013.68,23.76,65.23,0
2018-05-01 06:00:00,7.29,21.0,36.17,158.38,26.79,69.39,1003.2,5.03,31.76,0
2018-05-01 07:00:00,5.09,24.16,60.05,208.03,22.98,76.84,1009.38,3.19,47.65,1
2018-05-01 08:00:00,4.08,20.24,57.51,119.37,29.38,39.64,1014.03,13.38,66.48,0
2018-05-01 09:00:00,19.15,31.45,55.68,217.16,40.68,80.23,1008.17,4.72,79.56,0
2018-05-01 10:00:00,5.1,20.33,85.19,105.58,25.44,59.25,1000.95,8.64,55.83,0
2018-05-01 11:00:00,9.28,16.81,55.14,178.35,25.05,60.35,1015.93,4.93,28.74,0
2018-05-01 12:00:00,18.03,47.81,59.57,132.81,32.08,76.44,1015.29,22.3,44.56,1
2018-05-01 13:00:00,8.24,17.62,47.34,66.91,41.11,58.96,1017.92,9.37,47.45,0
2018-05-01 14:00:00,7.92,27.41,85.31,230.3,23.32,69.3,1000.33,6.49,61.1,0
2018-05-01 15:00:00,5.13,17.06,30.1,104.17,21.5,69.47,1010.71,16.5,42.73,1
2018-05-01 16:00:00,7.41,32.68,64.96,193.72,32.38,68.18,1008.33,7.16,54.04,0
2018-05-01 17:00:00,3.74,12.95,47.03,116.23,32.51,53.2,1006.16,5.03,60.34,0
2018-05-01 18:00:00,34.15,59.57,97.95,165.83,22.63,84.36,1010.19,10.42,79.92,1
2018-05-01 19:00:00,0.91,33.24,85.76,137.36,26.36,73.69,1011.34,3.25,29.74,0
2018-05-01 20:00:00,4.34,11.39,33.14,109.51,21.63,45.13,1010.21,4.66,21.56,0
2018-05-01 21:00:00,8.36,31.98,126.18,226.01,25.98,76.33,1016.58,3.87,85.03,0
2018-05-01 22:00:00,7.93,45.06,86.74,158.05,26.41,73.78,999.77,7.42,44.91,1
2018-05-01 23:00:00,3.73,20.79,133.47,163.7,33.23,74.82,1010.28,5.17,100.0,1
2018-05-02 00:00:00,0.48,28.98,53.44,148.47,34.73,48.12,1004.37,14.91,62.66,0
2018-05-02 01:00:00,1.15,33.96,81.33,176.42,27.47,55.6,1010.51,18.45,68.54,1
2018-05-02 02:00:00,6.14,32.08,33.66,62.92,36.26,54.16,1013.83,10.07,34.87,0
2018-05-02 03:00:00,0.26,7.93,107.29,154.99,33.28,77.71,1015.67,1.1,76.24,0
2018-05-02 04:00:00,8.88,27.59,70.66,98.33,20.74,79.14,1008.9,6.25,47.76,0
2018-05-02 05:00:00,13.7,34.03,58.42,136.03,34.23,51.26,1011.59,4.79,50.74,0
2018-05-02 06:00:00,10.28,12.71,22.48,134.9,32.45,53.0,1000.77,37.31,15.9,0
2018-05-02 07:00:00,12.04,24.71,68.41,172.47,38.57,46.1,1016.19,15.8,50.67,0
2018-05-02 08:00:00,0.28,15.58,37.89,59.93,29.47,61.24,1014.48,1.1,29.77,0
2018-05-02 09:00:00,3.89,23.2,85.98,160.76,37.75,85.33,1010.64,12.57,56.4,0
2018-05-02 10:00:00,1.59,7.71,99.83,134.2,18.47,82.96,1010.18,4.94,100.0,0
2018-05-02 11:00:00,0.64,12.57,51.51,78.04,25.56,61.31,1007.77,14.67,44.03,0
2018-05-02 12:00:00,3.09,19.24,76.23,151.14,17.1,65.12,1007.9,12.13,67.98,1
2018-05-02 13:00:00,17.68,27.82,55.17,107.89,26.31,61.05,1007.29,8.4,48.78,0
2018-05-02 14:00:00,21.58,23.96,27.83,227.33,28.91,56.75,1007.47,5.62,18.89,0
2018-05-02 15:00:00,1.88,32.58,78.44,290.74,27.86,69.09,1011.06,6.81,66.99,1
2018-05-02 16:00:00,5.45,51.26,105.17,217.32,33.12,70.02,1016.31,5.53,57.22,1
2018-05-02 17:00:00,7.32,25.03,52.75,103.07,41.63,64.13,1008.73,10.07,52.34,1
2018-05-02 18:00:00,3.92,21.86,30.48,46.59,26.03,48.92,1012.51,13.11,40.91,0
2018-05-02 19:00:00,14.5,27.87,50.03,98.73,35.0,68.2,1010.28,1.9,44.55,0
2018-05-02 20:00:00,3.14,7.5,51.73,174.97,31.91,70.22,1010.16,12.42,32.15,0
2018-05-02 21:00:00,2.59,5.73,32.7,88.91,30.05,85.44,1010.35,9.21,47.84,0
2018-05-02 22:00:00,2.0,31.16,60.87,82.68,32.71,70.64,1018.69,4.63,75.33,0
2018-05-02 23:00:00,3.89,46.49,130.17,309.11,26.12,76.63,1007.91,21.27,59.36,0
2018-05-03 00:00:00,4.08,23.01,65.73,104.38,33.81,82.63,1015.17,4.16,44.32,0
2018-05-03 01:00:00,5.78,15.82,124.08,166.43,20.07,91.14,1008.38,7.44,72.34,0
2018-05-03 02:00:00,6.13,18.06,29.13,184.25,28.87,52.87,1020.57,10.04,26.03,0
2018-05-03 03:00:00,1.47,22.32,31.3,116.96,26.32,77.81,1018.35,8.34,31.1,0
2018-05-03 04:00:00,6.02,34.17,85.31,173.82,41.69,73.56,1014.01,1.13,63.78,1
2018-05-03 05:00:00,5.9,19.46,87.26,177.18,22.08,56.54,1013.53,34.88,95.31,1
2018-05-03 06:00:00,6.03,16.76,66.42,101.48,30.72,59.57,1013.82,34.56,51.11,0
2018-05-03 07:00:00,10.45,16.48,141.33,249.62,34.96,74.11,1005.63,18.8,100.0,0
2018-05-03 08:00:00,8.04,17.21,103.28,239.55,24.92,88.35,1010.62,10.45,80.42,0
2018-05-03 09:00:00,0.67,20.65,92.42,171.36,28.21,73.33,1021.47,3.61,71.36,0
2018-05-03 10:00:00,7.15,24.06,43.49,109.07,25.21,63.77,1013.65,17.8,56.93,0
2018-05-03 11:00:00,9.19,25.1,43.0,206.02,25.62,62.09,1008.5,10.72,39.32,0
2018-05-03 12:00:00,5.07,11.3,84.99,211.88,37.29,90.05,1002.71,7.7,80.11,1
2018-05-03 13:00:00,1.44,12.91,42.4,82.48,17.63,60.5,1009.1,11.61,69.28,0
2018-05-03 14:00:00,0.56,24.39,85.53,203.19,29.53,66.18,1004.23,5.33,52.96,1
2018-05-03 15:00:00,4.07,39.29,68.78,136.27,16.54,79.2,1012.43,7.39,72.0,1
2018-05-03 16:00:00,0.36,23.38,30.86,119.46,33.25,62.16,1005.08,26.02,41.31,0
2018-05-03 17:00:00,0.84,28.92,106.52,311.61,25.9,88.23,1001.75,10.09,83.46,0
2018-05-03 18:00:00,0.79,3.24,55.67,77.15,18.53,60.82,1012.02,6.65,47.65,0
2018-05-03 19:00:00,5.28,36.64,59.22,71.83,27.21,67.39,1003.31,16.29,65.63,0
2018-05-03 20:00:00,10.37,29.11,33.62,81.3,21.38,78.97,1012.81,4.63,15.59,0
2018-05-03 21:00:00,6.75,22.76,127.86,193.97,33.48,72.99,1016.49,16.57,88.08,1
2018-05-03 22:00:00,15.93,33.13,93.76,136.08,33.74,81.57,1011.71,10.63,52.91,1
2018-05-03 23:00:00,3.5,43.28,97.94,207.67,21.73,57.1,1013.08,4.92,45.42,0
2018-05-04 00:00:00,3.49,13.22,76.21,175.85,31.02,76.05,1013.3,5.59,77.73,1
2018-05-04 01:00:00,1.85,19.06,31.61,107.99,24.47,54.12,1002.27,4.75,16.24,0
2018-05-04 02:00:00,24.73,37.27,123.41,216.23,26.43,86.02,997.63,11.7,100.0,1
2018-05-04 03:00:00,0.78,7.31,7.42,97.28,38.98,45.04,1014.93,7.62,31.06,0
2018-05-04 04:00:00,9.74,13.39,32.13,203.77,25.96,70.94,1015.26,2.99,39.72,0
2018-05-04 05:00:00,10.55,16.99,38.5,75.19,36.09,61.18,1013.96,2.16,29.25,0
2018-05-04 06:00:00,10.17,18.09,38.91,125.22,37.75,65.98,1013.12,25.25,54.52,0
2018-05-04 07:00:00,2.05,15.02,47.01,200.31,26.3,64.54,1007.91,12.42,61.87,0
2018-05-04 08:00:00,4.37,32.46,90.57,153.98,29.61,70.11,1011.79,2.08,70.65,1
2018-05-04 09:00:00,8.58,15.03,27.56,102.72,25.46,53.2,1016.45,22.08,58.67,0
2018-05-04 10:00:00,2.65,10.44,19.72,144.32,28.16,48.76,1009.87,1.8,29.44,0
2018-05-04 11:00:00,3.77,43.01,109.1,124.01,31.7,81.44,1005.12,2.43,74.82,0
2018-05-04 12:00:00,2.7,12.68,38.83,176.06,27.62,50.44,1004.81,3.6,44.45,0
2018-05-04 13:00:00,5.64,14.24,34.29,129.45,30.24,59.42,1005.2,3.52,63.91,0
2018-05-04 14:00:00,5.29,14.16,107.72,224.12,24.27,64.07,1007.06,24.11,67.09,0
2018-05-04 15:00:00,18.24,33.35,94.91,206.31,23.16,68.44,1010.54,18.65,88.31,1
2018-05-04 16:00:00,8.74,21.82,40.63,64.66,26.07,43.28,1018.56,3.31,50.63,0
2018-05-04 17:00:00,1.09,9.2,12.71,39.15,28.88,68.88,1009.56,8.55,36.39,0
2018-05-04 18:00:00,1.22,11.65,51.13,61.23,35.2,71.18,1005.15,5.16,44.76,0
2018-05-04 19:00:00,9.89,34.23,53.51,77.49,27.09,63.93,1012.43,1.92,40.43,1
2018-05-04 20:00:00,5.23,21.8,82.14,116.8,30.36,71.41,1007.41,4.11,70.32,0
2018-05-04 21:00:00,23.62,56.67,119.97,197.58,22.92,88.17,1014.95,4.14,76.49,0
2018-05-04 22:00:00,23.56,34.84,66.2,224.93,32.83,61.35,1014.28,6.94,59.12,0
2018-05-04 23:00:00,1.84,26.12,48.71,109.2,25.96,76.69,1014.14,5.66,43.6,0
2018-05-05 00:00:00,6.84,31.7,64.01,136.88,26.88,59.27,1003.77,9.22,63.92,0
2018-05-05 01:00:00,1.24,8.95,37.37,106.14,28.43,61.16,1008.63,17.69,51.39,0
2018-05-05 02:00:00,9.75,27.89,75.36,176.88,25.11,54.48,1015.4,4.68,75.24,0
2018-05-05 03:00:00,20.33,34.68,68.14,115.67,21.99,80.84,1009.44,35.57,55.68,0
2018-05-05 04:00:00,5.99,8.59,56.86,128.02,30.6,62.2,999.9,22.36,64.95,0
2018-05-05 05:00:00,3.37,7.21,37.15,166.69,33.09,64.9,1020.02,1.35,58.83,0
2018-05-05 06:00:00,7.49,23.02,42.02,203.9,20.76,54.7,1009.95,27.52,24.14,0
2018-05-05 07:00:00,11.53,14.36,52.8,207.23,29.47,62.27,1012.7,4.88,54.2,0
2018-05-05 08:00:00,11.59,13.79,35.38,177.34,29.38,51.12,1013.82,1.38,16.56,0
2018-05-05 09:00:00,3.41,17.5,97.07,246.13,26.11,63.81,1008.95,18.01,90.24,0
2018-05-05 10:00:00,2.57,3.81,49.14,125.39,26.09,47.33,1017.2,7.79,81.82,0
2018-05-05 11:00:00,6.51,12.11,32.54,78.74,33.98,58.01,1011.02,6.66,41.47,0
2018-05-05 12:00:00,3.66,17.7,64.93,157.79,40.02,59.33,1009.11,4.47,50.32,0
2018-05-05 13:00:00,14.51,26.83,74.38,174.68,35.24,90.21,1022.65,23.19,61.77,1
2018-05-05 14:00:00,3.61,15.93,57.33,119.53,31.07,53.75,1002.85,7.75,43.93,0
2018-05-05 15:00:00,5.59,26.18,48.43,96.69,34.59,56.4,1012.11,4.54,28.54,0
2018-05-05 16:00:00,7.33,34.07,95.35,247.0,30.68,79.36,1011.56,3.9,39.21,0
2018-05-05 17:00:00,0.82,29.44,91.05,165.4,24.31,61.01,1012.87,9.9,57.57,1
2018-05-05 18:00:00,2.83,44.35,62.54,122.17,30.08,64.35,1020.56,7.32,49.11,0
2018-05-05 19:00:00,22.82,24.25,37.44,101.19,20.68,68.35,1012.38,6.7,32.13,0
2018-05-05 20:00:00,11.12,18.38,42.7,127.61,23.98,68.55,1005.98,10.83,42.91,0
2018-05-05 21:00:00,3.56,8.83,60.02,106.86,33.24,65.6,1012.13,18.03,53.5,0
2018-05-05 22:00:00,9.78,52.17,75.99,174.89,27.01,67.05,1010.08,3.17,49.54,1
2018-05-05 23:00:00,14.31,28.58,76.26,82.03,23.49,77.67,1016.2,3.33,60.88,0
2018-05-06 00:00:00,4.17,16.96,78.17,107.16,24.73,80.52,1013.78,3.49,63.28,0
2018-05-06 01:00:00,10.68,20.2,30.77,88.91,21.32,60.47,1010.9,15.04,32.39,0
2018-05-06 02:00:00,9.43,18.55,77.93,181.49,29.81,73.43,1007.94,3.52,73.2,1
2018-05-06 03:00:00,1.27,10.35,41.9,100.47,25.68,56.58,1013.56,22.69,81.93,0
2018-05-06 04:00:00,4.19,13.91,124.8,259.57,26.67,88.14,1010.02,6.7,100.0,1
2018-05-06 05:00:00,18.62,27.58,58.28,218.54,30.3,72.44,1003.01,4.65,49.01,0
2018-05-06 06:00:00,22.32,58.28,79.39,148.45,29.89,65.28,1003.18,12.25,49.62,1
2018-05-06 07:00:00,11.2,63.07,107.28,146.36,21.49,68.27,1011.6,8.12,100.0,0
2018-05-06 08:00:00,2.72,52.57,98.55,169.33,21.67,90.01,1004.65,8.78,83.48,1
2018-05-06 09:00:00,0.13,2.61,127.94,260.02,27.62,72.19,1001.58,0.85,89.72,0
2018-05-06 10:00:00,2.32,10.33,37.45,74.17,31.58,58.85,1013.28,3.21,52.12,0
2018-05-06 11:00:00,1.04,2.92,33.33,143.71,24.32,47.71,1005.79,7.97,42.68,0
2018-05-06 12:00:00,19.72,70.76,94.52,162.16,25.09,81.48,1008.31,60.0,83.6,1
2018-05-06 13:00:00,0.4,18.15,57.77,173.01,28.78,59.47,1014.68,6.8,53.93,0
2018-05-06 14:00:00,1.32,25.15,55.49,153.89,28.68,64.44,1005.25,8.6,36.73,0
2018-05-06 15:00:00,6.38,18.4,49.06,99.49,27.72,62.4,1013.88,17.07,43.45,1
2018-05-06 16:00:00,5.2,18.03,108.3,176.71,30.11,97.42,1013.19,12.72,59.87,1
2018-05-06 17:00:00,17.9,48.61,71.76,173.15,23.01,85.12,1005.35,8.2,68.57,0
2018-05-06 18:00:00,8.93,23.09,67.58,196.16,36.33,69.75,1018.16,6.42,65.5,0
2018-05-06 19:00:00,4.51,19.12,105.46,173.59,26.35,66.87,1005.37,2.72,90.05,0
2018-05-06 20:00:00,14.72,37.16,64.4,196.15,37.24,67.28,1012.26,22.51,70.86,0
2018-05-06 21:00:00,3.45,24.03,54.98,273.87,16.03,63.64,1005.76,7.61,11.94,0
2018-05-06 22:00:00,19.07,32.87,65.35,202.6,18.68,82.1,1006.58,13.24,51.57,1
2018-05-06 23:00:00,1.96,11.29,25.52,100.49,27.54,84.81,1019.28,5.83,30.24,0
2018-05-07 00:00:00,5.01,13.78,42.67,115.98,33.51,65.45,1020.03,12.89,35.51,1
2018-05-07 01:00:00,0.19,29.11,42.6,67.99,29.28,70.16,1016.15,31.1,43.64,0
2018-05-07 02:00:00,11.69,26.54,134.25,200.27,27.41,98.29,1005.81,11.1,77.06,1
2018-05-07 03:00:00,6.05,13.17,38.37,149.71,29.57,66.7,1006.4,5.22,59.14,1
2018-05-07 04:00:00,19.11,44.83,106.43,234.94,27.88,65.65,1000.1,10.5,50.98,1
2018-05-07 05:00:00,4.04,17.64,56.4,91.75,38.79,63.63,1011.93,4.28,29.65,0
2018-05-07 06:00:00,0.81,3.18,21.49,118.81,25.17,58.42,1003.33,17.18,14.29,0
2018-05-07 07:00:00,7.95,15.45,43.83,189.98,35.01,55.27,1009.57,14.69,52.49,1
2018-05-07 08:00:00,2.92,16.56,38.77,73.03,23.93,62.08,1014.01,10.21,30.02,0
2018-05-07 09:00:00,10.32,13.32,33.21,122.54,26.38,45.41,1007.01,9.71,54.36,0
2018-05-07 10:00:00,2.01,19.13,42.13,93.83,22.66,42.45,1010.96,3.8,24.49,0
2018-05-07 11:00:00,16.49,35.81,79.2,108.7,32.69,68.33,1007.75,7.01,61.89,0
2018-05-07 12:00:00,5.58,32.93,78.95,148.09,34.67,66.69,1012.52,3.55,67.71,0
2018-05-07 13:00:00,4.53,20.41,65.4,88.38,27.04,84.35,1010.54,19.16,61.46,1
2018-05-07 14:00:00,15.61,23.47,66.77,117.29,31.0,62.01,1007.11,9.37,39.83,0
2018-05-07 15:00:00,11.84,14.3,60.03,138.09,28.7,68.64,1003.91,1.9,53.76,0
2018-05-07 16:00:00,2.36,4.71,27.54,156.48,31.27,55.57,1021.63,31.18,3.22,0
2018-05-07 17:00:00,11.55,23.35,74.96,111.39,34.5,49.98,1007.01,6.52,100.0,0
2018-05-07 18:00:00,9.62,21.42,40.25,103.38,21.71,61.59,1006.97,11.55,57.56,0
2018-05-07 19:00:00,4.79,7.67,31.76,162.13,22.19,62.82,1017.7,9.44,51.19,0
2018-05-07 20:00:00,10.78,27.58,35.23,79.78,24.97,55.76,1010.93,3.16,34.94,0
2018-05-07 21:00:00,16.43,25.88,43.1,74.01,25.58,60.67,1016.14,31.78,41.5,0
2018-05-07 22:00:00,4.93,10.67,56.15,214.33,29.16,74.47,1010.93,18.52,60.22,0
2018-05-07 23:00:00,4.95,9.32,57.99,130.07,28.06,62.65,1012.12,13.54,47.94,0
2018-05-08 00:00:00,4.69,40.87,110.85,244.79,26.9,87.64,1011.45,6.9,89.22,0
2018-05-08 01:00:00,2.25,4.3,22.12,71.5,27.59,61.1,1011.92,4.08,53.89,0
2018-05-08 02:00:00,4.88,47.81,67.02,179.95,29.22,77.61,1005.53,8.84,40.66,0
2018-05-08 03:00:00,4.36,10.41,25.19,157.54,23.78,75.35,1009.78,28.76,48.5,0
2018-05-08 04:00:00,4.1,49.75,96.08,149.07,16.36,63.26,998.74,2.9,58.94,0
2018-05-08 05:00:00,4.04,6.65,22.94,132.11,23.02,69.87,1015.44,9.91,18.38,0
2018-05-08 06:00:00,1.32,19.28,87.99,134.72,34.1,84.05,1006.11,6.66,67.75,0
2018-05-08 07:00:00,12.84,44.41,67.57,223.74,13.76,77.89,1004.36,8.24,63.83,0
2018-05-08 08:00:00,2.82,34.87,68.02,114.9,34.24,64.58,1013.72,2.9,32.13,0
2018-05-08 09:00:00,1.74,19.63,58.16,220.27,24.88,37.94,1010.8,6.77,70.37,0
2018-05-08 10:00:00,20.36,36.41,105.31,202.01,32.68,98.46,1014.91,0.64,61.61,1
2018-05-08 11:00:00,3.63,6.99,97.3,161.57,22.38,56.81,998.92,10.63,35.48,0
2018-05-08 12:00:00,11.67,37.5,79.58,253.88,14.21,89.28,1008.37,0.71,54.99,1
2018-05-08 13:00:00,5.99,35.45,88.24,139.45,23.28,59.23,1006.88,5.32,50.77,0
2018-05-08 14:00:00,1.08,14.95,32.2,249.46,27.27,48.24,1015.72,27.41,37.8,0
2018-05-08 15:00:00,1.16,16.79,101.64,211.27,30.13,74.1,1010.32,16.16,78.83,0
2018-05-08 16:00:00,2.56,71.45,125.83,158.68,20.23,76.99,1016.64,1.68,68.69,0
2018-05-08 17:00:00,3.42,7.14,151.02,209.08,30.07,100.0,1016.19,17.62,99.57,1
2018-05-08 18:00:00,5.09,23.37,58.02,124.42,28.15,58.91,1014.39,11.01,67.23,0
2018-05-08 19:00:00,7.26,32.65,51.75,272.69,24.61,73.5,1012.59,3.86,79.83,0
2018-05-08 20:00:00,4.45,6.74,33.87,184.58,28.64,66.21,1004.81,2.72,33.94,0
2018-05-08 21:00:00,6.91,9.46,77.26,206.72,28.49,60.06,1013.19,8.77,66.71,0
2018-05-08 22:00:00,7.98,15.09,100.58,153.07,30.9,78.72,1020.08,13.58,61.9,0
2018-05-08 23:00:00,4.25,11.89,119.8,190.26,29.1,75.82,1015.32,4.75,82.19,0
2018-05-09 00:00:00,9.49,16.14,36.3,147.79,28.58,73.39,1008.98,8.55,57.21,0
2018-05-09 01:00:00,11.39,19.28,31.01,145.96,38.88,58.48,1010.48,18.9,30.34,0
2018-05-09 02:00:00,8.17,16.25,48.02,121.44,17.3,78.55,1020.25,9.01,34.28,0
2018-05-09 03:00:00,8.58,22.29,39.44,107.21,20.83,65.9,1005.97,7.11,39.36,0
2018-05-09 04:00:00,6.36,12.24,74.06,186.22,34.0,56.32,1011.72,11.29,48.28,1
2018-05-09 05:00:00,13.78,24.5,54.95,230.06,19.94,47.17,1007.77,6.61,39.04,0
2018-05-09 06:00:00,5.21,18.37,46.44,48.77,32.93,81.73,1009.03,1.8,48.29,0
2018-05-09 07:00:00,2.61,12.13,40.3,63.86,29.76,61.76,1013.6,8.61,28.53,0
2018-05-09 08:00:00,5.36,23.61,49.74,162.89,20.81,63.39,1014.2,3.67,9.35,0
2018-05-09 09:00:00,1.11,35.89,47.54,104.31,33.45,66.15,1008.92,3.27,37.05,0
2018-05-09 10:00:00,0.92,4.51,22.68,64.84,34.54,58.76,1016.56,5.66,22.56,0
2018-05-09 11:00:00,11.43,16.88,70.71,98.31,28.17,68.96,1014.19,5.15,59.04,0
2018-05-09 12:00:00,17.39,40.42,55.92,101.02,27.46,48.81,1014.91,7.39,58.21,0
2018-05-09 13:00:00,3.76,20.31,72.83,153.65,35.14,77.54,1011.53,5.85,60.56,0
2018-05-09 14:00:00,11.52,35.86,73.46,141.97,18.66,70.02,1017.92,8.01,48.84,0
2018-05-09 15:00:00,0.32,22.26,90.3,164.02,31.82,78.33,1004.85,12.75,72.81,0
2018-05-09 16:00:00,8.19,16.01,50.94,122.87,20.07,58.7,1012.1,3.81,57.94,0
2018-05-09 17:00:00,5.23,41.86,61.02,166.68,31.19,65.97,1009.08,3.8,42.67,0
2018-05-09 18:00:00,19.69,56.93,75.5,186.9,27.29,54.32,1012.11,18.18,57.49,1
2018-05-09 19:00:00,4.54,10.15,18.95,54.47,27.81,69.62,1017.91,8.21,57.54,0
2018-05-09 20:00:00,1.57,34.83,55.12,116.32,37.06,63.8,1004.57,9.7,60.16,0
2018-05-09 21:00:00,0.74,36.43,66.1,276.97,19.39,42.94,1010.72,6.74,76.74,1
2018-05-09 22:00:00,5.36,50.05,123.19,159.87,31.95,73.65,1005.96,4.41,90.77,1
2018-05-09 23:00:00,6.34,28.62,82.66,171.7,27.61,73.78,1016.09,4.63,55.61,1
2018-05-10 00:00:00,4.26,14.47,41.8,161.04,28.55,77.35,1019.42,12.48,53.39,0
2018-05-10 01:00:00,11.74,19.11,35.35,181.84,32.72,46.81,1006.01,23.13,32.95,1
2018-05-10 02:00:00,15.92,26.13,73.36,177.0,32.44,81.34,1013.44,3.3,40.72,0
2018-05-10 03:00:00,3.71,7.85,29.35,93.3,31.43,67.46,1028.65,10.54,23.21,0
2018-05-10 04:00:00,0.44,18.98,35.44,86.7,23.21,56.94,1012.83,13.74,45.07,0
2018-05-10 05:00:00,6.95,18.67,66.19,168.36,31.4,75.93,1010.55,13.74,54.83,1
2018-05-10 06:00:00,14.01,17.4,35.58,161.42,32.18,64.6,1013.84,8.99,34.26,0
2018-05-10 07:00:00,3.73,11.24,70.81,240.83,30.77,62.25,1015.12,9.74,52.86,0
2018-05-10 08:00:00,8.58,39.97,49.18,203.59,31.48,74.97,1018.29,23.81,45.82,0
2018-05-10 09:00:00,1.43,20.23,38.27,170.48,28.53,75.91,1019.52,2.91,59.53,0
2018-05-10 10:00:00,6.79,13.57,30.86,60.02,21.61,46.52,1006.98,5.26,9.34,0
2018-05-10 11:00:00,8.72,52.63,108.9,145.0,25.77,78.28,1015.11,25.35,83.56,1
2018-05-10 12:00:00,6.97,23.93,57.71,334.4,25.43,63.84,1010.73,5.21,68.49,0
2018-05-10 13:00:00,23.83,28.43,83.77,157.11,28.16,74.82,1009.2,6.39,69.28,0
2018-05-10 14:00:00,17.23,27.48,42.19,137.83,25.81,59.33,1010.22,4.71,50.22,0
2018-05-10 15:00:00,9.99,13.13,67.28,80.57,37.93,82.28,1014.38,7.24,73.16,1
2018-05-10 16:00:00,12.95,49.54,100.42,236.97,30.51,54.32,1006.92,5.93,62.22,1
2018-05-10 17:00:00,6.75,31.67,49.96,133.25,27.68,65.81,1018.06,3.89,49.63,0
2018-05-10 18:00:00,5.01,12.04,31.51,112.64,29.56,55.39,1011.15,4.7,19.38,0
2018-05-10 19:00:00,3.32,5.06,24.78,287.78,30.34,57.12,1016.21,23.94,45.07,0
2018-05-10 20:00:00,1.39,26.01,121.22,225.25,39.94,57.5,1011.59,21.59,100.0,1
2018-05-10 21:00:00,17.86,34.41,66.52,135.33,30.49,79.72,1005.66,3.38,66.21,1
2018-05-10 22:00:00,24.55,57.38,70.63,152.4,25.79,53.69,1006.03,3.02,44.02,0
2018-05-10 23:00:00,5.48,6.54,25.51,79.26,22.37,64.14,1015.45,2.06,72.07,0
2018-05-11 00:00:00,5.57,28.49,158.41,197.37,29.26,77.95,1000.63,6.67,100.0,0
2018-05-11 01:00:00,9.04,21.82,59.3,131.72,39.29,62.9,1011.65,11.23,40.77,0
2018-05-11 02:00:00,4.56,61.19,90.66,115.67,27.15,77.18,1007.48,12.11,72.42,1
2018-05-11 03:00:00,1.63,5.88,14.94,76.12,22.87,70.05,1010.42,19.03,21.31,0
2018-05-11 04:00:00,1.06,27.62,44.65,55.58,33.47,49.76,1013.34,4.02,45.07,0
2018-05-11 05:00:00,23.88,47.22,116.55,250.34,28.67,71.85,1015.52,19.47,96.98,1
2018-05-11 06:00:00,0.57,3.9,42.43,268.73,19.03,65.42,1014.22,5.16,37.51,0
2018-05-11 07:00:00,7.22,17.84,35.35,107.37,29.15,60.92,1004.94,2.19,22.28,0
2018-05-11 08:00:00,0.7,21.75,145.68,187.77,34.28,89.72,1008.15,12.91,80.25,1
2018-05-11 09:00:00,4.78,11.85,49.71,138.83,16.45,79.01,1015.48,6.11,47.01,0
2018-05-11 10:00:00,3.69,10.95,153.23,298.47,31.95,75.9,1006.0,14.04,100.0,1
2018-05-11 11:00:00,0.9,29.71,44.5,92.87,21.12,54.64,1010.93,0.12,19.44,0
2018-05-11 12:00:00,9.32,57.39,68.9,182.22,26.88,72.92,1007.85,6.25,56.72,0
2018-05-11 13:00:00,1.49,28.54,60.36,87.45,25.4,53.97,1016.45,7.36,53.32,0
2018-05-11 14:00:00,0.73,4.36,13.57,101.57,34.11,62.19,1007.48,6.52,16.98,0
2018-05-11 15:00:00,10.23,10.57,35.62,154.54,33.49,60.88,1009.68,1.26,20.24,0
2018-05-11 16:00:00,3.71,8.59,57.57,80.11,20.55,63.71,1005.72,11.08,54.46,0
2018-05-11 17:00:00,2.3,25.04,70.2,190.3,17.05,74.72,1014.49,2.5,63.52,0
2018-05-11 18:00:00,10.77,35.57,72.88,140.27,19.67,63.25,1005.29,11.6,59.13,0
2018-05-11 19:00:00,1.39,11.17,28.95,213.42,30.34,93.05,1008.26,1.59,35.83,0
2018-05-11 20:00:00,0.47,5.28,65.71,152.7,15.45,63.86,1009.11,8.46,50.93,1
2018-05-11 21:00:00,15.08,25.63,54.91,179.56,24.46,57.44,1011.68,3.14,47.42,0
2018-05-11 22:00:00,21.36,23.58,27.94,239.74,33.12,82.75,1010.08,2.48,62.99,0
2018-05-11 23:00:00,4.66,22.07,37.7,105.11,31.29,61.52,1011.7,45.89,44.16,0
2018-05-12 00:00:00,4.6,20.53,36.35,53.35,18.67,50.89,1002.12,24.8,51.81,0
2018-05-12 01:00:00,11.3,15.79,82.98,124.66,29.09,68.29,1013.49,5.1,52.47,0
2018-05-12 02:00:00,13.87,41.27,56.9,136.34,22.73,83.5,1012.6,5.47,38.14,0
2018-05-12 03:00:00,1.61,15.78,59.63,347.81,24.45,68.27,1011.25,8.71,54.65,0
2018-05-12 04:00:00,3.9,10.42,17.18,199.04,24.85,48.89,999.92,4.55,18.91,0
2018-05-12 05:00:00,6.71,24.66,72.77,121.72,25.5,77.64,1010.61,14.96,45.37,0
2018-05-12 06:00:00,10.75,66.41,75.29,141.2,27.53,74.87,1006.93,4.85,49.18,1
2018-05-12 07:00:00,9.8,12.2,77.84,193.93,23.95,75.06,1007.05,5.88,54.88,0
2018-05-12 08:00:00,8.49,66.96,96.31,257.54,24.17,55.95,1009.51,5.98,100.0,0
2018-05-12 09:00:00,13.84,27.87,82.97,106.88,32.91,59.38,1016.08,3.39,94.6,0
2018-05-12 10:00:00,5.0,26.27,54.38,171.39,28.02,49.31,1020.3,4.92,68.0,0
2018-05-12 11:00:00,17.99,40.49,60.59,140.74,22.0,62.48,1016.89,5.27,70.91,0
2018-05-12 12:00:00,2.93,9.64,18.01,37.65,28.56,72.85,1011.71,2.33,42.29,0
2018-05-12 13:00:00,9.93,19.52,25.45,85.03,19.82,40.96,1020.21,4.78,12.52,0
2018-05-12 14:00:00,3.42,38.67,58.38,110.03,28.63,53.56,1018.36,8.42,64.16,0
2018-05-12 15:00:00,4.73,44.58,77.28,128.01,31.08,51.73,1010.66,3.2,37.61,0
2018-05-12 16:00:00,5.5,17.25,29.45,190.39,32.44,68.12,1002.71,8.38,59.45,1
2018-05-12 17:00:00,3.21,52.61,157.36,256.48,30.32,100.0,1003.23,12.84,100.0,1
2018-05-12 18:00:00,14.34,27.16,103.09,163.23,22.05,76.09,998.51,10.6,64.73,0
2018-05-12 19:00:00,3.6,29.05,58.15,109.28,24.89,70.19,1008.62,3.44,58.12,0
2018-05-12 20:00:00,5.23,12.46,94.85,184.96,34.27,71.67,1010.04,15.5,56.95,0
2018-05-12 21:00:00,8.95,33.17,62.89,120.32,26.27,64.47,1002.25,18.88,52.03,0
2018-05-12 22:00:00,32.08,43.04,55.44,175.42,27.52,71.93,1015.52,13.26,49.39,1
2018-05-12 23:00:00,9.24,75.87,102.18,171.57,31.73,64.23,1010.34,1.18,71.24,1
2018-05-13 00:00:00,5.68,24.46,75.52,91.22,36.29,74.96,1001.2,4.2,88.45,1
2018-05-13 01:00:00,0.33,45.86,63.72,88.64,27.58,63.29,1011.86,5.03,64.43,0
2018-05-13 02:00:00,4.6,20.91,111.76,157.98,25.85,74.67,1000.17,5.25,90.2,0
2018-05-13 03:00:00,2.62,16.86,39.02,107.75,38.42,56.38,1022.05,4.09,34.14,0
2018-05-13 04:00:00,3.85,19.83,75.49,174.41,38.82,47.41,1003.95,7.14,57.73,0
2018-05-13 05:00:00,3.34,56.83,84.67,178.97,28.21,77.63,1005.32,1.78,81.66,0
2018-05-13 06:00:00,8.87,18.08,34.58,228.65,28.11,59.99,1009.54,8.78,31.22,0
2018-05-13 07:00:00,4.51,69.27,80.42,88.12,32.99,68.75,1010.75,11.86,56.46,1
2018-05-13 08:00:00,1.96,30.44,90.17,96.34,30.41,90.14,1007.77,22.87,71.54,0
2018-05-13 09:00:00,11.7,63.32,104.11,125.97,28.16,75.08,1001.45,20.21,81.41,0
2018-05-13 10:00:00,1.2,6.06,24.86,63.22,32.06,51.94,1012.51,8.31,29.12,0
2018-05-13 11:00:00,5.44,30.44,90.9,214.52,24.44,55.81,1006.87,13.18,64.38,0
2018-05-13 12:00:00,4.64,40.94,60.42,149.94,34.12,62.57,1007.84,9.78,33.34,0
2018-05-13 13:00:00,7.41,44.42,83.79,105.79,31.65,74.1,1018.0,3.67,77.26,0
2018-05-13 14:00:00,13.96,38.95,82.87,121.73,30.49,55.33,1008.04,5.58,55.32,1
2018-05-13 15:00:00,35.8,46.05,160.98,202.0,27.41,94.69,1005.64,4.38,100.0,0
2018-05-13 16:00:00,5.68,15.35,126.08,160.15,24.58,73.58,1009.3,13.21,51.91,1
2018-05-13 17:00:00,2.57,11.73,31.45,89.12,18.29,58.84,1014.33,6.24,47.88,1
2018-05-13 18:00:00,2.3,20.23,36.54,84.77,18.3,61.24,1013.03,29.25,56.21,0
2018-05-13 19:00:00,2.28,18.05,54.93,106.05,18.8,50.47,999.21,6.5,61.08,0
2018-05-13 20:00:00,7.16,17.79,83.24,106.61,34.73,64.55,1008.51,1.34,77.2,0
2018-05-13 21:00:00,1.1,13.24,18.79,117.46,24.38,62.29,1010.34,1.47,26.51,0
2018-05-13 22:00:00,7.17,21.56,115.88,186.71,21.35,74.85,1002.89,11.36,100.0,0
2018-05-13 23:00:00,12.19,13.58,36.95,82.43,27.5,56.47,1005.24,5.53,36.88,0
2018-05-14 00:00:00,12.25,23.33,87.03,115.51,22.77,67.13,1015.44,13.98,90.08,1
2018-05-14 01:00:00,5.94,14.54,38.15,92.38,25.84,67.19,1012.25,11.53,33.62,0
2018-05-14 02:00:00,10.91,15.53,103.93,120.28,31.06,87.56,1006.61,12.82,100.0,0
2018-05-14 03:00:00,14.16,19.1,42.4,132.83,26.19,60.65,1013.13,10.32,44.27,0
2018-05-14 04:00:00,3.54,14.46,66.99,162.36,26.19,58.0,1016.69,6.93,43.35,1
2018-05-14 05:00:00,13.0,31.55,64.75,133.07,27.89,91.03,1013.29,28.02,23.7,0
2018-05-14 06:00:00,0.63,20.06,31.91,220.39,20.31,70.74,1018.63,2.42,30.23,0
2018-05-14 07:00:00,1.06,22.55,45.01,142.43,29.59,61.72,1012.71,5.27,59.16,0
2018-05-14 08:00:00,3.77,23.22,27.84,144.06,35.84,53.82,1015.42,2.66,23.49,0
2018-05-14 09:00:00,0.51,9.98,30.02,123.24,25.98,77.43,1010.78,7.29,13.19,0
2018-05-14 10:00:00,9.0,13.91,56.7,150.6,28.54,56.54,1017.0,23.56,48.39,0
2018-05-14 11:00:00,3.0,9.15,94.69,173.37,23.4,72.03,1018.12,6.04,97.17,0
2018-05-14 12:00:00,4.69,17.78,49.68,163.04,24.03,70.73,1012.2,40.27,72.23,0
2018-05-14 13:00:00,4.86,20.79,159.53,233.78,33.41,85.58,1000.99,16.44,58.63,1
2018-05-14 14:00:00,3.67,30.13,100.08,130.84,28.88,63.38,1010.11,2.43,83.85,0
2018-05-14 15:00:00,2.27,39.51,56.54,179.2,31.64,61.07,1010.56,6.53,58.27,0
2018-05-14 16:00:00,8.63,18.66,52.33,144.08,29.47,64.2,1014.54,15.25,27.18,0
2018-05-14 17:00:00,2.93,19.29,68.22,101.28,27.14,55.49,1008.84,5.83,57.02,0
2018-05-14 18:00:00,4.8,27.04,50.97,116.45,34.67,62.31,1011.73,3.71,75.3,0
2018-05-14 19:00:00,7.48,21.9,64.35,83.93,18.18,81.16,1013.74,16.66,60.9,0
2018-05-14 20:00:00,14.07,20.39,41.28,198.93,23.55,80.4,1008.28,2.39,61.92,1
2018-05-14 21:00:00,13.17,20.54,53.47,141.22,25.91,62.3,1012.72,30.03,29.75,0
2018-05-14 22:00:00,3.23,31.21,109.86,135.84,28.25,74.05,1010.33,17.64,93.84,1
2018-05-14 23:00:00,2.13,12.78,35.13,95.6,26.36,59.18,1000.69,15.3,38.03,0
2018-05-15 00:00:00,16.45,28.01,36.82,67.96,29.15,40.47,1011.01,13.19,35.07,0
2018-05-15 01:00:00,2.91,4.16,117.64,165.45,35.53,80.59,1001.51,7.7,72.37,1
2018-05-15 02:00:00,8.32,41.49,102.34,196.61,21.67,75.88,1016.34,12.45,67.29,0
2018-05-15 03:00:00,0.46,23.19,70.45,190.74,36.38,77.85,1007.52,5.42,59.15,0
2018-05-15 04:00:00,0.19,3.69,96.08,123.63,26.8,82.74,1007.34,2.08,64.53,1
2018-05-15 05:00:00,5.67,26.38,89.87,247.68,29.06,77.18,1013.84,1.9,82.66,0
2018-05-15 06:00:00,4.17,25.96,49.68,187.88,28.13,70.07,999.28,4.63,15.71,0
2018-05-15 07:00:00,10.29,55.44,167.99,220.51,29.53,74.71,1001.22,9.36,100.0,1
2018-05-15 08:00:00,2.3,9.1,51.74,92.97,34.62,65.92,1017.56,11.96,22.59,0
2018-05-15 09:00:00,6.97,26.82,83.53,193.88,21.68,55.8,1009.76,13.26,52.87,0
2018-05-15 10:00:00,9.82,18.66,24.9,286.7,24.05,55.49,1004.72,6.98,47.19,0
2018-05-15 11:00:00,2.41,10.88,24.68,95.06,31.45,75.57,1008.24,4.57,47.61,0
2018-05-15 12:00:00,3.77,43.3,54.48,104.08,23.59,69.9,1004.33,12.18,56.13,0
2018-05-15 13:00:00,1.38,29.51,39.99,85.46,17.72,64.95,1008.21,7.6,56.46,0
2018-05-15 14:00:00,10.61,14.18,64.37,68.29,31.55,66.08,1008.79,11.84,59.72,0
2018-05-15 15:00:00,8.72,11.74,28.23,65.42,23.76,59.71,1020.73,10.68,32.76,0
2018-05-15 16:00:00,9.31,30.59,71.75,77.2,32.84,69.4,1005.0,18.77,53.97,1
2018-05-15 17:00:00,4.15,16.55,78.78,203.25,25.53,69.87,1003.24,3.09,61.62,0
2018-05-15 18:00:00,8.59,14.6,34.26,182.66,34.27,67.62,1010.3,12.77,39.86,0
2018-05-15 19:00:00,4.54,26.12,42.3,93.96,29.4,82.8,1011.63,2.41,39.25,0
2018-05-15 20:00:00,18.73,38.33,44.98,110.07,24.16,77.41,1009.68,20.62,32.19,0
2018-05-15 21:00:00,5.25,19.41,94.47,132.26,21.26,67.51,1009.34,12.85,48.74,0
2018-05-15 22:00:00,12.55,27.8,48.19,87.76,26.72,57.42,1019.36,8.11,32.51,0
2018-05-15 23:00:00,4.18,10.64,106.54,173.44,28.31,68.83,1003.68,6.57,93.78,1
2018-05-16 00:00:00,15.7,35.18,81.82,166.0,24.47,63.31,1009.09,0.75,61.47,0
2018-05-16 01:00:00,2.12,52.26,135.4,330.09,20.89,61.89,1015.29,2.25,86.54,1
2018-05-16 02:00:00,7.8,12.14,21.73,42.27,26.74,59.98,1020.85,6.28,46.03,0
2018-05-16 03:00:00,2.65,30.12,85.09,146.6,36.45,66.17,1011.71,6.88,65.46,0
2018-05-16 04:00:00,6.7,11.97,68.14,149.56,29.36,66.95,1001.57,2.86,63.83,0
2018-05-16 05:00:00,2.93,26.93,99.02,155.48,24.44,67.77,1013.47,8.62,68.73,0
2018-05-16 06:00:00,5.23,17.37,34.38,133.04,28.81,61.74,1016.03,2.69,34.29,0
2018-05-16 07:00:00,3.42,27.86,49.1,179.89,31.46,57.2,1013.06,11.87,30.19,0
2018-05-16 08:00:00,9.52,14.14,87.63,144.98,22.9,64.35,1007.83,13.59,67.88,1
2018-05-16 09:00:00,8.09,23.82,31.55,95.27,26.58,80.61,1008.32,19.59,25.88,0
2018-05-16 10:00:00,2.55,28.65,43.82,90.76,27.19,50.6,1016.13,6.21,30.4,0
2018-05-16 11:00:00,2.46,18.67,72.63,174.77,25.79,99.24,1012.57,5.5,62.08,0
2018-05-16 12:00:00,1.91,24.48,48.13,83.11,21.22,50.06,1016.87,5.37,47.68,0
2018-05-16 13:00:00,1.47,11.02,38.06,162.12,31.64,53.52,1010.38,9.82,29.28,0
2018-05-16 14:00:00,10.08,33.09,35.73,78.0,16.42,48.78,1014.16,9.67,35.21,0
2018-05-16 15:00:00,1.78,41.01,131.96,219.7,24.37,74.83,1003.17,7.4,90.6,1
2018-05-16 16:00:00,7.23,16.66,41.85,128.61,24.0,28.62,1019.34,27.14,60.41,0
2018-05-16 17:00:00,3.11,25.42,76.93,239.87,24.92,78.66,1019.3,7.99,38.74,0
2018-05-16 18:00:00,12.25,19.61,94.58,111.74,36.03,63.75,1009.61,9.94,90.43,0
2018-05-16 19:00:00,22.38,64.5,90.99,223.25,26.3,74.52,1000.87,16.1,84.86,1
2018-05-16 20:00:00,2.09,5.7,9.79,45.35,33.86,74.01,1018.79,33.44,25.63,1
2018-05-16 21:00:00,3.05,21.86,73.84,203.48,28.73,63.06,1020.81,14.72,67.26,0
2018-05-16 22:00:00,4.3,18.75,111.3,143.14,30.46,78.91,1007.45,10.38,88.94,0
2018-05-16 23:00:00,4.04,13.54,72.99,145.83,26.37,58.96,1008.73,26.67,39.22,0
2018-05-17 00:00:00,1.04,10.26,55.25,105.03,31.98,73.23,1009.37,5.91,54.15,0
2018-05-17 01:00:00,22.74,36.21,95.35,217.89,24.61,75.61,1008.26,1.41,66.35,0
2018-05-17 02:00:00,4.19,42.25,107.35,137.57,25.55,61.75,1014.8,7.96,50.93,0
2018-05-17 03:00:00,8.06,25.11,56.74,78.29,25.14,78.77,1013.57,5.63,39.29,1
2018-05-17 04:00:00,8.28,10.35,104.35,185.94,22.25,72.68,1004.0,13.07,93.79,0
2018-05-17 05:00:00,0.72,3.68,42.57,75.89,27.88,60.95,1010.14,3.4,40.44,0
2018-05-17 06:00:00,3.63,20.62,88.64,183.07,32.77,77.83,1011.41,9.78,82.38,0
2018-05-17 07:00:00,10.08,39.67,53.84,141.53,26.14,74.97,1007.96,5.89,53.55,0
2018-05-17 08:00:00,16.52,23.18,56.09,125.52,23.61,54.75,1013.23,3.17,30.61,0
2018-05-17 09:00:00,3.71,19.96,37.71,109.69,38.72,71.07,1012.3,17.55,52.4,0
2018-05-17 10:00:00,0.95,30.86,78.69,172.54,25.86,69.55,1015.83,11.88,75.8,0
2018-05-17 11:00:00,2.77,21.0,34.08,99.19,32.02,58.67,1015.57,12.41,31.19,1
2018-05-17 12:00:00,3.55,18.6,78.12,123.41,28.03,62.58,1008.01,11.6,40.71,0
2018-05-17 13:00:00,3.4,14.12,64.95,127.32,33.92,68.93,1010.94,16.97,53.15,0
2018-05-17 14:00:00,1.91,14.08,43.62,105.73,27.72,48.71,1007.64,6.49,34.78,0
2018-05-17 15:00:00,0.81,23.97,87.31,161.17,27.73,62.37,1020.26,12.69,66.28,0
2018-05-17 16:00:00,1.36,26.64,40.87,268.37,27.68,45.53,1014.97,4.86,61.11,0
2018-05-17 17:00:00,2.8,27.74,86.99,148.66,26.6,79.01,1002.99,6.72,83.81,0
2018-05-17 18:00:00,9.94,17.55,33.28,193.23,28.34,62.65,1010.66,2.36,50.61,0
2018-05-17 19:00:00,13.37,14.04,34.37,166.8,23.76,63.54,1003.67,22.65,47.08,1
2018-05-17 20:00:00,5.8,15.51,90.62,126.3,30.73,66.67,1007.7,19.34,67.51,0
2018-05-17 21:00:00,1.41,28.45,104.52,134.59,42.92,71.86,1009.72,32.08,95.73,0
2018-05-17 22:00:00,2.99,47.03,94.62,175.22,22.86,70.11,1014.0,3.55,58.73,1
2018-05-17 23:00:00,0.21,5.82,142.57,272.52,29.74,84.05,1013.03,13.58,88.36,0
2018-05-18 00:00:00,16.77,39.05,139.0,205.32,28.09,64.68,1001.29,6.94,100.0,1
2018-05-18 01:00:00,2.49,10.58,39.88,121.51,21.77,63.12,1012.48,4.4,74.4,0
2018-05-18 02:00:00,7.46,43.67,59.08,137.5,32.3,70.18,1012.54,27.95,50.09,0
2018-05-18 03:00:00,12.6,39.33,98.77,282.38,25.56,77.71,1009.97,3.81,91.03,0
2018-05-18 04:00:00,10.9,28.77,68.9,192.21,24.22,87.44,1003.07,9.0,41.68,1
2018-05-18 05:00:00,3.38,22.26,74.56,125.47,35.52,71.08,1006.32,4.76,64.95,0
2018-05-18 06:00:00,8.39,41.97,97.61,119.93,26.12,81.28,1008.65,7.03,83.39,0
2018-05-18 07:00:00,19.99,22.28,40.91,110.88,34.42,71.89,1015.44,5.47,55.12,0
2018-05-18 08:00:00,2.46,15.47,29.86,96.6,30.97,52.96,1007.31,10.82,32.62,0
2018-05-18 09:00:00,0.74,5.65,58.69,351.37,28.52,73.48,1008.16,2.83,43.16,0
2018-05-18 10:00:00,1.93,20.56,72.43,146.28,31.5,48.84,1009.14,25.9,43.26,0
2018-05-18 11:00:00,7.9,23.78,34.32,109.17,32.32,53.05,1003.62,13.14,36.6,0
2018-05-18 12:00:00,3.48,21.32,41.61,99.03,27.04,69.42,1009.57,6.58,68.16,0
2018-05-18 13:00:00,4.76,8.96,23.41,78.57,25.98,48.02,1014.08,6.53,28.6,0
2018-05-18 14:00:00,9.13,38.91,75.36,198.19,32.72,79.45,1005.47,17.18,98.88,1
2018-05-18 15:00:00,1.88,25.91,58.71,174.24,43.28,76.02,1008.52,8.83,52.77,0
2018-05-18 16:00:00,4.53,13.99,20.02,82.26,19.08,63.0,1009.34,12.46,43.79,0
2018-05-18 17:00:00,2.93,28.33,65.01,169.06,21.87,69.7,1013.91,5.69,88.7,0
2018-05-18 18:00:00,19.36,20.53,63.34,141.48,22.7,64.15,1002.46,15.68,57.12,0
2018-05-18 19:00:00,10.61,15.66,60.09,142.39,26.22,67.76,1008.08,10.24,81.68,0
2018-05-18 20:00:00,3.5,16.91,31.43,69.35,22.64,70.99,1019.49,4.1,38.6,0
2018-05-18 21:00:00,3.29,14.18,47.8,157.48,31.37,75.26,1016.9,10.49,43.62,0
2018-05-18 22:00:00,21.12,56.12,138.3,200.24,20.04,81.01,1013.37,19.34,98.25,1
2018-05-18 23:00:00,19.78,42.65,63.17,212.44,25.65,53.11,1017.59,6.74,32.41,0
2018-05-19 00:00:00,7.85,48.08,127.25,152.98,25.28,75.13,1003.69,11.8,77.21,0
2018-05-19 01:00:00,4.98,8.49,32.57,90.93,33.47,63.55,1018.21,9.48,22.35,0
2018-05-19 02:00:00,1.07,11.87,80.87,107.95,27.73,77.65,999.67,9.31,64.7,0
2018-05-19 03:00:00,1.95,6.73,58.2,185.78,20.64,69.87,1008.17,7.43,61.07,0
2018-05-19 04:00:00,13.02,30.96,66.39,155.98,29.63,79.98,1013.79,4.94,48.31,0
2018-05-19 05:00:00,1.09,4.61,50.4,76.18,22.91,57.37,1012.19,3.49,85.33,0
2018-05-19 06:00:00,3.25,19.4,22.9,101.42,21.44,52.46,1013.3,6.76,9.1,0
2018-05-19 07:00:00,0.63,7.84,71.98,134.62,34.1,78.03,1005.62,9.0,41.67,0
2018-05-19 08:00:00,9.49,35.13,47.57,104.72,25.63,54.52,997.18,2.97,57.24,0
2018-05-19 09:00:00,6.8,20.32,107.47,179.86,30.7,64.08,1011.13,20.33,73.78,1
2018-05-19 10:00:00,5.16,8.0,54.81,263.08,25.38,65.54,1016.11,4.35,19.94,0
2018-05-19 11:00:00,3.31,31.9,46.53,257.08,29.36,71.01,1011.88,1.08,52.6,0
2018-05-19 12:00:00,0.5,29.42,93.62,173.23,35.69,74.15,1010.92,5.16,76.73,0
2018-05-19 13:00:00,2.85,27.48,65.04,130.22,29.04,40.56,1012.53,19.7,59.09,0
2018-05-19 14:00:00,4.25,13.57,67.92,91.57,26.02,65.87,1006.36,9.96,56.74,0
2018-05-19 15:00:00,8.94,30.04,62.44,144.06,20.75,58.86,1010.0,4.01,54.12,0
2018-05-19 16:00:00,12.43,43.18,102.18,316.09,32.89,85.38,1003.43,8.51,100.0,1
2018-05-19 17:00:00,9.75,22.22,43.4,138.33,30.64,47.46,1016.56,2.35,59.47,0
2018-05-19 18:00:00,6.76,19.69,46.29,105.98,29.79,69.09,999.73,4.22,56.71,1
2018-05-19 19:00:00,5.08,20.05,71.18,106.99,27.56,68.0,1009.1,7.53,75.66,0
2018-05-19 20:00:00,6.16,31.05,119.0,193.17,34.18,79.09,1017.46,26.28,84.48,0
2018-05-19 21:00:00,2.63,19.3,54.58,253.54,25.59,72.83,1013.4,28.03,55.04,0
2018-05-19 22:00:00,5.52,27.7,88.54,151.0,31.03,68.9,1004.16,10.24,21.16,0
2018-05-19 23:00:00,4.23,16.19,73.51,218.29,37.99,69.22,1012.52,5.44,98.61,0
2018-05-20 00:00:00,27.97,39.7,123.8,190.3,28.44,94.69,1012.64,6.6,88.83,0
2018-05-20 01:00:00,6.3,29.07,45.54,61.26,26.15,73.24,1012.19,10.74,62.85,0
2018-05-20 02:00:00,3.12,11.39,56.37,77.26,24.95,74.47,1013.84,5.51,64.77,0
2018-05-20 03:00:00,3.76,9.46,51.52,161.79,24.88,73.27,1005.0,5.49,60.45,0
2018-05-20 04:00:00,10.92,18.86,63.85,142.2,28.2,85.52,1007.26,3.98,50.55,0
2018-05-20 05:00:00,7.08,18.39,41.97,177.37,37.1,68.38,1013.17,5.43,62.99,0
2018-05-20 06:00:00,6.75,20.96,56.96,126.83,30.38,66.52,1009.35,6.24,63.86,0
2018-05-20 07:00:00,15.32,24.68,93.36,235.42,29.12,78.18,1007.49,4.34,54.27,0
2018-05-20 08:00:00,19.85,30.1,47.34,152.69,28.8,57.99,1006.23,10.64,48.86,0
2018-05-20 09:00:00,9.48,28.02,78.91,106.45,19.47,77.7,1017.19,3.74,65.25,0
2018-05-20 10:00:00,3.39,10.54,40.97,102.38,27.47,72.67,1012.03,18.01,36.15,0
2018-05-20 11:00:00,3.51,27.84,70.98,118.9,22.9,64.51,1015.37,10.69,42.46,0
2018-05-20 12:00:00,14.17,20.53,49.98,84.59,36.28,62.74,1000.3,13.94,33.32,0
2018-05-20 13:00:00,21.31,35.24,103.87,170.62,23.2,77.24,1014.03,16.32,87.01,0
2018-05-20 14:00:00,0.86,14.09,28.96,169.99,20.66,53.92,1006.29,7.04,30.25,0
2018-05-20 15:00:00,4.89,39.72,83.18,134.12,18.53,59.67,1008.7,13.29,73.57,0
2018-05-20 16:00:00,18.31,30.42,102.91,135.14,23.74,71.16,1010.33,12.15,74.59,0
2018-05-20 17:00:00,7.59,34.37,79.79,205.72,12.03,70.13,1020.08,8.37,62.28,1
2018-05-20 18:00:00,0.85,23.65,43.37,122.01,29.03,69.5,1020.55,1.53,30.16,0
2018-05-20 19:00:00,5.22,14.1,33.25,50.87,29.29,66.58,1011.48,6.37,29.34,0
2018-05-20 20:00:00,7.61,40.4,83.32,182.52,22.01,69.59,1012.18,2.2,64.74,0
2018-05-20 21:00:00,5.59,14.85,23.08,123.84,32.74,64.94,1009.18,9.37,8.13,0
2018-05-20 22:00:00,12.39,23.35,75.68,145.69,27.08,63.42,1010.55,10.31,65.23,0
2018-05-20 23:00:00,13.06,32.68,43.57,69.32,27.16,47.81,1011.37,7.32,42.86,1
2018-05-21 00:00:00,4.19,14.33,29.43,75.76,32.77,58.31,1013.58,4.37,13.21,0
2018-05-21 01:00:00,9.61,13.23,111.23,167.89,34.22,77.53,1006.3,4.49,79.65,0
2018-05-21 02:00:00,2.81,13.93,100.66,171.14,22.4,67.35,1011.94,0.53,34.21,0
2018-05-21 03:00:00,5.45,16.42,43.31,75.08,20.09,48.18,1013.32,14.53,36.93,0
2018-05-21 04:00:00,3.79,9.79,85.61,201.22,25.91,61.78,1004.64,7.28,68.4,0
2018-05-21 05:00:00,3.2,17.0,36.84,253.93,36.52,49.6,1011.17,29.86,54.03,1
2018-05-21 06:00:00,5.68,19.71,72.37,109.51,23.74,54.4,1007.81,10.82,99.51,0
2018-05-21 07:00:00,1.33,19.95,99.51,145.61,33.33,73.51,1019.71,16.44,77.62,0
2018-05-21 08:00:00,11.55,16.6,38.97,82.39,22.64,73.93,1018.04,3.94,45.93,0
2018-05-21 09:00:00,3.22,8.56,19.33,334.48,27.15,58.92,1017.24,19.89,6.73,0
2018-05-21 10:00:00,11.1,35.98,75.71,162.3,24.84,80.43,1007.86,2.0,58.96,0
2018-05-21 11:00:00,1.74,7.96,29.53,174.23,30.27,34.27,1021.19,6.16,29.34,0
2018-05-21 12:00:00,3.2,20.15,42.97,136.43,28.81,64.74,1009.78,13.69,18.15,0
2018-05-21 13:00:00,1.32,13.08,28.1,55.87,23.08,65.72,1008.47,9.11,61.5,0
2018-05-21 14:00:00,1.26,8.78,11.11,46.67,25.34,49.4,1023.95,1.64,32.8,0
2018-05-21 15:00:00,2.05,36.58,60.99,104.23,22.13,57.15,1014.2,4.2,61.75,0
2018-05-21 16:00:00,1.78,15.98,42.35,89.4,29.26,59.11,1007.59,6.73,68.43,1
2018-05-21 17:00:00,1.34,9.85,29.63,146.47,22.41,69.29,1010.03,3.06,15.18,0
2018-05-21 18:00:00,5.1,8.02,22.6,294.54,28.52,47.32,1016.11,13.01,13.32,0
2018-05-21 19:00:00,8.64,30.34,95.22,158.45,30.18,63.95,1008.16,11.63,93.47,0
2018-05-21 20:00:00,9.04,15.21,60.84,140.34,31.63,52.88,1010.43,1.93,38.77,0
2018-05-21 21:00:00,0.43,32.98,44.5,115.79,31.7,69.07,1019.85,12.29,54.85,0
2018-05-21 22:00:00,3.76,16.79,58.07,81.35,29.85,58.45,1007.67,1.89,56.39,0
2018-05-21 23:00:00,3.38,68.51,86.48,254.18,22.05,69.6,1007.65,5.7,97.76,1
2018-05-22 00:00:00,15.54,26.49,87.78,194.79,23.23,75.58,1023.91,11.99,90.83,0
2018-05-22 01:00:00,3.91,9.87,29.9,95.89,23.21,55.42,1014.35,17.82,59.66,0
2018-05-22 02:00:00,4.69,19.1,88.16,322.89,27.64,56.22,1012.44,4.21,43.47,1
2018-05-22 03:00:00,0.77,9.0,74.96,93.31,34.0,73.56,1018.1,1.81,71.51,0
2018-05-22 04:00:00,1.99,3.53,52.67,174.08,24.16,70.28,1014.06,6.34,64.86,0
2018-05-22 05:00:00,0.7,26.31,45.96,115.28,26.3,79.32,1018.03,1.68,45.17,0
2018-05-22 06:00:00,5.42,22.69,52.1,106.49,34.6,67.49,1004.17,15.07,39.58,0
2018-05-22 07:00:00,15.94,22.93,55.05,106.51,20.46,65.65,1013.56,10.58,48.4,1
2018-05-22 08:00:00,2.07,7.06,45.44,109.37,36.37,65.96,1010.62,4.43,58.11,1
2018-05-22 09:00:00,3.95,9.52,82.3,141.39,31.42,68.0,1012.72,12.76,46.47,0
2018-05-22 10:00:00,1.79,15.64,42.71,140.67,24.15,62.37,1000.53,2.69,70.18,0
2018-05-22 11:00:00,2.57,50.58,111.04,196.21,26.12,69.01,1001.98,5.12,53.18,1
2018-05-22 12:00:00,5.53,17.14,30.58,190.41,37.34,63.17,1011.73,9.09,26.68,0
2018-05-22 13:00:00,22.23,24.99,46.31,105.08,25.25,66.18,1015.15,8.01,27.3,0
2018-05-22 14:00:00,15.31,21.43,39.7,234.87,31.94,60.5,1005.11,22.14,42.24,0
2018-05-22 15:00:00,19.05,34.2,95.3,278.49,39.22,62.74,1006.94,1.64,64.9,1
2018-05-22 16:00:00,11.18,18.32,99.88,151.08,27.77,58.15,1011.32,2.17,94.62,0
2018-05-22 17:00:00,3.89,8.08,31.81,233.19,27.95,55.4,1011.43,20.22,34.26,0
2018-05-22 18:00:00,3.36,15.26,34.39,75.1,40.16,54.82,1017.0,31.35,43.65,1
2018-05-22 19:00:00,2.09,8.18,38.29,160.43,22.01,57.94,1017.39,15.14,39.24,0
2018-05-22 20:00:00,3.83,19.65,36.97,131.98,27.9,57.05,1006.46,3.14,35.68,0
2018-05-22 21:00:00,16.13,32.26,56.62,104.81,30.34,82.35,1010.62,6.93,54.18,0
2018-05-22 22:00:00,15.98,35.89,66.04,160.85,19.51,62.99,1008.09,8.1,36.71,0
2018-05-22 23:00:00,28.79,51.22,81.58,129.26,21.61,56.35,1016.51,13.72,50.6,0
2018-05-23 00:00:00,5.94,12.75,21.83,107.49,24.86,59.11,1016.76,3.94,15.42,0
2018-05-23 01:00:00,1.06,26.36,49.82,127.48,30.24,60.16,1006.61,4.52,52.11,0
2018-05-23 02:00:00,8.15,18.18,112.67,165.7,25.33,93.87,1015.97,3.22,84.16,0
2018-05-23 03:00:00,22.42,24.45,35.05,234.92,27.52,64.28,1005.19,19.49,42.6,0
2018-05-23 04:00:00,17.85,41.15,79.18,287.67,32.3,78.22,1007.95,1.02,64.13,0
2018-05-23 05:00:00,2.95,37.14,72.67,133.61,31.31,68.38,1005.06,1.71,66.17,0
2018-05-23 06:00:00,1.22,12.58,124.71,297.11,16.73,79.37,1006.4,7.74,82.26,1
2018-05-23 07:00:00,1.17,27.43,64.33,109.71,29.0,61.24,999.59,24.64,53.32,0
2018-05-23 08:00:00,2.25,14.3,103.87,121.69,31.02,73.2,1009.36,8.08,82.96,0
2018-05-23 09:00:00,2.68,11.01,47.2,114.25,27.55,54.47,1002.78,9.29,34.88,0
2018-05-23 10:00:00,3.59,15.79,38.64,102.31,30.89,57.57,1009.24,9.64,48.66,0
2018-05-23 11:00:00,9.13,22.35,59.97,89.54,32.23,68.95,1016.68,10.8,70.41,0
2018-05-23 12:00:00,3.46,18.66,31.69,77.55,29.79,64.56,1012.7,14.24,40.51,0
2018-05-23 13:00:00,5.22,15.66,55.52,232.99,27.47,67.18,1022.22,5.29,72.36,1
2018-05-23 14:00:00,0.62,23.22,47.74,129.32,29.38,57.48,1016.73,25.04,44.73,0
2018-05-23 15:00:00,2.09,21.26,44.22,227.69,15.2,85.13,1016.73,10.55,60.92,0
2018-05-23 16:00:00,1.97,7.54,71.92,170.3,35.76,67.01,1007.74,11.53,47.54,0
2018-05-23 17:00:00,0.46,9.33,37.29,154.96,35.28,64.14,1010.32,8.9,45.38,0
2018-05-23 18:00:00,3.37,25.12,31.68,132.1,34.89,73.33,1014.54,0.82,46.04,0
2018-05-23 19:00:00,0.63,12.46,59.39,150.9,28.7,56.38,1008.42,10.24,67.64,0
2018-05-23 20:00:00,3.12,10.3,63.97,125.36,31.14,64.73,1010.83,8.73,63.02,1
2018-05-23 21:00:00,5.62,17.14,138.97,247.25,28.77,98.37,1013.8,11.09,100.0,1
2018-05-23 22:00:00,16.35,19.77,59.48,171.75,29.77,70.28,1011.63,4.54,64.16,0
2018-05-23 23:00:00,1.85,32.94,59.27,191.89,35.52,73.62,1003.68,10.67,54.01,1
2018-05-24 00:00:00,5.47,19.04,66.46,215.88,18.26,63.24,1014.14,5.74,58.4,0
2018-05-24 01:00:00,2.44,10.66,24.44,214.46,30.42,55.3,1010.04,24.92,24.28,0
2018-05-24 02:00:00,0.57,3.84,26.74,120.47,23.42,49.04,1009.43,2.49,31.06,0
2018-05-24 03:00:00,16.5,58.13,108.84,211.14,21.66,94.6,1021.33,8.86,77.73,0
2018-05-24 04:00:00,5.87,8.83,38.25,126.94,27.3,57.4,1012.41,10.9,44.7,0
2018-05-24 05:00:00,7.78,25.55,33.61,219.16,21.11,47.56,1022.32,9.89,36.48,0
2018-05-24 06:00:00,18.69,29.19,57.0,153.05,21.1,77.02,1007.27,3.62,30.9,0
2018-05-24 07:00:00,3.1,14.63,51.86,147.36,18.86,57.67,1007.85,15.21,67.16,0
2018-05-24 08:00:00,0.99,13.59,42.17,147.76,25.35,69.64,1009.16,2.31,11.22,0
2018-05-24 09:00:00,1.82,10.34,19.43,124.64,30.92,65.24,1011.83,4.65,17.88,0
2018-05-24 10:00:00,0.86,14.16,17.67,106.67,32.54,68.55,1010.89,11.25,48.97,0
2018-05-24 11:00:00,12.98,27.81,84.74,137.83,38.88,56.3,1005.09,8.14,54.76,0
2018-05-24 12:00:00,23.09,43.87,96.82,149.15,25.77,76.19,1014.33,1.74,88.42,1
2018-05-24 13:00:00,5.56,24.77,45.84,75.5,32.39,52.39,1011.9,24.43,49.07,0
2018-05-24 14:00:00,9.35,15.0,35.42,103.67,28.99,61.96,1015.99,1.39,47.64,0
2018-05-24 15:00:00,11.58,18.27,44.9,73.34,28.83,71.66,1013.05,0.53,38.7,0
2018-05-24 16:00:00,19.69,45.04,103.9,118.69,30.06,56.57,1022.17,18.62,73.29,0
2018-05-24 17:00:00,22.35,31.77,69.3,211.9,32.41,63.08,1011.34,10.42,68.16,1
2018-05-24 18:00:00,0.28,17.31,94.65,147.47,30.63,62.58,1014.61,6.92,73.32,0
2018-05-24 19:00:00,2.52,31.58,68.47,77.45,25.82,68.94,1017.11,9.24,50.79,0
2018-05-24 20:00:00,4.97,18.85,36.81,189.22,31.22,50.45,1005.91,11.62,39.92,0
2018-05-24 21:00:00,2.18,7.6,29.3,67.66,24.54,67.1,1006.75,8.92,31.83,1
2018-05-24 22:00:00,3.69,9.22,57.31,123.77,31.23,62.84,1006.05,7.33,32.6,1
2018-05-24 23:00:00,7.33,17.77,107.14,247.03,28.64,73.75,1007.45,12.3,80.36,0
2018-05-25 00:00:00,7.15,17.62,56.39,166.5,17.72,67.45,1009.55,5.42,61.58,0
2018-05-25 01:00:00,11.27,15.96,81.47,106.0,27.24,41.74,1011.37,29.34,64.71,1
2018-05-25 02:00:00,5.08,11.45,56.02,87.05,33.12,54.4,1019.06,17.14,48.8,0
2018-05-25 03:00:00,3.37,22.76,64.37,141.93,27.3,81.17,1002.8,3.44,60.35,0
2018-05-25 04:00:00,6.68,32.35,128.13,162.96,29.26,65.75,1000.84,9.24,75.23,0
2018-05-25 05:00:00,11.95,21.6,36.83,133.9,25.37,51.08,1008.86,7.46,10.76,0
2018-05-25 06:00:00,10.54,10.84,37.8,121.07,26.49,58.2,1006.84,19.06,55.07,0
2018-05-25 07:00:00,4.42,22.7,46.29,250.73,33.22,71.14,1003.88,16.8,54.59,0
2018-05-25 08:00:00,2.33,4.82,38.33,120.32,25.63,48.04,1010.0,15.72,11.1,0
2018-05-25 09:00:00,4.63,8.28,18.64,69.11,21.67,55.71,1013.54,6.58,27.83,0
2018-05-25 10:00:00,0.38,11.71,44.16,85.88,16.01,75.16,1011.11,8.66,44.18,0
2018-05-25 11:00:00,2.61,32.68,53.18,102.36,23.81,67.75,1008.37,10.97,42.7,0
2018-05-25 12:00:00,13.85,35.32,56.89,211.33,21.96,55.33,1011.09,12.58,38.18,0
2018-05-25 13:00:00,4.61,24.56,93.95,173.38,19.83,82.26,1001.11,7.98,70.83,0
2018-05-25 14:00:00,6.95,18.38,37.12,103.2,22.1,58.35,1015.24,4.99,28.9,0
2018-05-25 15:00:00,0.8,5.12,117.89,210.13,22.55,80.8,1008.91,2.21,84.09,0
2018-05-25 16:00:00,11.88,39.0,76.73,104.05,22.18,60.99,1012.15,10.07,41.6,0
2018-05-25 17:00:00,4.19,8.65,13.34,108.22,35.61,67.29,1012.92,9.69,35.1,0
2018-05-25 18:00:00,6.73,23.44,89.02,157.17,18.92,67.73,1001.89,4.57,93.05,0
2018-05-25 19:00:00,8.15,22.72,26.1,89.25,31.18,61.93,1009.92,2.29,34.98,0
2018-05-25 20:00:00,11.52,15.45,28.17,213.01,30.94,41.8,1018.93,5.7,46.27,0
2018-05-25 21:00:00,5.81,8.2,51.77,115.52,31.38,79.29,1014.23,6.2,44.93,0
2018-05-25 22:00:00,4.29,24.21,52.71,124.33,27.74,77.56,1010.17,14.32,72.3,0
2018-05-25 23:00:00,1.11,14.17,66.89,114.0,34.96,55.22,1014.8,16.98,46.74,0
2018-05-26 00:00:00,0.69,27.68,49.41,166.86,28.0,79.23,1016.43,15.53,23.35,0
2018-05-26 01:00:00,5.7,21.84,43.42,344.73,26.84,49.42,1018.49,7.98,22.26,0
2018-05-26 02:00:00,6.78,21.5,45.99,79.27,34.41,50.64,1015.44,1.7,32.0,0
2018-05-26 03:00:00,7.84,9.44,54.73,126.99,27.04,62.77,1018.54,3.2,52.61,0
2018-05-26 04:00:00,1.87,16.27,69.96,114.29,19.25,69.45,1010.92,3.39,53.88,1
2018-05-26 05:00:00,2.64,14.66,28.01,172.55,30.76,68.93,1016.76,12.1,65.41,1
2018-05-26 06:00:00,5.6,21.9,93.38,240.73,33.97,70.92,1004.76,3.6,75.11,0
2018-05-26 07:00:00,3.04,15.07,124.09,178.32,29.61,66.72,1012.68,12.28,89.82,1
2018-05-26 08:00:00,30.61,42.4,75.15,167.26,26.01,79.25,1011.44,12.28,63.42,0
2018-05-26 09:00:00,2.58,13.8,53.86,129.32,29.44,62.96,1014.23,8.07,69.18,0
2018-05-26 10:00:00,7.21,14.72,35.25,93.65,31.76,67.76,1018.1,9.97,14.05,0
2018-05-26 11:00:00,10.27,30.01,93.74,221.58,22.32,81.42,1005.25,4.52,81.01,0
2018-05-26 12:00:00,10.82,73.33,76.89,129.01,16.78,63.28,1017.63,3.72,48.36,0
2018-05-26 13:00:00,2.98,7.16,92.6,191.38,27.25,69.19,1013.21,12.07,75.78,1
2018-05-26 14:00:00,8.19,13.98,93.38,131.77,33.71,78.34,1011.26,9.75,66.28,0
2018-05-26 15:00:00,7.3,26.99,39.42,295.99,21.75,71.76,1005.68,2.88,43.12,1
2018-05-26 16:00:00,8.5,18.7,37.07,113.15,20.96,55.6,1008.75,16.39,47.87,1
2018-05-26 17:00:00,5.53,14.18,43.52,97.72,29.11,62.54,1016.24,2.83,57.34,0
2018-05-26 18:00:00,10.34,12.75,71.86,128.71,26.72,54.1,1010.55,11.82,67.0,0
2018-05-26 19:00:00,6.18,12.29,21.69,92.23,24.19,54.89,1018.18,10.11,34.07,0
2018-05-26 20:00:00,0.92,6.17,28.62,98.06,34.4,75.01,1016.2,26.67,43.16,0
2018-05-26 21:00:00,6.0,8.56,57.48,82.85,24.31,47.08,1007.33,5.89,50.9,0
2018-05-26 22:00:00,6.69,31.31,42.79,190.4,29.97,80.89,1011.41,17.94,51.87,1
2018-05-26 23:00:00,9.72,23.63,54.52,108.4,32.62,83.26,1010.66,12.29,67.57,0
2018-05-27 00:00:00,5.7,64.3,99.56,321.98,26.86,61.0,1014.07,8.09,100.0,1
2018-05-27 01:00:00,20.06,35.09,49.96,144.42,32.63,53.52,1011.73,2.64,65.14,0
2018-05-27 02:00:00,4.45,8.98,43.0,93.95,31.67,62.94,1011.31,3.77,65.33,1
2018-05-27 03:00:00,2.81,18.89,55.05,168.9,29.01,60.87,1013.41,3.24,37.44,0
2018-05-27 04:00:00,15.35,33.97,54.29,131.31,25.94,75.4,1009.89,9.63,63.82,0
2018-05-27 05:00:00,4.32,12.36,20.7,246.43,35.87,66.54,1016.45,9.41,34.93,0
2018-05-27 06:00:00,5.21,23.41,31.03,124.37,32.99,59.85,1012.89,3.16,24.88,0
2018-05-27 07:00:00,6.69,24.58,71.2,216.58,32.06,54.69,1016.85,5.05,49.68,0
2018-05-27 08:00:00,6.18,12.64,59.17,173.22,28.32,63.03,1014.98,9.55,69.06,0
2018-05-27 09:00:00,8.44,29.09,54.58,94.66,25.03,90.35,1012.23,8.79,64.71,0
2018-05-27 10:00:00,9.23,24.82,53.82,272.06,17.36,67.08,1018.58,7.16,32.93,0
2018-05-27 11:00:00,2.53,15.47,38.24,66.53,30.88,76.41,1008.93,1.3,39.2,0
2018-05-27 12:00:00,1.25,15.19,88.51,160.24,26.17,74.84,1010.89,6.44,49.2,0
2018-05-27 13:00:00,1.46,5.95,29.07,126.28,29.22,77.77,1012.79,22.28,30.3,0
2018-05-27 14:00:00,14.0,45.86,143.83,157.92,41.57,80.41,1010.16,1.95,88.83,0
2018-05-27 15:00:00,3.97,14.04,31.36,81.1,34.88,72.96,1009.32,10.5,36.82,0
2018-05-27 16:00:00,10.19,19.48,83.6,172.83,30.46,79.97,1010.9,4.5,77.73,1
2018-05-27 17:00:00,9.45,25.98,37.49,129.77,27.45,62.81,1008.94,2.63,28.7,0
2018-05-27 18:00:00,5.2,58.22,99.98,342.78,32.29,74.1,1002.56,22.29,59.83,0
2018-05-27 19:00:00,1.83,23.08,33.33,191.3,32.98,46.51,1011.24,3.74,38.46,0
2018-05-27 20:00:00,9.65,19.86,40.36,97.09,25.87,58.68,1013.07,12.47,42.08,0
2018-05-27 21:00:00,5.03,21.42,84.61,98.64,26.56,95.37,1005.04,7.19,47.95,0
2018-05-27 22:00:00,1.14,17.45,28.09,51.08,29.29,78.25,1010.39,12.92,43.72,0
2018-05-27 23:00:00,3.07,15.93,98.37,174.34,23.84,72.09,1012.38,8.14,60.6,1
2018-05-28 00:00:00,0.6,5.28,61.56,183.6,24.22,57.81,1014.32,4.99,74.29,0
2018-05-28 01:00:00,3.23,24.94,80.9,127.5,21.8,82.19,1014.09,6.72,75.77,0
2018-05-28 02:00:00,5.47,14.27,70.12,307.76,37.58,70.79,1005.6,2.11,77.34,0
2018-05-28 03:00:00,4.52,11.45,97.79,176.7,20.58,77.65,1020.94,1.42,70.39,0
2018-05-28 04:00:00,3.99,13.54,55.4,121.95,20.78,62.23,1003.52,3.06,73.53,0
2018-05-28 05:00:00,5.42,31.2,51.65,309.13,15.45,79.53,1010.33,2.13,56.13,0
2018-05-28 06:00:00,8.0,16.64,65.66,293.21,31.4,69.7,999.23,14.64,70.28,0
2018-05-28 07:00:00,10.9,22.79,53.91,203.01,22.79,71.25,1006.21,4.68,65.66,1
2018-05-28 08:00:00,12.16,56.65,132.64,194.02,32.17,68.61,1004.0,27.79,100.0,1
2018-05-28 09:00:00,2.21,11.3,43.88,286.0,27.73,55.36,1017.82,17.77,26.81,1
2018-05-28 10:00:00,13.17,24.73,83.2,245.15,35.0,58.76,1018.56,6.23,61.08,0
2018-05-28 11:00:00,5.04,17.76,32.88,109.53,23.32,65.62,1013.05,8.06,41.43,0
2018-05-28 12:00:00,3.54,12.57,43.05,245.67,28.32,63.79,1009.14,14.77,32.21,0
2018-05-28 13:00:00,1.52,12.97,44.18,102.5,34.11,49.8,998.6,8.99,51.22,0
2018-05-28 14:00:00,7.51,21.39,97.64,126.22,34.68,75.9,1005.58,25.75,61.89,1
2018-05-28 15:00:00,7.25,15.94,71.38,134.86,33.97,69.28,1001.38,4.79,68.7,0
2018-05-28 16:00:00,2.76,5.03,20.3,46.48,31.05,40.09,1008.96,5.62,48.45,0
2018-05-28 17:00:00,2.86,6.32,39.86,120.07,27.86,55.03,1010.01,6.69,73.55,0
2018-05-28 18:00:00,4.35,16.72,42.03,118.8,31.21,65.1,1012.6,3.86,40.61,0
2018-05-28 19:00:00,3.48,38.4,94.64,145.51,20.8,61.76,1008.74,1.12,76.34,0
2018-05-28 20:00:00,2.09,12.15,72.52,233.14,25.92,65.48,1008.18,8.53,56.14,0
2018-05-28 21:00:00,1.31,16.69,88.14,183.43,35.76,63.42,1007.41,9.3,80.53,0
2018-05-28 22:00:00,13.29,40.39,100.24,156.41,33.07,57.25,1008.79,8.5,75.08,1
2018-05-28 23:00:00,3.05,21.08,38.61,105.71,21.29,40.77,1017.1,10.1,36.2,0
2018-05-29 00:00:00,7.21,19.85,51.06,179.83,29.94,52.39,1014.62,5.68,78.62,0
2018-05-29 01:00:00,8.54,20.13,83.85,239.85,23.04,89.96,1006.74,11.61,79.52,0
2018-05-29 02:00:00,7.54,14.87,94.27,184.11,26.43,59.56,1008.04,5.3,52.27,1
2018-05-29 03:00:00,8.95,30.25,41.25,84.75,36.15,60.67,1021.36,8.15,36.26,0
2018-05-29 04:00:00,7.47,33.48,81.59,152.1,17.99,69.0,1007.15,8.98,68.96,0
2018-05-29 05:00:00,2.47,2.6,34.67,154.22,20.97,80.62,1015.05,7.77,44.38,0
2018-05-29 06:00:00,3.69,25.1,64.97,244.54,28.83,45.96,1015.66,21.25,30.53,1
2018-05-29 07:00:00,13.0,31.81,87.27,149.21,30.58,63.47,1010.07,7.24,65.11,1
2018-05-29 08:00:00,2.95,12.48,46.85,86.01,26.34,66.27,1008.12,0.82,69.7,0
2018-05-29 09:00:00,5.05,12.4,49.77,184.48,34.37,62.63,1001.89,19.77,60.96,0
2018-05-29 10:00:00,8.03,25.17,39.37,214.12,26.74,57.71,1014.65,10.2,53.88,0
2018-05-29 11:00:00,17.04,20.49,51.69,137.43,29.49,69.69,1012.34,6.38,17.19,0
2018-05-29 12:00:00,12.06,21.85,51.69,99.3,28.32,42.99,1007.57,6.13,20.13,0
2018-05-29 13:00:00,1.74,17.09,45.85,108.77,26.6,60.1,1014.11,25.51,43.19,0
2018-05-29 14:00:00,7.01,36.62,64.9,153.75,32.11,60.73,1011.43,7.43,42.63,1
2018-05-29 15:00:00,6.29,43.76,136.84,190.83,23.56,88.22,1004.35,17.44,88.14,0
2018-05-29 16:00:00,3.73,8.86,63.73,96.17,35.11,44.98,1003.64,13.41,46.47,0
2018-05-29 17:00:00,5.19,21.46,33.84,87.24,33.31,58.58,1009.67,15.06,40.56,0
2018-05-29 18:00:00,2.45,15.12,21.52,84.12,33.39,56.79,1019.41,4.46,24.64,0
2018-05-29 19:00:00,4.27,23.8,54.07,116.16,40.55,60.03,1014.49,12.92,72.54,0
2018-05-29 20:00:00,2.98,14.23,82.36,94.18,30.32,63.47,1012.04,4.18,28.42,0
2018-05-29 21:00:00,5.58,25.88,41.45,421.61,28.68,60.62,1013.7,3.35,49.91,1
2018-05-29 22:00:00,3.58,18.69,79.78,134.57,30.58,79.83,1005.97,5.18,60.55,0
2018-05-29 23:00:00,18.08,26.12,44.14,80.89,25.74,68.92,1009.05,20.48,49.4,1
2018-05-30 00:00:00,5.76,26.19,51.48,118.6,27.53,56.54,1011.53,3.02,54.0,0
2018-05-30 01:00:00,4.76,16.21,45.41,210.91,23.43,55.37,1011.11,17.17,33.11,0
2018-05-30 02:00:00,4.05,17.42,51.78,212.5,35.48,52.82,1005.89,1.82,46.67,0
2018-05-30 03:00:00,3.59,9.59,19.45,163.12,22.47,67.98,1006.75,9.65,38.99,0
2018-05-30 04:00:00,1.14,11.49,23.56,232.88,23.5,52.63,1011.77,3.24,23.2,0
2018-05-30 05:00:00,10.17,39.4,64.25,107.7,26.83,53.61,1008.29,16.52,64.57,1
2018-05-30 06:00:00,15.37,23.63,31.48,64.77,21.94,60.84,1010.51,10.03,51.3,0
2018-05-30 07:00:00,2.93,40.54,63.64,183.19,24.42,68.47,1009.79,15.8,33.59,1
2018-05-30 08:00:00,12.95,26.7,66.81,126.89,26.05,63.41,1017.66,12.92,42.64,0
2018-05-30 09:00:00,30.38,46.06,60.72,200.55,32.38,66.23,1008.61,6.57,17.64,0
2018-05-30 10:00:00,22.47,29.5,51.99,208.09,20.04,61.8,1013.62,3.45,68.38,1
2018-05-30 11:00:00,14.83,36.17,72.56,169.64,25.13,72.27,1005.17,13.92,48.76,1
2018-05-30 12:00:00,1.35,4.55,15.47,89.55,29.65,59.62,1019.38,5.29,56.51,0
2018-05-30 13:00:00,1.33,11.9,52.27,244.28,30.75,57.13,1019.96,22.21,43.94,0
2018-05-30 14:00:00,8.91,15.98,47.43,139.27,42.27,69.14,1009.38,1.69,76.84,0
2018-05-30 15:00:00,5.1,8.95,26.24,82.2,36.05,50.3,1005.82,3.98,31.91,0
2018-05-30 16:00:00,0.25,19.76,92.42,168.0,37.09,60.02,1001.12,15.3,52.65,0
2018-05-30 17:00:00,3.31,14.22,28.13,114.62,19.56,60.86,1012.93,26.94,35.98,0
2018-05-30 18:00:00,8.57,21.93,64.18,81.14,29.84,69.45,1009.25,0.53,48.01,0
2018-05-30 19:00:00,4.34,11.7,54.97,275.75,31.46,72.6,1018.09,2.23,45.77,0
2018-05-30 20:00:00,5.12,27.56,41.64,89.12,21.28,80.14,1013.02,6.19,58.73,1
2018-05-30 21:00:00,1.32,16.34,34.3,57.37,26.7,41.98,1008.4,14.54,50.12,0
2018-05-30 22:00:00,3.27,36.1,83.64,173.96,32.46,63.33,1014.63,17.98,69.9,1
2018-05-30 23:00:00,8.94,16.67,74.75,174.66,32.78,68.85,999.93,16.42,56.16,1
2018-05-31 00:00:00,3.1,10.79,51.58,100.73,35.02,80.33,1011.06,38.35,43.4,0
2018-05-31 01:00:00,13.81,32.02,79.4,141.67,28.73,64.48,1010.63,10.94,72.84,1
2018-05-31 02:00:00,5.23,40.3,63.42,153.69,25.03,49.15,1013.26,8.23,80.71,0
2018-05-31 03:00:00,7.48,16.15,82.47,170.25,31.34,58.04,1007.42,7.23,81.82,0
2018-05-31 04:00:00,8.77,9.97,18.27,155.26,29.12,55.41,1011.61,7.64,8.99,0
2018-05-31 05:00:00,8.47,12.89,51.13,142.39,30.58,67.25,1008.62,6.05,62.26,1
2018-05-31 06:00:00,1.68,30.9,95.77,116.25,17.77,93.4,1012.19,10.11,64.95,0
2018-05-31 07:00:00,2.07,12.29,72.2,145.99,28.04,60.58,1014.2,7.93,57.78,0
2018-05-31 08:00:00,0.24,40.27,42.69,157.55,30.35,67.15,1007.28,12.72,58.14,0
2018-05-31 09:00:00,3.68,8.78,64.67,117.74,28.03,76.16,1014.36,1.43,57.01,0
2018-05-31 10:00:00,1.89,20.19,42.94,114.69,27.29,56.1,1005.5,15.75,57.25,0
2018-05-31 11:00:00,3.0,21.57,43.88,173.3,27.28,78.68,1010.21,14.87,40.53,0
2018-05-31 12:00:00,4.08,7.53,46.86,135.22,23.19,56.68,1015.82,11.63,21.0,0
2018-05-31 13:00:00,5.9,9.43,23.03,136.48,32.75,47.84,1009.86,2.84,23.63,0
2018-05-31 14:00:00,4.4,14.92,58.25,155.21,26.39,79.94,1008.54,6.27,25.06,0
2018-05-31 15:00:00,4.32,23.78,86.53,155.38,14.19,69.16,1010.94,8.37,73.87,0
2018-05-31 16:00:00,6.96,23.63,103.06,365.59,24.64,61.36,994.16,2.2,70.01,1
2018-05-31 17:00:00,4.91,16.14,118.71,159.07,23.8,71.01,1005.32,6.23,80.38,0
2018-05-31 18:00:00,10.81,21.74,61.94,86.46,26.21,57.99,1008.88,22.9,49.94,0
2018-05-31 19:00:00,4.92,6.62,27.02,108.8,24.44,53.31,1010.93,6.39,48.16,0
2018-05-31 20:00:00,17.13,23.35,39.32,108.92,27.4,62.86,1012.67,9.85,48.71,0
2018-05-31 21:00:00,1.6,4.43,119.02,201.06,29.09,71.96,1008.62,8.18,37.98,0
2018-05-31 22:00:00,3.61,20.03,46.19,193.16,23.65,82.91,1017.49,18.61,10.07,0
2018-05-31 23:00:00,2.5,6.95,10.58,55.82,28.29,52.3,1021.37,2.49,41.31,0
2018-06-01 00:00:00,6.12,35.03,52.39,64.09,31.65,61.89,1010.64,3.76,52.97,0
2018-06-01 01:00:00,1.59,14.94,36.38,375.86,26.04,75.33,1008.43,10.97,36.93,0
2018-06-01 02:00:00,0.81,6.86,63.35,133.91,31.63,77.83,1017.02,8.12,55.3,0
2018-06-01 03:00:00,2.0,27.83,110.61,222.23,35.28,81.41,1007.83,13.07,82.88,0
2018-06-01 04:00:00,0.9,4.93,65.46,138.52,22.82,61.76,1007.52,3.23,56.61,0
2018-06-01 05:00:00,4.14,8.26,57.17,119.1,29.63,78.69,1015.04,33.12,62.23,0
2018-06-01 06:00:00,5.89,11.74,95.9,169.71,39.2,67.37,1009.73,8.89,56.67,1
2018-06-01 07:00:00,0.64,26.58,85.85,201.46,29.32,58.79,1014.24,7.91,62.25,0
2018-06-01 08:00:00,3.38,43.66,116.09,258.7,23.46,68.91,1005.39,18.65,82.76,0
2018-06-01 09:00:00,12.03,14.88,36.26,225.46,30.69,68.5,1010.32,5.53,42.49,0
2018-06-01 10:00:00,14.98,85.99,98.47,222.54,27.08,69.08,1013.77,9.71,71.3,0
2018-06-01 11:00:00,9.56,29.47,45.1,116.52,21.04,64.11,1000.37,16.19,42.18,0
2018-06-01 12:00:00,0.08,9.01,38.85,295.51,27.07,51.16,1009.3,9.39,49.08,0
2018-06-01 13:00:00,5.4,24.05,128.36,242.84,21.7,85.32,1013.56,9.75,100.0,1
2018-06-01 14:00:00,13.2,39.51,62.04,188.47,18.96,57.76,1009.58,19.41,57.64,0
2018-06-01 15:00:00,3.03,9.19,25.23,216.0,32.77,49.69,1017.48,18.07,14.92,0
2018-06-01 16:00:00,1.17,27.58,165.4,246.08,15.13,81.63,1003.52,29.69,100.0,1
2018-06-01 17:00:00,12.41,25.06,66.66,247.5,35.68,52.94,1011.89,4.91,32.03,0
2018-06-01 18:00:00,13.92,16.71,41.21,65.41,31.13,52.17,1010.08,11.96,51.56,0
2018-06-01 19:00:00,4.87,24.63,35.66,111.03,36.22,51.7,1003.57,2.35,35.98,0
2018-06-01 20:00:00,1.18,35.05,45.1,249.23,37.16,64.41,1009.76,1.36,59.82,0
2018-06-01 21:00:00,0.52,17.75,81.95,240.86,34.18,61.62,1007.82,9.64,69.81,1
2018-06-01 22:00:00,6.7,11.63,17.14,119.86,25.65,60.07,1009.18,3.76,36.26,0
2018-06-01 23:00:00,2.52,19.95,52.49,87.68,24.59,61.83,1006.76,11.7,29.41,1
2018-06-02 00:00:00,4.58,19.96,101.16,119.78,28.62,67.48,1016.47,2.29,61.38,0
2018-06-02 01:00:00,4.11,22.67,44.89,123.17,33.47,74.42,1008.02,18.46,40.73,0
2018-06-02 02:00:00,1.87,4.47,46.06,119.12,38.41,45.81,1013.02,15.6,37.91,0
2018-06-02 03:00:00,0.47,3.45,22.48,163.53,22.48,64.19,1011.58,6.48,27.77,0
2018-06-02 04:00:00,3.12,11.21,118.04,208.05,32.46,63.88,1013.03,4.4,69.74,1
2018-06-02 05:00:00,5.6,28.65,73.8,227.85,28.22,59.12,1019.09,14.39,68.74,0
2018-06-02 06:00:00,5.85,26.51,106.15,205.63,28.23,68.77,1017.02,2.85,75.5,1
2018-06-02 07:00:00,2.34,27.23,62.34,103.27,31.58,62.91,1008.17,6.2,69.19,0
2018-06-02 08:00:00,13.7,32.5,73.61,183.24,13.84,66.69,1013.23,15.98,38.84,0
2018-06-02 09:00:00,1.35,23.29,72.56,157.72,28.16,68.08,1016.37,11.45,81.75,0
2018-06-02 10:00:00,11.26,26.57,56.03,135.16,21.2,58.93,1009.59,11.17,48.85,0
2018-06-02 11:00:00,5.44,16.73,75.99,163.96,32.04,43.81,1015.4,5.08,49.05,0
2018-06-02 12:00:00,3.15,23.33,56.31,158.56,29.72,56.75,1011.19,18.34,47.01,0
2018-06-02 13:00:00,7.5,11.99,64.98,146.72,37.32,73.92,1004.32,8.27,42.94,0
2018-06-02 14:00:00,3.87,9.55,91.49,117.74,36.22,75.95,1019.73,14.09,66.21,1
2018-06-02 15:00:00,0.8,4.83,43.25,74.2,24.69,67.57,1002.85,1.0,59.43,0
2018-06-02 16:00:00,1.22,15.73,37.09,98.83,29.52,58.05,1004.83,16.24,35.51,0
2018-06-02 17:00:00,3.62,8.18,85.97,257.78,36.87,74.13,1007.64,8.82,68.94,1
2018-06-02 18:00:00,2.72,3.76,52.98,145.92,30.64,58.68,1015.74,6.43,43.23,0
2018-06-02 19:00:00,11.05,14.45,40.03,120.21,31.99,57.32,1014.53,21.13,38.47,0
2018-06-02 20:00:00,2.59,36.49,55.14,306.83,37.1,57.88,1020.54,13.4,44.25,0
2018-06-02 21:00:00,2.41,17.03,18.11,117.48,36.23,66.68,1017.41,1.47,11.07,0
2018-06-02 22:00:00,2.07,27.88,63.18,144.98,29.23,39.32,1011.64,15.71,81.75,0
2018-06-02 23:00:00,1.87,4.77,38.48,104.37,34.08,61.88,1017.72,16.13,46.15,0
2018-06-03 00:00:00,1.94,20.13,37.12,96.43,33.16,61.63,1010.3,19.43,67.12,0
2018-06-03 01:00:00,0.99,5.13,22.44,44.22,37.52,59.81,1012.82,1.3,41.88,0
2018-06-03 02:00:00,5.65,23.46,41.95,122.78,28.81,60.45,1009.09,1.93,16.35,0
2018-06-03 03:00:00,4.21,29.09,61.31,94.77,35.22,77.11,1016.22,3.46,59.22,1
2018-06-03 04:00:00,4.04,23.87,88.91,135.35,26.07,70.13,1008.1,6.55,68.53,0
2018-06-03 05:00:00,0.57,14.01,43.25,75.6,30.9,59.38,1004.86,8.47,40.07,0
2018-06-03 06:00:00,6.94,39.62,64.06,304.06,33.28,71.76,1004.09,6.63,50.4,1
2018-06-03 07:00:00,7.57,30.58,43.81,140.95,32.17,45.71,1005.87,13.95,63.71,0
2018-06-03 08:00:00,16.48,23.17,28.57,207.11,30.1,51.58,1014.38,2.17,18.89,1
2018-06-03 09:00:00,7.21,11.55,25.11,160.14,28.24,68.79,1011.28,9.1,29.74,0
2018-06-03 10:00:00,19.16,74.77,97.28,167.1,32.33,74.01,1009.69,4.44,80.61,1
2018-06-03 11:00:00,2.28,9.36,29.39,81.29,31.25,45.03,1013.9,32.2,26.44,0
2018-06-03 12:00:00,17.19,28.84,68.56,137.67,29.0,92.3,1013.12,8.29,60.47,0
2018-06-03 13:00:00,7.42,12.85,49.06,91.24,32.11,60.92,1009.63,4.16,63.26,0
2018-06-03 14:00:00,6.61,28.75,42.67,54.98,20.15,53.77,1010.97,11.12,52.65,0
2018-06-03 15:00:00,3.93,9.9,49.81,73.6,30.71,48.39,1008.93,24.8,18.35,0
2018-06-03 16:00:00,3.14,16.12,33.71,153.97,18.99,73.35,1013.6,3.8,27.01,0
2018-06-03 17:00:00,2.48,19.81,49.99,76.1,23.5,53.38,1010.69,3.85,34.23,0
2018-06-03 18:00:00,17.65,25.24,38.43,84.82,30.17,56.79,1007.21,4.79,50.71,0
2018-06-03 19:00:00,3.81,20.96,60.74,127.35,28.05,67.98,1011.29,20.33,45.84,0
2018-06-03 20:00:00,7.54,45.59,64.9,98.86,19.02,45.37,1014.06,3.37,56.3,0
2018-06-03 21:00:00,9.04,24.31,102.11,215.08,17.93,80.34,1018.21,6.43,67.78,0
2018-06-03 22:00:00,8.93,29.81,50.2,200.96,26.4,53.82,1005.33,1.94,45.4,0
2018-06-03 23:00:00,5.68,15.12,27.37,54.47,18.26,69.47,1005.56,24.43,61.92,0
2018-06-04 00:00:00,16.94,25.73,45.76,71.01,20.67,64.85,1004.2,4.84,80.0,0
2018-06-04 01:00:00,7.02,11.13,27.39,81.16,24.93,70.14,1008.83,21.77,39.06,0
2018-06-04 02:00:00,2.41,16.69,21.14,147.02,32.94,59.64,1011.28,15.32,16.48,0
2018-06-04 03:00:00,3.29,29.34,112.27,236.24,21.68,84.26,1006.78,15.56,85.08,0
2018-06-04 04:00:00,0.62,20.73,66.47,89.57,16.21,70.32,1003.44,24.81,79.49,0
2018-06-04 05:00:00,6.26,15.0,51.28,154.51,35.43,62.44,1018.35,3.9,52.08,0
2018-06-04 06:00:00,8.1,18.29,44.97,113.88,32.72,65.31,1002.08,24.26,19.68,0
2018-06-04 07:00:00,8.72,47.14,60.39,224.03,30.0,34.98,1019.73,7.92,50.73,1
2018-06-04 08:00:00,7.42,25.83,32.74,72.34,27.82,54.27,1014.67,11.02,18.25,0
2018-06-04 09:00:00,3.95,26.48,56.36,89.34,39.51,75.78,1018.16,12.12,36.7,0
2018-06-04 10:00:00,4.72,29.21,61.67,191.04,29.77,52.14,1005.87,1.98,52.04,0
2018-06-04 11:00:00,4.74,13.83,39.11,62.67,28.47,55.03,1009.83,13.95,28.89,0
2018-06-04 12:00:00,11.08,19.3,129.22,215.23,27.03,61.9,1007.43,1.89,98.24,0
2018-06-04 13:00:00,0.3,9.24,13.55,86.63,30.4,38.54,1010.26,15.27,41.74,0
2018-06-04 14:00:00,2.91,10.96,38.98,94.1,23.98,56.93,1012.84,11.7,22.35,0
2018-06-04 15:00:00,1.46,34.77,39.32,102.16,34.13,64.96,1012.89,9.16,56.11,0
2018-06-04 16:00:00,22.51,33.71,57.98,143.96,35.17,61.36,1006.52,1.99,64.58,0
2018-06-04 17:00:00,12.94,43.06,65.46,79.59,35.01,52.87,1020.18,6.03,57.27,0
2018-06-04 18:00:00,3.05,14.54,23.0,63.19,27.75,45.97,1006.62,5.56,37.52,0
2018-06-04 19:00:00,0.84,12.91,27.82,45.4,30.07,48.96,1014.48,10.67,44.41,0
2018-06-04 20:00:00,1.23,3.19,28.44,36.28,20.71,55.73,1013.25,15.27,51.2,0
2018-06-04 21:00:00,10.96,19.49,46.09,67.95,21.11,52.35,1012.77,8.78,20.16,0
2018-06-04 22:00:00,0.6,34.52,53.1,124.33,32.24,74.11,998.72,5.1,62.91,0
2018-06-04 23:00:00,4.8,37.86,108.63,222.24,33.03,65.97,1008.27,5.53,96.57,1
2018-06-05 00:00:00,9.51,17.86,75.82,226.05,18.41,62.33,1009.45,17.88,65.05,1
2018-06-05 01:00:00,1.07,2.23,13.76,156.99,20.94,61.33,1014.4,13.07,40.32,0
2018-06-05 02:00:00,4.75,10.34,21.55,109.15,22.88,37.1,1005.59,8.77,2.16,0
2018-06-05 03:00:00,3.1,11.39,27.72,39.81,29.9,73.7,1013.64,25.77,48.07,0
2018-06-05 04:00:00,2.68,11.02,48.2,70.58,25.63,70.52,1015.41,27.11,28.51,0
2018-06-05 05:00:00,2.21,10.54,33.24,144.45,21.6,67.55,1015.17,7.51,53.12,0
2018-06-05 06:00:00,10.19,23.37,57.23,93.34,26.27,56.46,1011.21,4.06,81.17,0
2018-06-05 07:00:00,15.22,20.26,79.52,225.94,26.19,59.24,1016.18,5.11,88.9,0
2018-06-05 08:00:00,3.64,15.39,30.08,74.58,33.0,52.87,1016.44,33.0,60.19,0
2018-06-05 09:00:00,6.64,22.62,28.48,134.29,26.54,54.8,1008.53,12.5,32.29,0
2018-06-05 10:00:00,4.86,13.73,55.67,159.16,36.04,76.26,1012.06,14.64,67.55,1
2018-06-05 11:00:00,0.38,14.06,28.59,199.54,16.76,39.22,1016.98,25.21,32.47,0
2018-06-05 12:00:00,3.49,41.21,81.27,156.22,30.51,81.25,1018.36,14.91,86.45,1
2018-06-05 13:00:00,0.25,20.98,56.9,132.04,39.55,61.7,1007.95,2.26,58.73,0
2018-06-05 14:00:00,2.83,21.48,85.03,166.71,27.25,79.67,1005.73,20.12,30.94,0
2018-06-05 15:00:00,4.62,14.13,52.32,195.46,26.47,66.87,1006.05,17.91,61.42,0
2018-06-05 16:00:00,8.87,16.89,48.18,86.57,24.35,68.68,1004.92,11.63,23.58,0
2018-06-05 17:00:00,6.11,18.39,48.33,112.26,19.99,71.85,1011.44,6.06,74.89,0
2018-06-05 18:00:00,10.41,28.77,120.86,197.61,33.82,74.17,1005.56,12.53,99.0,0
2018-06-05 19:00:00,1.81,16.97,51.07,74.69,23.66,53.31,1014.18,5.29,46.17,0
2018-06-05 20:00:00,13.71,27.77,52.27,111.26,32.98,53.97,1008.24,12.65,75.43,0
2018-06-05 21:00:00,15.23,38.34,58.48,161.43,30.15,73.78,1005.39,3.63,55.72,1
2018-06-05 22:00:00,0.23,17.83,59.69,88.31,31.62,79.8,1015.76,2.69,39.49,0
2018-06-05 23:00:00,0.54,22.66,106.04,230.76,22.8,65.43,1009.11,8.02,82.5,1
2018-06-06 00:00:00,4.52,10.47,57.88,139.33,29.88,75.2,1015.26,2.18,77.94,0
2018-06-06 01:00:00,2.6,6.9,81.31,239.59,28.03,77.95,1007.69,22.68,71.91,0
2018-06-06 02:00:00,3.07,38.65,88.38,245.44,29.05,54.47,1018.64,18.37,40.05,0
2018-06-06 03:00:00,6.06,7.12,16.27,214.55,14.18,65.88,1014.28,20.2,33.6,0
2018-06-06 04:00:00,10.76,15.58,130.9,212.52,30.89,71.27,1002.93,8.36,99.14,1
2018-06-06 05:00:00,1.69,11.13,47.61,162.84,40.28,77.41,1003.18,19.41,48.34,0
2018-06-06 06:00:00,12.28,42.19,135.1,222.63,20.98,80.53,1009.83,8.34,55.58,1
2018-06-06 07:00:00,2.16,6.32,80.45,144.52,33.2,93.3,1012.39,1.68,52.61,0
2018-06-06 08:00:00,24.87,26.97,34.89,106.47,26.7,59.89,1015.38,8.4,46.9,0
2018-06-06 09:00:00,13.79,20.05,50.6,102.17,22.3,56.88,1002.33,15.94,71.38,0
2018-06-06 10:00:00,2.43,10.98,28.92,61.5,24.13,64.55,1003.23,14.14,22.21,0
2018-06-06 11:00:00,0.87,14.43,30.25,107.37,36.02,67.23,1002.94,17.06,24.53,1
2018-06-06 12:00:00,2.36,21.29,61.0,152.91,29.59,70.79,1006.25,2.99,40.46,0
2018-06-06 13:00:00,2.0,25.64,81.25,135.38,27.31,64.97,1013.23,7.86,73.55,1
2018-06-06 14:00:00,7.95,11.26,22.41,78.24,19.35,65.95,1012.33,27.55,41.23,0
2018-06-06 15:00:00,0.24,1.16,11.05,212.49,31.03,44.39,1004.13,6.25,35.07,0
2018-06-06 16:00:00,0.55,13.76,46.83,109.27,33.94,39.88,1003.79,15.52,39.23,0
2018-06-06 17:00:00,7.75,11.83,61.74,87.44,29.66,68.9,1012.55,14.01,44.59,0
2018-06-06 18:00:00,1.9,9.72,71.79,147.86,21.72,89.42,1016.24,2.96,68.27,1
2018-06-06 19:00:00,2.87,12.76,102.12,175.4,30.9,78.73,1012.01,31.66,97.43,1
2018-06-06 20:00:00,9.47,17.78,100.14,173.54,38.23,64.49,1017.3,12.77,78.92,1
2018-06-06 21:00:00,11.16,12.97,56.82,137.24,27.12,61.2,1013.04,11.79,57.7,1
2018-06-06 22:00:00,13.26,27.53,76.9,135.24,33.7,68.07,1018.01,21.31,49.74,0
2018-06-06 23:00:00,8.81,53.24,112.97,156.81,26.78,65.48,1021.19,0.83,65.48,1
2018-06-07 00:00:00,3.81,15.6,25.95,40.57,27.02,48.99,1011.11,1.42,43.21,0
2018-06-07 01:00:00,3.5,52.72,81.69,113.17,29.13,72.68,1013.74,7.46,58.94,0
2018-06-07 02:00:00,3.08,4.11,78.29,183.49,26.02,72.62,999.5,0.43,63.24,0
2018-06-07 03:00:00,1.08,7.23,22.9,220.58,25.49,49.01,1015.87,7.87,45.14,0
2018-06-07 04:00:00,1.61,41.28,49.23,93.04,28.1,49.3,1005.98,17.8,54.68,0
2018-06-07 05:00:00,11.88,17.88,33.96,91.51,33.31,58.08,1014.92,5.42,30.26,1
2018-06-07 06:00:00,2.14,17.2,37.16,112.12,28.46,56.48,1009.49,23.26,51.57,0
2018-06-07 07:00:00,1.08,13.07,46.3,285.41,27.8,68.74,1013.67,3.37,60.3,0
2018-06-07 08:00:00,12.7,22.31,71.2,145.46,29.08,59.31,1004.62,11.11,80.79,0
2018-06-07 09:00:00,5.72,29.55,90.52,344.38,36.72,73.5,1008.08,24.73,65.9,0
2018-06-07 10:00:00,17.95,30.28,75.05,89.54,22.59,71.55,1014.18,8.9,58.97,1
2018-06-07 11:00:00,16.48,37.42,115.24,132.76,31.69,82.58,1010.78,2.13,69.58,0
2018-06-07 12:00:00,1.22,41.58,60.87,242.97,32.63,64.06,1001.21,2.61,65.75,0
2018-06-07 13:00:00,4.23,28.58,47.4,81.1,27.1,55.59,1010.64,30.4,59.77,0
2018-06-07 14:00:00,1.46,6.24,18.64,83.79,34.76,54.27,1009.21,5.45,32.25,0
2018-06-07 15:00:00,1.44,57.7,88.7,151.03,33.17,67.97,1004.93,18.7,92.94,0
2018-06-07 16:00:00,2.99,21.46,38.92,59.81,32.6,80.77,1008.09,8.25,47.32,0
2018-06-07 17:00:00,8.15,18.53,83.05,149.76,21.01,63.55,1013.96,13.16,54.49,0
2018-06-07 18:00:00,8.2,12.2,22.11,313.18,25.06,76.78,1020.06,6.05,34.72,0
2018-06-07 19:00:00,7.33,20.27,94.99,234.07,24.33,71.47,1012.76,4.64,69.71,0
2018-06-07 20:00:00,3.8,10.39,25.76,50.09,31.98,54.53,1008.94,5.83,42.28,0
2018-06-07 21:00:00,8.58,11.64,80.04,99.27,32.96,61.59,1010.45,10.29,100.0,1
2018-06-07 22:00:00,1.06,5.45,25.37,134.75,26.61,47.64,1012.34,1.85,56.88,0
2018-06-07 23:00:00,5.81,8.32,62.78,268.27,26.63,63.31,1015.39,5.16,72.17,0
2018-06-08 00:00:00,4.77,13.9,47.41,296.59,40.22,61.7,1011.47,27.7,26.06,0
2018-06-08 01:00:00,3.57,14.74,67.49,169.0,29.11,66.1,1013.72,10.72,78.41,0
2018-06-08 02:00:00,6.02,22.7,28.33,52.43,30.53,81.02,1012.34,6.2,47.19,0
2018-06-08 03:00:00,1.5,19.58,45.66,146.64,26.72,75.86,1014.08,12.82,66.79,0
2018-06-08 04:00:00,7.59,15.49,86.73,120.51,35.33,70.32,1014.47,15.35,42.53,0
2018-06-08 05:00:00,4.65,13.45,43.48,135.52,30.28,57.56,1006.06,2.33,33.49,0
2018-06-08 06:00:00,0.64,15.05,33.83,157.37,29.01,45.77,1011.03,18.5,49.22,0
2018-06-08 07:00:00,4.54,9.15,18.52,63.59,29.24,59.76,1011.11,4.06,6.54,0
2018-06-08 08:00:00,2.63,22.99,39.54,211.07,25.74,70.82,1015.47,3.68,64.94,0
2018-06-08 09:00:00,12.13,21.58,100.12,168.25,22.82,84.89,1009.4,17.89,84.64,0
2018-06-08 10:00:00,1.17,24.03,70.47,134.47,28.05,60.89,1006.84,18.32,61.46,0
2018-06-08 11:00:00,1.23,14.61,70.16,113.94,36.55,52.86,1008.4,1.93,45.83,0
2018-06-08 12:00:00,6.75,17.08,41.93,148.66,26.42,61.42,1012.25,13.37,33.4,0
2018-06-08 13:00:00,3.96,31.44,54.74,173.09,33.81,68.45,1014.1,14.59,33.71,0
2018-06-08 14:00:00,3.77,6.64,61.9,68.36,25.85,61.62,1007.34,14.06,50.79,0
2018-06-08 15:00:00,8.4,24.53,90.22,268.77,17.69,74.75,1007.04,15.92,83.25,1
2018-06-08 16:00:00,3.29,38.89,60.34,121.5,25.13,63.5,1007.89,10.92,48.15,0
2018-06-08 17:00:00,0.52,14.35,61.61,150.85,19.08,66.44,1008.05,17.57,67.67,0
2018-06-08 18:00:00,3.1,14.9,56.08,120.53,32.12,66.24,1008.93,6.02,30.64,1
2018-06-08 19:00:00,1.01,24.27,32.94,130.76,17.92,58.99,1013.77,4.04,11.14,0
2018-06-08 20:00:00,1.63,9.48,48.99,176.69,28.46,49.78,1015.95,7.84,64.65,0
2018-06-08 21:00:00,1.7,11.52,43.54,119.61,23.88,73.73,1008.57,6.83,34.07,0
2018-06-08 22:00:00,11.34,15.36,25.66,87.9,24.58,52.47,1003.45,15.8,31.81,0
2018-06-08 23:00:00,0.73,8.2,60.22,133.13,32.78,41.26,1012.33,0.84,40.23,0
2018-06-09 00:00:00,10.41,29.78,43.22,142.44,27.36,60.31,1003.56,6.27,47.82,0
2018-06-09 01:00:00,7.03,17.05,36.34,113.24,27.84,63.85,1018.39,4.51,65.57,0
2018-06-09 02:00:00,6.93,12.53,180.29,277.48,27.49,95.49,1006.25,14.14,100.0,1
2018-06-09 03:00:00,1.54,29.87,48.1,135.2,25.83,64.26,1012.29,7.36,22.89,0
2018-06-09 04:00:00,9.27,35.01,60.47,136.52,23.62,65.2,1016.01,5.19,35.76,0
2018-06-09 05:00:00,1.32,7.55,15.88,88.93,18.84,57.91,1011.1,12.84,29.47,0
2018-06-09 06:00:00,15.42,41.01,151.8,225.3,30.11,73.8,1009.57,9.45,85.79,1
2018-06-09 07:00:00,11.57,30.56,112.86,174.44,29.66,70.42,1010.98,26.07,69.03,0
2018-06-09 08:00:00,17.59,32.03,35.92,82.94,34.3,68.77,1020.2,5.72,8.35,0
2018-06-09 09:00:00,4.79,41.94,194.47,258.98,30.22,83.47,1016.43,3.04,100.0,1
2018-06-09 10:00:00,3.96,19.99,118.95,194.34,25.53,76.38,1008.55,4.9,96.71,0
2018-06-09 11:00:00,3.01,9.74,46.37,163.4,27.13,57.65,1018.85,15.94,32.26,0
2018-06-09 12:00:00,24.57,33.81,49.76,172.25,31.16,56.21,1000.75,4.0,36.99,0
2018-06-09 13:00:00,8.09,10.78,88.38,278.72,34.06,67.63,1008.61,14.52,71.54,1
2018-06-09 14:00:00,1.03,19.57,74.84,169.64,25.8,65.35,1013.54,9.05,69.24,0
2018-06-09 15:00:00,14.01,50.77,171.15,183.05,34.1,83.0,999.91,10.01,100.0,0
2018-06-09 16:00:00,3.8,19.97,132.48,201.86,27.6,80.21,1019.12,6.93,94.37,0
2018-06-09 17:00:00,2.0,16.46,48.97,120.99,24.37,43.34,1018.67,2.48,41.37,0
2018-06-09 18:00:00,11.56,34.34,71.56,131.09,24.5,62.29,1008.67,5.11,69.0,0
2018-06-09 19:00:00,7.05,27.32,42.15,54.55,26.44,66.72,1022.28,9.59,50.11,1
2018-06-09 20:00:00,8.36,37.18,53.52,171.97,27.94,77.17,1015.06,5.09,36.47,1
2018-06-09 21:00:00,13.9,26.17,55.35,142.58,34.33,51.55,1012.26,1.76,44.86,0
2018-06-09 22:00:00,0.37,17.66,69.33,126.35,38.39,55.11,1012.8,21.57,66.72,1
2018-06-09 23:00:00,2.03,13.79,132.98,166.25,26.84,79.68,1004.54,14.65,100.0,0
2018-06-10 00:00:00,4.9,8.83,25.62,100.0,20.41,68.33,1012.94,10.09,18.79,0
2018-06-10 01:00:00,11.85,16.67,47.08,325.23,24.76,54.42,1007.29,17.27,45.12,1
2018-06-10 02:00:00,1.31,8.46,68.7,155.89,26.36,47.79,1010.6,4.52,51.62,0
2018-06-10 03:00:00,3.27,7.07,43.72,122.49,29.54,63.79,1011.99,6.64,15.81,0
2018-06-10 04:00:00,4.6,18.7,67.39,101.69,18.14,57.08,1011.72,2.5,80.34,0
2018-06-10 05:00:00,1.91,25.77,60.41,163.91,33.82,80.21,1010.82,5.48,47.73,0
2018-06-10 06:00:00,4.55,12.48,23.82,76.21,23.07,56.63,1023.93,12.58,21.03,0
2018-06-10 07:00:00,3.94,6.1,81.88,188.12,29.7,56.57,1002.07,11.97,64.33,1
2018-06-10 08:00:00,2.56,9.08,58.61,75.59,27.34,55.15,1001.94,31.32,45.36,0
2018-06-10 09:00:00,9.25,19.34,40.3,78.34,24.34,62.2,1007.2,5.92,62.29,0
2018-06-10 10:00:00,7.86,30.53,58.36,109.52,35.39,60.64,1010.87,16.21,69.27,0
2018-06-10 11:00:00,9.61,22.71,41.91,105.09,25.54,62.02,1009.55,24.89,42.58,0
2018-06-10 12:00:00,10.35,23.42,77.43,260.56,22.76,96.63,1003.22,4.63,76.19,0
2018-06-10 13:00:00,0.6,18.49,25.68,179.11,30.94,47.62,1021.64,36.18,34.39,0
2018-06-10 14:00:00,0.72,25.96,44.48,139.94,32.85,69.01,1014.14,13.01,19.22,0
2018-06-10 15:00:00,8.58,44.38,69.41,103.72,26.92,79.2,1008.91,5.0,58.37,0
2018-06-10 16:00:00,2.84,10.8,36.15,71.49,29.02,71.9,1007.12,14.76,31.44,0
2018-06-10 17:00:00,2.45,14.72,28.64,172.25,33.3,48.55,1010.65,6.05,24.76,0
2018-06-10 18:00:00,2.04,9.99,44.08,104.42,26.85,62.45,1008.92,14.79,52.88,0
2018-06-10 19:00:00,9.9,27.11,34.41,80.28,26.66,45.25,1013.72,4.62,70.07,0
2018-06-10 20:00:00,23.38,25.52,80.26,135.79,32.34,75.78,1003.69,5.91,52.5,0
2018-06-10 21:00:00,10.3,52.76,146.83,216.25,27.19,75.26,1003.94,9.91,100.0,0
2018-06-10 22:00:00,2.7,21.29,63.15,153.62,23.76,68.13,1015.05,1.02,55.97,0
2018-06-10 23:00:00,9.47,26.0,40.06,107.27,27.99,74.38,1008.57,16.44,71.19,0
2018-06-11 00:00:00,0.69,7.37,58.56,71.6,22.72,66.41,1014.1,11.19,45.63,0
2018-06-11 01:00:00,3.66,12.69,38.35,119.28,27.64,62.6,1011.3,16.34,66.72,0
2018-06-11 02:00:00,0.38,4.18,45.99,140.02,33.33,59.55,1010.06,10.36,17.73,0
2018-06-11 03:00:00,2.84,9.2,44.36,136.5,21.31,74.05,1007.91,5.71,34.83,1
2018-06-11 04:00:00,5.44,30.68,89.92,157.6,27.77,64.19,1010.19,4.48,82.24,0
2018-06-11 05:00:00,26.78,29.45,70.78,103.12,31.29,70.56,1009.48,2.97,27.01,0
2018-06-11 06:00:00,12.65,61.08,85.04,108.82,27.68,74.65,997.99,14.39,62.54,0
2018-06-11 07:00:00,0.39,29.14,46.84,102.32,35.67,69.59,1016.94,13.31,24.91,1
2018-06-11 08:00:00,0.47,16.73,43.62,162.65,28.32,64.62,1013.1,9.88,23.29,0
2018-06-11 09:00:00,1.92,7.87,72.66,119.27,30.16,56.76,1003.29,13.83,85.66,0
2018-06-11 10:00:00,0.43,21.39,47.64,415.16,35.63,62.24,1010.39,13.07,61.19,0
2018-06-11 11:00:00,2.06,21.6,69.5,202.82,30.85,49.58,1008.85,6.31,60.7,0
2018-06-11 12:00:00,2.05,9.88,60.07,118.33,27.92,62.04,1006.11,6.92,72.02,0
2018-06-11 13:00:00,6.73,25.03,53.93,108.27,25.64,69.88,1014.34,3.39,56.91,0
2018-06-11 14:00:00,9.68,19.74,46.94,109.93,27.18,72.14,1018.41,5.81,60.33,0
2018-06-11 15:00:00,7.93,9.87,41.41,116.55,29.9,54.86,1009.27,15.54,47.04,0
2018-06-11 16:00:00,5.89,9.96,18.12,47.12,23.77,77.55,1010.25,17.76,23.97,0
2018-06-11 17:00:00,0.64,28.67,73.7,123.47,35.26,51.65,1005.69,2.3,49.77,1
2018-06-11 18:00:00,5.04,13.76,35.96,218.0,40.68,64.95,1000.61,10.0,36.24,0
2018-06-11 19:00:00,14.23,21.19,59.4,161.99,28.07,70.15,1013.03,1.28,28.08,0
2018-06-11 20:00:00,18.26,32.31,52.87,114.87,18.6,69.16,1020.65,14.06,50.78,1
2018-06-11 21:00:00,6.57,7.82,89.04,182.73,32.29,73.9,1009.09,4.6,91.72,0
2018-06-11 22:00:00,0.4,13.28,95.63,160.2,28.61,71.95,1008.75,8.74,59.75,0
2018-06-11 23:00:00,6.67,21.43,71.56,197.87,31.69,83.73,1010.15,9.42,57.54,0
2018-06-12 00:00:00,3.92,24.47,27.69,248.8,27.84,48.54,1009.48,0.67,3.06,0
2018-06-12 01:00:00,0.53,5.39,35.19,109.66,33.24,57.03,1006.03,18.14,40.65,0
2018-06-12 02:00:00,1.21,8.91,68.48,98.54,24.07,67.46,1023.4,7.95,100.0,0
2018-06-12 03:00:00,1.54,16.03,146.23,180.63,30.32,78.88,1010.21,3.64,100.0,1
2018-06-12 04:00:00,8.6,13.91,24.79,167.58,29.78,49.13,1015.09,21.68,48.4,0
2018-06-12 05:00:00,17.65,33.07,36.52,252.48,30.24,66.65,1023.01,6.0,32.75,0
2018-06-12 06:00:00,7.47,21.49,43.73,91.03,32.34,64.39,1012.47,1.0,53.03,0
2018-06-12 07:00:00,8.85,9.98,30.1,75.96,33.09,76.25,1007.71,5.56,27.21,0
2018-06-12 08:00:00,4.22,29.05,78.89,183.01,21.79,76.37,1004.8,12.7,66.51,0
2018-06-12 09:00:00,2.41,7.85,21.41,49.68,32.41,68.75,1021.85,8.5,6.39,0
2018-06-12 10:00:00,7.66,20.81,41.82,145.9,29.04,72.04,1015.52,0.26,59.8,0
2018-06-12 11:00:00,5.96,48.84,71.63,184.71,26.96,56.84,1009.99,3.82,66.8,0
2018-06-12 12:00:00,1.74,7.75,46.75,90.07,29.58,59.21,1008.62,11.42,56.46,0
2018-06-12 13:00:00,5.59,23.56,71.57,89.37,29.34,63.97,1009.06,20.74,52.95,0
2018-06-12 14:00:00,4.5,54.72,73.0,115.57,28.55,78.57,1012.42,7.3,67.33,1
2018-06-12 15:00:00,3.24,23.23,62.43,182.7,18.33,67.26,1019.97,5.02,76.34,0
2018-06-12 16:00:00,2.31,30.9,34.74,132.58,28.78,60.93,1011.45,1.01,27.83,0
2018-06-12 17:00:00,6.56,10.93,96.93,165.37,26.92,71.44,1005.32,7.79,84.7,0
2018-06-12 18:00:00,2.49,38.1,53.47,201.28,29.91,75.0,1004.72,13.66,49.22,1
2018-06-12 19:00:00,23.4,25.39,94.0,186.76,27.71,61.67,1012.86,5.13,95.06,0
2018-06-12 20:00:00,7.24,26.25,46.26,132.3,39.71,63.41,1016.79,12.16,34.55,0
2018-06-12 21:00:00,6.67,19.39,68.8,92.84,26.91,82.01,1019.78,11.92,49.92,0
2018-06-12 22:00:00,3.76,13.59,39.36,135.86,19.61,66.94,1025.08,1.72,56.36,0
2018-06-12 23:00:00,2.94,11.37,68.21,187.64,27.47,63.31,1003.09,1.27,55.06,0
2018-06-13 00:00:00,0.24,20.57,86.19,297.82,25.56,73.02,1010.14,3.97,74.82,0
2018-06-13 01:00:00,1.89,8.58,89.0,137.89,29.15,56.28,1007.93,5.81,80.35,0
2018-06-13 02:00:00,0.38,9.21,53.28,121.94,25.53,57.66,1010.18,18.77,52.49,0
2018-06-13 03:00:00,0.37,19.47,25.12,189.34,31.49,56.16,1007.97,5.42,8.07,0
2018-06-13 04:00:00,0.96,28.76,42.78,154.71,27.93,51.47,1013.21,17.48,53.52,0
2018-06-13 05:00:00,13.02,24.66,107.47,213.88,29.95,80.91,1002.93,16.21,69.28,1
2018-06-13 06:00:00,12.97,49.57,78.11,114.45,36.1,57.08,1012.7,7.59,40.55,1
2018-06-13 07:00:00,1.94,16.63,43.59,112.62,28.37,74.49,1017.31,4.13,70.04,0
2018-06-13 08:00:00,0.62,14.23,65.46,182.01,20.67,71.92,1008.15,2.62,73.44,0
2018-06-13 09:00:00,2.79,70.42,116.33,158.82,25.36,69.19,1014.61,1.93,65.9,0
2018-06-13 10:00:00,8.53,25.63,138.25,219.16,20.42,74.55,1008.84,16.86,60.95,1
2018-06-13 11:00:00,10.87,56.89,88.27,154.48,24.76,70.58,1014.64,1.61,65.0,0
2018-06-13 12:00:00,5.51,69.37,97.44,207.22,10.0,81.29,1011.16,5.34,98.71,1
2018-06-13 13:00:00,6.49,11.02,74.96,167.93,32.61,67.59,1005.74,14.06,46.49,1
2018-06-13 14:00:00,5.91,12.51,65.39,79.16,19.84,76.53,1010.59,2.47,49.28,0
2018-06-13 15:00:00,0.72,3.24,14.16,81.34,31.97,57.21,1010.3,8.8,11.4,0
2018-06-13 16:00:00,18.23,39.67,68.17,263.94,24.47,73.47,1014.83,4.49,62.42,1
2018-06-13 17:00:00,5.49,27.16,144.99,281.41,26.51,95.34,1006.74,5.08,98.17,0
2018-06-13 18:00:00,0.13,8.13,25.09,90.09,36.95,61.44,1017.4,7.99,21.97,0
2018-06-13 19:00:00,6.86,7.88,35.45,160.28,26.28,50.64,1014.34,1.42,17.1,0
2018-06-13 20:00:00,1.45,19.19,118.63,175.98,22.65,74.23,1009.86,21.99,88.81,0
2018-06-13 21:00:00,11.63,14.42,112.5,221.85,25.25,94.39,1010.3,4.88,94.77,1
2018-06-13 22:00:00,10.6,21.5,97.13,144.47,21.16,67.18,1014.52,5.54,64.81,0
2018-06-13 23:00:00,8.11,30.42,55.28,283.35,32.67,46.42,1014.4,9.54,59.99,0
2018-06-14 00:00:00,5.43,19.81,38.98,105.75,31.03,52.31,1016.41,0.99,40.42,0
2018-06-14 01:00:00,14.09,41.72,104.38,183.9,26.35,71.2,1004.18,11.25,100.0,1
2018-06-14 02:00:00,15.29,25.68,111.19,258.88,32.22,79.62,1006.39,12.63,100.0,1
2018-06-14 03:00:00,1.5,8.38,39.34,117.52,31.29,73.28,1011.65,11.89,48.13,0
2018-06-14 04:00:00,8.03,13.76,57.12,144.3,26.48,56.93,1009.68,2.93,52.63,0
2018-06-14 05:00:00,2.34,24.22,42.17,128.5,29.34,75.64,1006.83,3.84,44.87,0
2018-06-14 06:00:00,1.22,13.25,22.02,118.86,26.69,65.91,1018.49,3.25,32.24,0
2018-06-14 07:00:00,15.27,21.84,31.32,66.75,24.37,70.99,1006.2,3.12,35.69,0
2018-06-14 08:00:00,9.22,26.33,57.6,160.01,13.95,74.98,1015.88,3.95,24.98,0
2018-06-14 09:00:00,5.87,8.12,24.56,79.48,26.41,55.38,1021.05,6.15,59.63,0
2018-06-14 10:00:00,1.7,15.15,56.26,106.31,27.91,82.9,1008.51,11.09,33.27,0
2018-06-14 11:00:00,15.64,31.52,50.58,114.07,20.28,77.0,1000.15,2.78,67.78,0
2018-06-14 12:00:00,1.42,18.98,91.98,120.42,32.56,72.29,1007.39,21.93,53.8,0
2018-06-14 13:00:00,1.02,37.78,61.39,124.41,26.69,79.93,1007.01,7.66,47.31,0
2018-06-14 14:00:00,4.52,14.45,40.88,74.28,30.23,88.49,1004.53,8.4,43.91,0
2018-06-14 15:00:00,8.53,24.58,107.53,120.26,29.42,84.16,1011.33,2.62,80.66,0
2018-06-14 16:00:00,3.11,21.19,59.63,183.5,27.3,46.46,1013.12,6.92,29.97,0
2018-06-14 17:00:00,5.34,17.49,59.1,121.85,24.74,49.42,1013.25,4.26,65.22,0
2018-06-14 18:00:00,2.33,6.37,33.35,123.41,23.97,63.92,1007.19,7.02,29.83,0
2018-06-14 19:00:00,2.65,26.08,61.6,172.79,18.55,57.07,1016.25,7.22,62.38,0
2018-06-14 20:00:00,19.9,20.9,33.51,200.72,35.93,53.81,1008.54,21.36,67.25,1
2018-06-14 21:00:00,4.09,8.41,72.33,136.33,29.66,70.46,1005.21,15.33,59.26,0
2018-06-14 22:00:00,14.84,24.53,45.03,121.97,22.53,59.45,1005.98,18.75,48.02,0
2018-06-14 23:00:00,0.34,4.64,15.16,121.34,30.97,66.39,1008.76,6.94,11.31,0
2018-06-15 00:00:00,11.83,25.25,88.95,110.99,21.48,80.94,1010.44,3.89,69.44,0
2018-06-15 01:00:00,1.81,31.38,77.59,135.69,31.17,58.77,1005.02,15.89,44.77,1
2018-06-15 02:00:00,9.42,56.57,107.37,182.25,30.24,77.25,1005.17,5.55,76.35,0
2018-06-15 03:00:00,1.79,14.12,46.99,97.75,24.29,58.61,1019.29,2.19,50.9,0
2018-06-15 04:00:00,2.88,19.89,107.83,158.89,19.15,81.73,1006.01,11.61,60.57,0
2018-06-15 05:00:00,1.17,14.53,34.16,77.45,25.1,59.08,1016.21,19.83,25.1,0
2018-06-15 06:00:00,9.58,21.37,51.99,389.16,28.41,73.79,1011.6,19.57,58.13,0
2018-06-15 07:00:00,10.93,22.78,27.6,102.34,19.23,59.29,1016.81,10.18,31.39,0
2018-06-15 08:00:00,1.88,43.21,44.94,86.14,24.03,78.88,1012.48,11.0,40.99,0
2018-06-15 09:00:00,0.55,1.91,40.62,105.41,35.02,65.0,1011.64,17.79,62.57,0
2018-06-15 10:00:00,14.66,39.55,86.31,125.3,27.45,55.27,1008.34,2.46,49.9,0
2018-06-15 11:00:00,2.18,8.13,44.94,124.19,42.39,68.76,1007.46,21.33,24.42,0
2018-06-15 12:00:00,3.87,14.46,61.39,151.78,30.25,63.05,1012.13,7.01,58.06,0
2018-06-15 13:00:00,1.48,5.58,68.19,237.31,26.79,47.04,1007.88,8.48,89.42,0
2018-06-15 14:00:00,8.78,12.54,43.06,68.65,22.9,59.5,1001.76,9.82,52.06,1
2018-06-15 15:00:00,8.98,36.71,62.39,198.27,21.56,71.75,1012.55,8.41,53.11,1
2018-06-15 16:00:00,16.7,23.92,38.51,116.2,28.68,69.7,1011.12,15.64,45.32,0
2018-06-15 17:00:00,12.13,25.14,66.25,186.56,25.2,73.6,1012.57,37.86,50.12,0
2018-06-15 18:00:00,11.43,30.14,98.32,238.13,26.08,72.51,1009.56,6.61,92.06,0
2018-06-15 19:00:00,4.26,40.94,94.32,251.55,28.88,68.28,1013.62,19.87,59.19,1
2018-06-15 20:00:00,3.73,7.63,119.78,152.31,24.11,67.51,1011.06,10.95,80.79,0
2018-06-15 21:00:00,8.67,47.04,81.85,192.03,32.6,78.14,1009.5,2.08,88.35,0
2018-06-15 22:00:00,4.01,19.6,43.17,85.08,29.39,69.8,1013.49,12.79,45.5,0
2018-06-15 23:00:00,12.48,27.54,56.89,97.9,24.63,59.34,1017.62,13.51,62.47,0
2018-06-16 00:00:00,1.36,11.2,68.08,166.84,29.16,82.01,1006.36,6.61,43.22,0
2018-06-16 01:00:00,7.78,16.39,63.1,164.9,15.3,75.44,1000.84,2.44,44.59,0
2018-06-16 02:00:00,2.52,4.91,25.4,141.23,30.03,68.78,1016.87,6.99,34.37,0
2018-06-16 03:00:00,1.09,32.26,71.92,126.63,29.94,67.74,1013.56,13.26,62.06,0
2018-06-16 04:00:00,25.52,29.08,47.73,139.18,16.6,83.7,1025.24,18.26,41.4,0
2018-06-16 05:00:00,4.68,12.36,59.31,155.77,17.71,57.59,1011.48,7.95,31.1,0
2018-06-16 06:00:00,0.75,28.55,34.79,100.9,26.21,39.98,1010.49,31.93,44.2,0
2018-06-16 07:00:00,2.18,13.8,22.3,170.51,24.44,68.13,1014.48,4.84,33.91,0
2018-06-16 08:00:00,3.4,7.98,18.62,36.79,27.63,68.01,1016.68,10.09,45.68,0
2018-06-16 09:00:00,7.63,31.33,46.36,85.61,28.24,71.89,1014.45,11.31,20.01,0
2018-06-16 10:00:00,2.2,10.88,54.71,202.04,36.37,77.31,1009.94,7.2,33.39,0
2018-06-16 11:00:00,3.93,11.51,67.4,165.9,25.97,78.75,1017.06,2.47,46.26,1
2018-06-16 12:00:00,6.07,9.79,41.85,301.85,31.29,74.67,1006.66,3.74,9.83,0
2018-06-16 13:00:00,7.19,15.36,25.91,139.26,25.36,63.67,1008.76,30.33,41.73,0
2018-06-16 14:00:00,4.24,13.87,78.27,126.58,30.09,73.1,1018.18,1.24,53.71,0
2018-06-16 15:00:00,19.65,38.07,68.1,207.75,25.67,68.81,1014.11,8.05,48.78,1
2018-06-16 16:00:00,8.86,15.31,88.86,244.79,20.7,81.89,1007.79,22.17,68.64,0
2018-06-16 17:00:00,8.43,40.25,74.98,168.97,24.57,61.69,1011.07,5.04,43.02,0
2018-06-16 18:00:00,8.15,36.49,43.96,80.15,30.03,61.67,1021.82,5.33,37.82,0
2018-06-16 19:00:00,12.56,40.9,58.08,150.43,21.57,55.02,1009.9,2.42,64.62,0
2018-06-16 20:00:00,5.68,20.41,26.76,85.43,28.38,66.42,1008.6,2.19,8.87,0
2018-06-16 21:00:00,1.33,23.89,26.88,77.52,29.71,76.36,1012.43,1.48,21.56,0
2018-06-16 22:00:00,6.88,27.96,51.96,137.68,29.8,56.31,1015.67,5.31,53.81,0
2018-06-16 23:00:00,7.71,33.91,69.02,88.32,32.01,51.1,1012.51,12.73,84.38,0
2018-06-17 00:00:00,14.25,42.22,86.4,157.19,39.12,70.01,1015.29,12.47,79.99,0
2018-06-17 01:00:00,1.15,22.9,81.1,129.9,20.93,72.78,1006.0,10.06,65.71,1
2018-06-17 02:00:00,1.58,23.67,45.04,81.72,25.85,61.58,1005.54,6.72,69.64,0
2018-06-17 03:00:00,4.84,25.47,36.31,98.01,27.62,49.58,1017.28,19.96,26.5,0
2018-06-17 04:00:00,8.37,30.48,65.13,121.2,25.17,77.79,1005.03,13.23,71.15,1
2018-06-17 05:00:00,0.86,14.55,36.07,175.2,34.37,64.89,1006.0,3.78,47.53,0
2018-06-17 06:00:00,1.19,8.94,63.06,137.25,34.79,84.41,1007.15,6.05,68.54,0
2018-06-17 07:00:00,10.22,14.98,37.25,136.58,40.25,71.47,1007.11,5.5,71.29,1
2018-06-17 08:00:00,0.92,4.6,48.89,214.1,27.17,55.41,1008.13,16.34,36.68,0
2018-06-17 09:00:00,1.61,6.8,104.58,153.77,21.62,78.66,1000.76,7.58,72.45,1
2018-06-17 10:00:00,10.8,37.59,90.07,166.82,26.68,77.19,1016.86,16.18,67.77,0
2018-06-17 11:00:00,8.26,43.31,122.36,229.84,22.63,93.38,1001.07,9.36,100.0,1
2018-06-17 12:00:00,2.22,23.58,31.38,114.35,32.52,54.93,1023.32,9.16,15.7,0
2018-06-17 13:00:00,7.41,23.25,33.12,102.48,32.1,48.5,1016.01,7.24,54.81,0
2018-06-17 14:00:00,6.16,8.54,44.65,109.34,32.2,63.4,1025.17,9.66,10.71,0
2018-06-17 15:00:00,4.07,15.96,68.15,163.51,39.45,65.32,1007.07,9.0,63.55,0
2018-06-17 16:00:00,3.03,10.41,53.8,96.52,28.04,62.47,1009.14,28.67,33.75,0
2018-06-17 17:00:00,7.15,14.53,30.84,72.06,24.43,63.92,1018.88,0.67,32.28,0
2018-06-17 18:00:00,1.05,15.4,65.0,249.02,27.72,38.64,1005.87,2.18,48.82,0
2018-06-17 19:00:00,7.07,28.32,66.52,84.27,22.63,55.68,1014.92,15.66,59.86,0
2018-06-17 20:00:00,5.62,18.88,41.03,85.79,24.17,63.64,1011.24,10.61,44.8,0
2018-06-17 21:00:00,6.02,59.01,134.71,249.18,28.04,78.43,1013.22,3.24,100.0,0
2018-06-17 22:00:00,1.52,16.99,68.89,209.21,30.69,87.44,1017.65,21.04,38.97,0
2018-06-17 23:00:00,14.55,16.53,85.11,114.17,23.39,70.44,1007.55,6.38,67.57,0
2018-06-18 00:00:00,2.23,43.76,80.03,229.36,20.75,55.86,1006.47,6.49,67.21,0
2018-06-18 01:00:00,2.68,15.37,62.8,424.11,31.89,59.37,1004.48,11.77,48.83,0
2018-06-18 02:00:00,3.91,38.8,81.77,252.46,23.15,79.65,1002.94,40.04,65.77,0
2018-06-18 03:00:00,8.24,11.82,18.67,90.27,28.79,55.83,1009.78,8.7,26.28,0
2018-06-18 04:00:00,5.85,12.24,44.76,116.33,34.26,42.72,1011.59,3.11,67.69,0
2018-06-18 05:00:00,0.51,5.62,46.78,135.86,32.43,70.09,1008.7,8.28,57.24,1
2018-06-18 06:00:00,4.61,30.91,91.85,130.66,31.23,83.0,1011.3,10.92,78.57,0
2018-06-18 07:00:00,5.01,36.06,52.51,108.93,33.96,63.38,1015.0,6.2,82.38,0
2018-06-18 08:00:00,14.84,34.15,68.39,137.87,29.28,61.83,1008.01,4.64,54.82,0
2018-06-18 09:00:00,3.34,19.74,92.46,214.74,21.89,80.15,1007.71,12.8,82.3,0
2018-06-18 10:00:00,7.6,9.81,36.74,153.53,41.51,41.69,1017.92,3.96,29.92,0
2018-06-18 11:00:00,12.8,19.81,28.11,64.29,30.41,67.63,1014.06,25.56,34.62,0
2018-06-18 12:00:00,1.41,9.36,60.88,127.07,30.59,66.37,1010.15,15.31,48.48,0
2018-06-18 13:00:00,9.25,12.13,48.47,79.08,28.94,72.57,1008.16,29.69,47.6,0
2018-06-18 14:00:00,7.1,19.3,25.5,180.79,18.62,48.28,1016.69,4.17,45.13,0
2018-06-18 15:00:00,3.22,22.89,51.72,115.39,23.18,63.73,1010.01,16.02,47.87,0
2018-06-18 16:00:00,9.34,33.68,66.98,160.29,36.99,76.79,1001.18,11.61,61.76,0
2018-06-18 17:00:00,1.38,22.07,49.11,124.25,17.39,69.33,1001.24,2.78,37.27,0
2018-06-18 18:00:00,2.29,12.63,47.55,161.88,27.33,38.62,1007.47,16.19,28.8,0
2018-06-18 19:00:00,3.95,12.41,49.98,85.43,29.46,72.53,1006.31,4.8,44.64,0
2018-06-18 20:00:00,3.06,13.93,53.37,75.97,26.05,75.27,1011.49,7.69,37.88,0
2018-06-18 21:00:00,8.47,20.4,50.64,76.86,39.11,68.34,1002.01,9.4,62.89,0
2018-06-18 22:00:00,4.48,9.38,64.47,100.54,19.52,67.32,1011.07,4.34,59.65,0
2018-06-18 23:00:00,2.72,11.58,65.31,96.85,23.98,76.82,1005.9,7.84,51.06,0
2018-06-19 00:00:00,12.62,20.19,40.51,86.67,29.76,63.54,1016.82,9.06,44.56,0
2018-06-19 01:00:00,8.19,46.35,130.23,181.63,30.17,60.67,1004.7,0.98,91.18,1
2018-06-19 02:00:00,0.68,26.53,45.48,63.83,28.54,55.84,1015.88,10.67,26.96,0
2018-06-19 03:00:00,2.74,22.27,61.63,136.97,29.47,81.57,1010.5,28.51,50.07,0
2018-06-19 04:00:00,0.85,6.6,48.17,146.21,24.48,61.31,1008.9,19.4,44.03,0
2018-06-19 05:00:00,10.97,33.43,45.55,78.42,26.12,65.53,1005.03,17.98,56.66,0
2018-06-19 06:00:00,2.42,9.23,18.92,99.08,22.21,41.71,1008.31,3.03,6.59,0
2018-06-19 07:00:00,7.6,30.23,52.03,91.4,30.18,69.78,1018.04,8.88,42.07,0
2018-06-19 08:00:00,9.13,19.74,69.8,215.85,18.62,73.6,1010.06,3.26,74.78,1
2018-06-19 09:00:00,2.55,31.61,34.03,128.22,20.47,83.99,1007.49,2.46,33.45,0
2018-06-19 10:00:00,3.76,7.2,32.13,194.33,32.81,68.85,1013.41,2.78,50.6,0
2018-06-19 11:00:00,6.1,27.96,39.33,225.83,24.74,71.75,1009.2,13.55,48.16,0
2018-06-19 12:00:00,10.45,41.28,100.66,115.04,41.25,54.93,1005.9,16.18,87.27,0
2018-06-19 13:00:00,26.41,37.49,61.81,136.75,25.44,60.55,1008.69,10.06,50.15,0
2018-06-19 14:00:00,18.12,28.57,70.65,224.95,25.47,88.89,1015.3,14.75,37.08,0
2018-06-19 15:00:00,4.43,17.55,48.34,181.1,35.24,72.75,1011.1,2.49,44.13,1
2018-06-19 16:00:00,4.38,23.74,78.1,122.95,33.38,73.9,1013.73,3.9,70.55,0
2018-06-19 17:00:00,16.63,24.79,48.14,102.0,26.92,81.97,1009.11,11.09,63.42,1
2018-06-19 18:00:00,4.68,11.81,31.08,103.13,27.49,52.21,1008.78,13.85,24.01,0
2018-06-19 19:00:00,2.49,44.56,55.79,221.94,33.52,68.91,1018.34,10.99,45.76,0
2018-06-19 20:00:00,11.13,21.16,59.2,191.86,29.11,70.59,1005.56,1.77,46.86,0
2018-06-19 21:00:00,6.38,18.9,69.13,247.55,26.16,66.16,1008.96,17.64,82.83,0
2018-06-19 22:00:00,0.67,9.75,23.64,171.21,26.98,45.08,1017.73,4.0,31.0,0
2018-06-19 23:00:00,3.37,23.88,53.63,128.82,38.85,79.65,1008.79,2.39,53.97,0
2018-06-20 00:00:00,0.9,8.46,91.4,325.24,26.28,72.44,1019.05,11.39,73.26,0
2018-06-20 01:00:00,0.03,11.76,36.85,64.84,26.27,66.12,1007.23,22.69,6.94,0
2018-06-20 02:00:00,20.16,47.06,59.78,126.41,27.77,58.93,1014.07,14.81,57.16,1
2018-06-20 03:00:00,5.3,29.77,54.13,123.37,28.33,57.55,1019.63,8.81,47.67,0
2018-06-20 04:00:00,3.51,13.39,36.72,180.75,23.92,58.31,1012.65,4.43,24.34,0
2018-06-20 05:00:00,2.72,16.11,69.39,124.73,36.78,65.22,1012.6,19.83,90.37,0
2018-06-20 06:00:00,4.77,10.79,45.95,252.99,25.99,74.49,1015.52,1.1,67.59,0
2018-06-20 07:00:00,2.68,16.05,22.28,131.08,30.77,62.88,999.43,16.39,36.89,0
2018-06-20 08:00:00,1.45,48.88,112.01,172.75,37.05,65.28,1016.22,8.06,83.92,0
2018-06-20 09:00:00,2.87,26.17,42.77,78.06,26.19,47.69,1013.21,3.38,66.33,0
2018-06-20 10:00:00,15.33,21.3,33.18,45.11,30.24,70.37,1012.14,11.7,55.15,0
2018-06-20 11:00:00,10.91,13.85,44.62,58.08,21.3,73.49,1012.22,6.05,40.1,0
2018-06-20 12:00:00,2.87,8.98,28.27,96.24,23.79,57.04,1001.78,4.93,37.64,1
2018-06-20 13:00:00,21.79,26.06,82.6,366.06,28.84,63.59,1014.63,4.43,75.21,0
2018-06-20 14:00:00,4.38,16.18,52.98,159.27,25.89,65.08,1013.02,13.34,38.99,0
2018-06-20 15:00:00,1.91,30.43,54.87,179.39,32.23,65.47,1006.3,3.99,88.4,0
2018-06-20 16:00:00,6.65,18.57,35.29,78.79,25.27,64.16,1013.82,30.62,51.94,0
2018-06-20 17:00:00,17.34,24.99,110.32,155.16,26.67,85.56,1011.87,12.87,74.0,0
2018-06-20 18:00:00,14.74,24.8,96.59,113.06,24.67,82.28,1006.85,6.56,100.0,0
2018-06-20 19:00:00,2.03,21.06,50.98,200.08,34.22,72.86,1017.6,5.04,40.81,0
2018-06-20 20:00:00,1.08,16.03,21.63,32.82,27.02,48.74,1011.62,8.58,47.67,1
2018-06-20 21:00:00,3.17,9.42,33.61,117.73,24.55,66.33,1010.43,12.65,31.37,1
2018-06-20 22:00:00,7.72,31.12,83.54,156.36,23.32,73.4,1013.43,8.91,59.15,0
2018-06-20 23:00:00,9.7,14.87,29.51,105.77,22.11,47.52,1007.62,17.84,42.96,0
2018-06-21 00:00:00,13.06,27.24,117.12,284.13,31.89,72.35,1006.57,8.85,86.55,1
2018-06-21 01:00:00,5.59,14.54,96.69,177.3,27.65,77.37,1003.88,15.45,74.12,0
2018-06-21 02:00:00,5.77,16.89,36.78,78.63,44.27,47.47,1010.84,14.08,43.96,0
2018-06-21 03:00:00,5.39,10.78,26.72,159.98,25.09,53.88,1010.41,6.36,48.88,0
2018-06-21 04:00:00,11.68,25.19,83.53,228.86,19.55,70.97,1010.73,8.44,84.97,0
2018-06-21 05:00:00,9.85,14.7,59.21,103.99,26.91,61.45,1016.02,15.27,100.0,1
2018-06-21 06:00:00,1.94,10.36,36.27,74.95,40.52,72.34,1015.13,1.95,57.73,0
2018-06-21 07:00:00,8.82,19.41,80.65,136.01,30.0,76.91,1010.82,12.15,60.87,0
2018-06-21 08:00:00,11.05,17.4,28.34,79.43,27.62,47.04,1018.45,10.07,26.05,0
2018-06-21 09:00:00,11.81,43.87,72.47,180.12,25.14,59.43,1007.35,1.39,73.54,0
2018-06-21 10:00:00,6.39,14.79,87.22,145.59,26.27,82.12,1012.42,0.41,64.56,0
2018-06-21 11:00:00,6.07,16.08,66.18,152.03,34.63,72.62,1015.26,1.27,44.99,0
2018-06-21 12:00:00,4.57,17.71,75.69,353.05,23.43,39.79,1019.81,6.46,42.76,0
2018-06-21 13:00:00,5.06,8.69,149.22,217.32,28.19,96.12,1008.51,6.51,99.14,1
2018-06-21 14:00:00,19.22,21.53,62.68,115.74,28.83,66.43,1008.87,7.49,31.95,1
2018-06-21 15:00:00,5.23,15.83,57.65,231.15,28.08,65.0,1011.06,10.15,61.52,0
2018-06-21 16:00:00,2.14,4.9,16.57,306.54,26.32,49.13,1012.75,1.45,11.05,0
2018-06-21 17:00:00,6.52,23.08,47.24,230.14,20.04,76.13,1007.98,11.76,59.05,0
2018-06-21 18:00:00,9.53,26.68,74.82,146.45,29.2,73.67,1010.48,16.84,81.61,0
2018-06-21 19:00:00,11.4,27.96,74.16,205.17,26.51,66.99,1019.27,8.61,58.25,0
2018-06-21 20:00:00,1.42,23.57,83.65,281.54,34.79,42.65,1001.68,8.61,36.39,0
2018-06-21 21:00:00,16.19,26.75,60.26,112.3,27.08,60.97,998.78,9.18,80.72,1
2018-06-21 22:00:00,9.22,41.91,75.02,163.06,27.72,57.61,1002.79,20.45,61.98,0
2018-06-21 23:00:00,15.45,30.83,59.58,107.13,28.87,61.81,1006.25,8.61,65.53,0
2018-06-22 00:00:00,0.8,31.72,37.9,69.58,30.62,52.97,1005.71,7.83,21.93,0
2018-06-22 01:00:00,12.19,33.63,45.98,163.55,18.11,71.28,1007.35,6.33,68.77,0
2018-06-22 02:00:00,1.33,12.19,40.18,106.53,29.72,77.72,1006.43,3.91,9.41,0
2018-06-22 03:00:00,3.59,18.88,85.18,122.51,18.68,69.6,1012.27,5.6,44.31,0
2018-06-22 04:00:00,9.49,28.41,63.17,100.61,25.97,54.8,1006.07,6.7,75.5,0
2018-06-22 05:00:00,1.16,3.31,32.63,175.32,31.53,57.3,1006.09,10.69,21.17,1
2018-06-22 06:00:00,2.66,6.34,37.49,155.31,39.38,57.34,1001.91,9.46,54.19,0
2018-06-22 07:00:00,0.78,37.78,64.82,187.26,22.54,82.42,1015.71,2.88,65.0,0
2018-06-22 08:00:00,9.27,28.07,54.81,106.85,23.43,65.29,1017.78,3.49,61.72,0
2018-06-22 09:00:00,1.9,28.25,46.06,214.75,18.74,77.8,1012.66,6.7,64.23,1
2018-06-22 10:00:00,4.91,15.36,53.12,203.98,24.02,50.4,1011.78,9.89,33.25,0
2018-06-22 11:00:00,7.11,38.44,105.22,280.58,40.6,73.97,1012.61,6.35,100.0,0
2018-06-22 12:00:00,6.45,17.41,50.29,81.79,19.26,53.65,1015.31,21.29,45.98,0
2018-06-22 13:00:00,5.91,24.6,65.02,168.39,10.9,65.45,1004.95,2.47,67.48,0
2018-06-22 14:00:00,5.9,40.26,75.05,178.15,32.85,73.53,1009.13,5.56,89.12,0
2018-06-22 15:00:00,0.86,21.27,67.47,114.92,32.72,52.08,1015.54,2.25,59.22,0
2018-06-22 16:00:00,3.8,9.02,37.53,109.64,28.27,56.29,1008.97,6.14,79.27,0
2018-06-22 17:00:00,5.85,17.44,23.27,117.73,28.71,57.28,1012.97,11.2,2.77,0
2018-06-22 18:00:00,5.26,21.02,37.31,208.41,32.33,63.57,1017.75,14.54,68.58,0
2018-06-22 19:00:00,4.28,23.89,53.84,139.57,32.44,49.19,1023.08,0.84,43.04,0
2018-06-22 20:00:00,2.23,31.07,125.09,237.24,22.38,81.61,1013.55,3.81,70.89,0
2018-06-22 21:00:00,6.32,26.05,43.65,67.43,21.12,67.3,1005.13,29.72,86.92,1
2018-06-22 22:00:00,7.45,19.46,40.66,100.56,22.47,72.26,1008.1,4.77,23.43,0
2018-06-22 23:00:00,3.07,13.16,33.44,98.09,23.76,45.09,1017.89,5.64,23.82,0
2018-06-23 00:00:00,11.47,22.0,29.13,186.27,31.99,57.04,1008.25,15.47,51.57,0
2018-06-23 01:00:00,16.46,24.99,55.49,81.51,33.8,64.8,1015.41,8.6,64.73,0
2018-06-23 02:00:00,5.01,13.2,18.11,177.59,26.12,60.14,1020.98,3.01,26.78,0
2018-06-23 03:00:00,1.99,27.96,66.19,97.16,29.55,67.6,1016.02,3.52,37.92,0
2018-06-23 04:00:00,1.14,15.28,62.22,111.49,27.49,60.62,1019.79,0.72,50.2,0
2018-06-23 05:00:00,3.54,12.21,16.43,115.98,23.41,58.94,1006.73,5.24,24.43,0
2018-06-23 06:00:00,4.65,17.52,158.02,227.56,23.16,100.0,997.77,5.82,89.72,1
2018-06-23 07:00:00,1.06,10.22,19.26,81.02,28.36,64.14,1008.39,11.32,22.53,0
2018-06-23 08:00:00,3.42,5.89,19.76,77.03,32.16,43.08,1012.33,5.39,50.14,0
2018-06-23 09:00:00,10.97,30.87,141.54,235.63,30.25,95.67,1003.48,12.23,100.0,1
2018-06-23 10:00:00,5.32,32.43,40.8,135.11,26.89,78.91,1007.68,2.21,54.54,0
2018-06-23 11:00:00,2.64,26.53,60.15,113.06,35.67,74.1,1010.18,5.65,46.16,0
2018-06-23 12:00:00,4.8,27.68,69.59,127.59,36.6,80.47,1008.25,11.55,43.96,0
2018-06-23 13:00:00,17.17,22.07,47.44,119.54,19.7,86.91,1015.51,13.69,71.38,0
2018-06-23 14:00:00,4.58,35.8,61.15,143.43,21.47,68.86,1010.93,15.22,43.5,0
2018-06-23 15:00:00,3.94,11.82,53.26,63.4,20.03,75.18,1008.17,6.95,31.04,0
2018-06-23 16:00:00,8.76,12.93,82.78,128.42,32.96,85.12,1014.87,5.46,70.69,0
2018-06-23 17:00:00,6.4,7.62,41.19,91.99,26.45,54.73,1025.85,1.55,42.39,0
2018-06-23 18:00:00,5.34,20.84,119.09,188.92,28.32,91.51,1011.13,2.43,75.38,0
2018-06-23 19:00:00,6.62,38.37,46.79,139.91,31.32,65.43,1008.68,20.81,29.48,0
2018-06-23 20:00:00,13.56,42.34,138.66,186.62,27.94,89.64,999.84,4.21,79.21,1
2018-06-23 21:00:00,10.38,23.59,46.97,113.71,24.46,72.66,1009.98,19.93,51.52,0
2018-06-23 22:00:00,3.66,29.08,124.75,141.32,21.96,70.72,1002.64,4.13,75.54,0
2018-06-23 23:00:00,16.45,64.98,113.92,290.06,26.7,89.14,1011.51,7.43,100.0,1
2018-06-24 00:00:00,2.82,12.46,26.87,54.99,32.4,55.5,1020.42,11.45,48.93,0
2018-06-24 01:00:00,5.32,23.51,62.0,286.09,18.7,68.94,1006.5,3.16,57.2,0
2018-06-24 02:00:00,5.92,38.1,43.72,132.47,25.32,71.2,1008.52,23.58,45.55,0
2018-06-24 03:00:00,3.48,7.79,26.09,157.55,17.36,65.42,1015.64,12.46,57.29,0
2018-06-24 04:00:00,15.05,19.74,45.26,119.57,33.07,57.48,1007.74,7.08,66.38,0
2018-06-24 05:00:00,3.3,38.99,69.69,164.74,18.84,54.73,1001.77,4.67,79.6,0
2018-06-24 06:00:00,4.22,30.14,101.46,195.79,19.16,65.01,1015.37,8.94,92.42,0
2018-06-24 07:00:00,11.69,18.97,39.9,179.47,32.59,69.41,1004.57,14.4,37.95,0
2018-06-24 08:00:00,2.94,8.35,24.41,127.35,24.45,64.76,1011.64,4.5,63.94,0
2018-06-24 09:00:00,0.99,5.81,21.1,47.02,18.01,56.83,1011.5,12.56,33.52,0
2018-06-24 10:00:00,5.47,20.6,57.45,77.73,30.91,63.03,1008.77,25.88,52.69,0
2018-06-24 11:00:00,1.47,8.87,62.99,99.36,28.62,63.24,1013.74,4.07,49.09,0
2018-06-24 12:00:00,1.26,8.8,27.76,102.81,38.67,49.09,1004.3,7.32,25.3,0
2018-06-24 13:00:00,0.18,5.02,42.06,185.38,21.26,71.73,1013.21,18.43,45.46,0
2018-06-24 14:00:00,0.24,13.79,35.72,83.32,22.54,50.37,1007.38,7.3,28.84,0
2018-06-24 15:00:00,0.28,4.59,11.13,36.99,23.9,58.24,1012.76,22.08,18.71,0
2018-06-24 16:00:00,18.2,38.36,128.2,162.84,33.39,90.8,1004.27,5.53,100.0,0
2018-06-24 17:00:00,0.28,29.68,121.63,354.49,17.1,76.53,1009.21,14.56,96.38,1
2018-06-24 18:00:00,1.42,17.05,53.35,189.22,25.97,80.43,1015.18,2.61,58.03,0
2018-06-24 19:00:00,4.3,30.12,37.93,72.14,29.31,51.15,1010.74,12.05,19.25,0
2018-06-24 20:00:00,8.42,20.0,29.85,90.49,34.39,47.09,1010.24,9.6,72.83,0
2018-06-24 21:00:00,9.19,15.75,50.42,131.23,23.1,41.06,1007.14,3.73,37.23,0
2018-06-24 22:00:00,2.0,11.71,45.55,148.14,29.41,70.75,1011.79,9.59,43.37,0
2018-06-24 23:00:00,5.23,8.15,13.91,348.39,24.35,37.79,1017.36,2.49,29.22,0
2018-06-25 00:00:00,4.17,12.05,32.43,107.68,21.03,76.74,1011.36,9.35,43.2,0
2018-06-25 01:00:00,4.94,16.09,44.91,87.19,27.18,80.42,1018.29,13.77,46.66,0
2018-06-25 02:00:00,5.61,18.72,91.38,272.11,26.25,74.12,1008.4,9.97,63.65,0
2018-06-25 03:00:00,7.09,33.47,76.99,327.44,30.57,60.77,1019.79,5.22,50.51,0
2018-06-25 04:00:00,2.58,35.57,57.36,126.16,38.64,46.76,1001.09,5.43,44.2,1
2018-06-25 05:00:00,3.33,18.49,95.33,202.03,30.21,76.15,1006.84,18.95,33.28,1
2018-06-25 06:00:00,25.54,30.75,117.66,191.78,27.77,76.01,1004.66,4.1,100.0,1
2018-06-25 07:00:00,2.77,7.93,60.81,169.08,30.8,68.28,1010.28,12.83,91.16,0
2018-06-25 08:00:00,5.32,13.32,21.03,148.24,23.7,64.14,1015.14,3.83,59.47,0
2018-06-25 09:00:00,4.21,11.1,37.56,131.16,32.11,50.82,1024.5,2.53,53.56,0
2018-06-25 10:00:00,5.12,20.54,41.1,208.04,24.13,60.22,1012.04,1.8,54.16,0
2018-06-25 11:00:00,11.95,17.42,35.68,128.06,29.54,62.93,1015.99,4.17,44.83,0
2018-06-25 12:00:00,3.97,37.51,116.41,157.58,26.52,98.75,1004.84,5.95,88.54,1
2018-06-25 13:00:00,1.19,24.76,109.15,267.21,26.27,82.49,1007.62,10.91,75.94,0
2018-06-25 14:00:00,2.53,29.58,50.94,217.11,36.5,65.66,1014.61,10.16,39.74,0
2018-06-25 15:00:00,3.98,11.67,36.86,48.82,22.81,51.51,1004.12,6.94,8.07,0
2018-06-25 16:00:00,5.78,11.25,20.78,286.16,30.39,71.53,1006.55,4.43,32.06,0
2018-06-25 17:00:00,2.01,9.33,82.25,120.4,25.36,86.73,1010.52,3.55,63.2,1
2018-06-25 18:00:00,2.28,16.14,77.56,146.6,32.67,53.9,1009.46,2.48,65.07,0
2018-06-25 19:00:00,5.98,18.74,35.76,95.49,20.47,42.97,1012.83,6.69,48.07,0
2018-06-25 20:00:00,6.17,37.44,56.22,101.47,25.88,65.73,1002.62,5.11,54.85,0
2018-06-25 21:00:00,10.58,45.77,87.35,186.05,22.66,68.81,1008.24,18.96,71.41,0
2018-06-25 22:00:00,2.49,16.92,57.95,87.51,36.38,79.62,1009.69,13.04,42.98,0
2018-06-25 23:00:00,7.73,11.41,42.61,127.01,34.82,51.37,1012.47,21.56,44.73,0
2018-06-26 00:00:00,4.22,14.45,72.62,205.87,23.84,58.63,1014.69,2.07,65.05,0
2018-06-26 01:00:00,2.92,66.39,112.35,189.41,21.4,59.94,1009.29,8.49,72.91,1
2018-06-26 02:00:00,4.36,8.25,45.63,227.4,25.28,53.2,1005.91,19.47,40.88,1
2018-06-26 03:00:00,4.98,20.86,41.46,70.34,32.18,64.09,1013.17,15.24,15.15,0
2018-06-26 04:00:00,1.02,8.3,55.19,113.86,29.36,49.71,1002.31,6.17,81.28,0
2018-06-26 05:00:00,1.14,46.34,83.6,125.26,25.66,100.0,1010.56,5.6,47.32,1
2018-06-26 06:00:00,8.68,25.61,47.56,173.3,34.06,38.36,1013.75,14.18,57.74,0
2018-06-26 07:00:00,3.24,10.59,34.01,114.36,29.75,55.66,1011.49,5.84,48.8,0
2018-06-26 08:00:00,5.82,14.87,31.85,93.31,23.16,63.04,1015.16,13.23,25.63,0
2018-06-26 09:00:00,8.46,10.44,45.32,180.94,16.45,75.97,1004.8,19.8,59.49,0
2018-06-26 10:00:00,4.38,20.09,73.3,282.93,39.22,58.02,1021.77,27.51,68.12,1
2018-06-26 11:00:00,7.85,23.91,35.83,142.32,26.32,42.99,1007.13,23.42,22.12,0
2018-06-26 12:00:00,5.01,8.85,31.46,181.08,14.83,50.38,998.87,20.15,31.64,0
2018-06-26 13:00:00,5.24,25.22,80.57,90.53,29.59,87.84,1003.78,10.12,57.85,0
2018-06-26 14:00:00,12.76,47.63,73.24,182.5,18.73,47.75,1025.1,5.38,68.55,0
2018-06-26 15:00:00,3.92,8.62,40.45,343.57,34.99,72.72,1017.03,10.09,52.16,0
2018-06-26 16:00:00,8.77,28.42,43.03,151.64,34.66,65.6,1005.16,4.33,35.26,0
2018-06-26 17:00:00,0.77,20.77,34.23,145.64,26.68,65.16,1017.67,3.63,47.08,0
2018-06-26 18:00:00,5.62,20.11,42.0,140.41,21.87,74.55,1017.92,18.76,39.68,0
2018-06-26 19:00:00,15.46,30.68,57.66,128.73,30.64,57.91,1003.72,10.6,55.83,0
2018-06-26 20:00:00,26.94,35.71,76.35,139.55,34.64,78.52,1016.43,5.72,70.37,0
2018-06-26 21:00:00,0.83,2.72,81.31,156.9,27.41,71.21,1008.09,6.07,75.93,0
2018-06-26 22:00:00,3.22,19.87,33.19,137.91,25.9,47.82,1015.33,20.13,31.33,0
2018-06-26 23:00:00,1.51,24.83,33.21,70.57,23.86,60.04,1016.64,9.81,16.2,0
2018-06-27 00:00:00,4.08,9.89,17.43,92.51,26.07,57.7,1017.08,5.95,27.29,0
2018-06-27 01:00:00,10.02,17.43,51.83,199.35,27.12,39.82,1010.18,4.84,49.99,0
2018-06-27 02:00:00,13.14,19.81,60.75,136.58,25.26,56.12,1006.76,8.19,23.49,0
2018-06-27 03:00:00,13.48,31.03,49.16,111.06,22.65,68.72,1013.91,22.1,42.37,0
2018-06-27 04:00:00,0.72,16.52,49.31,153.53,37.08,65.34,1015.38,3.54,37.02,0
2018-06-27 05:00:00,4.88,11.03,69.96,91.62,26.66,78.1,1012.88,16.99,48.1,0
2018-06-27 06:00:00,2.44,14.94,40.32,110.9,25.07,75.12,1011.27,33.07,28.56,0
2018-06-27 07:00:00,3.85,16.68,40.4,75.51,29.07,53.34,1014.95,11.01,50.61,0
2018-06-27 08:00:00,2.85,19.71,31.18,121.45,29.31,53.23,1003.76,1.17,17.95,0
2018-06-27 09:00:00,0.78,10.34,49.72,105.26,27.65,48.2,1014.92,4.34,55.75,0
2018-06-27 10:00:00,13.24,41.17,58.0,164.06,21.73,70.54,1009.94,2.98,66.74,0
2018-06-27 11:00:00,2.03,19.06,65.3,136.96,27.95,61.28,1016.27,11.54,75.64,0
2018-06-27 12:00:00,2.49,30.08,54.96,170.43,28.8,76.56,1011.88,4.76,53.47,0
2018-06-27 13:00:00,15.54,32.25,59.15,143.46,29.77,76.02,1013.94,3.61,71.54,0
2018-06-27 14:00:00,0.58,18.36,24.29,57.38,29.45,64.29,1015.07,37.11,28.43,0
2018-06-27 15:00:00,7.0,10.15,70.22,105.91,29.02,63.23,1008.68,6.84,58.07,1
2018-06-27 16:00:00,11.22,27.01,78.56,105.85,22.1,80.06,1006.5,7.4,75.98,0
2018-06-27 17:00:00,14.57,26.85,43.29,139.83,41.97,62.77,1016.16,12.26,45.27,0
2018-06-27 18:00:00,6.57,36.15,82.89,143.12,30.49,72.32,1011.72,16.73,55.06,0
2018-06-27 19:00:00,8.9,35.68,48.69,111.2,32.17,44.42,1012.68,4.58,30.07,0
2018-06-27 20:00:00,11.22,42.91,90.19,226.67,31.36,75.02,1014.45,14.51,81.15,0
2018-06-27 21:00:00,4.15,11.72,53.11,204.43,27.34,64.99,1014.24,30.63,51.39,0
2018-06-27 22:00:00,1.7,14.69,89.71,174.78,22.5,69.99,1016.66,12.05,69.51,0
2018-06-27 23:00:00,16.48,50.21,90.84,123.76,26.79,65.48,1008.07,14.61,78.0,1
2018-06-28 00:00:00,8.1,15.5,30.81,117.45,22.73,45.1,1014.59,16.11,21.53,0
2018-06-28 01:00:00,4.87,34.59,67.52,230.81,19.63,66.55,1017.32,3.96,63.15,1
2018-06-28 02:00:00,0.84,28.37,52.81,98.65,39.47,42.83,1008.06,1.25,47.91,0
2018-06-28 03:00:00,6.88,19.54,91.81,229.5,32.47,69.19,1004.95,9.75,54.42,0
2018-06-28 04:00:00,0.08,39.6,48.51,202.59,28.55,58.05,1010.81,2.55,39.31,0
2018-06-28 05:00:00,4.82,33.16,65.19,235.01,28.36,79.83,1010.9,18.42,75.5,0
2018-06-28 06:00:00,2.15,6.5,21.26,112.55,31.34,77.52,1013.4,12.51,22.98,0
2018-06-28 07:00:00,2.84,38.37,122.69,228.27,27.29,61.84,1012.66,3.96,91.2,0
2018-06-28 08:00:00,13.6,26.29,60.74,109.38,24.57,73.75,1013.53,3.4,65.73,1
2018-06-28 09:00:00,2.17,19.7,62.95,115.87,35.44,59.64,1023.86,6.89,46.98,0
2018-06-28 10:00:00,5.06,22.65,47.32,118.63,22.9,58.73,1017.73,12.11,77.7,0
2018-06-28 11:00:00,2.19,22.9,70.74,83.26,34.45,62.77,1007.49,3.19,72.63,0
2018-06-28 12:00:00,6.31,40.53,55.87,83.89,28.07,78.01,1015.53,12.96,43.79,0
2018-06-28 13:00:00,5.51,22.86,39.01,144.22,29.32,60.83,1011.45,21.06,43.09,0
2018-06-28 14:00:00,4.83,16.85,88.52,247.05,25.99,75.12,1013.13,9.52,0.0,0
2018-06-28 15:00:00,11.25,17.23,139.65,193.21,21.59,63.39,1009.73,10.34,100.0,1
2018-06-28 16:00:00,0.58,9.72,16.3,40.53,23.86,46.44,1003.61,13.68,66.52,0
2018-06-28 17:00:00,0.34,27.38,47.06,142.7,29.56,57.89,1007.8,4.93,47.94,0
2018-06-28 18:00:00,1.09,32.15,90.64,148.87,23.11,71.29,1010.59,3.43,62.23,0
2018-06-28 19:00:00,5.54,15.54,56.86,123.58,23.19,71.92,1014.79,9.38,57.45,0
2018-06-28 20:00:00,7.32,30.91,47.93,116.87,31.86,57.74,1005.81,10.84,20.31,0
2018-06-28 21:00:00,7.24,15.75,39.41,87.07,30.13,76.07,1018.56,0.48,60.66,0
2018-06-28 22:00:00,3.31,5.72,23.82,62.23,20.74,56.51,1016.67,7.87,30.35,0
2018-06-28 23:00:00,16.82,20.54,65.88,290.03,34.39,59.92,1005.79,6.15,44.35,0
2018-06-29 00:00:00,6.77,35.5,52.47,183.77,34.87,73.03,1011.14,5.99,38.95,1
2018-06-29 01:00:00,15.29,17.85,41.78,164.49,26.47,69.57,1016.06,5.58,48.77,0
2018-06-29 02:00:00,13.05,35.25,86.1,91.5,18.48,52.49,1015.94,9.15,80.43,0
2018-06-29 03:00:00,3.31,19.7,56.78,91.83,20.18,81.04,1004.25,3.52,50.45,0
2018-06-29 04:00:00,10.06,39.99,103.52,220.62,24.79,68.15,1006.13,4.45,87.33,1
2018-06-29 05:00:00,3.3,18.4,34.94,58.9,34.46,59.07,1016.96,14.89,46.13,0
2018-06-29 06:00:00,18.5,37.73,60.98,137.7,28.74,57.12,1005.19,0.49,35.11,0
2018-06-29 07:00:00,3.65,19.74,34.8,113.53,21.2,56.9,1014.79,9.95,50.8,0
2018-06-29 08:00:00,7.64,25.32,46.06,101.51,35.96,46.06,1011.36,5.53,51.32,0
2018-06-29 09:00:00,21.26,34.6,44.6,142.61,27.67,65.9,1010.41,17.08,41.78,0
2018-06-29 10:00:00,7.94,27.44,30.57,79.84,32.36,54.06,1000.21,14.93,54.3,1
2018-06-29 11:00:00,2.94,13.86,22.55,71.83,26.19,55.83,1017.54,20.8,31.53,0
2018-06-29 12:00:00,0.92,26.68,79.02,111.28,17.37,78.96,1006.55,13.61,73.22,1
2018-06-29 13:00:00,0.59,15.48,24.84,195.44,18.26,63.88,1009.15,10.39,13.52,0
2018-06-29 14:00:00,7.21,31.65,71.78,108.38,23.33,67.72,1012.9,1.79,79.45,0
2018-06-29 15:00:00,4.36,11.88,33.47,86.29,29.63,80.54,1011.86,6.61,61.26,0
2018-06-29 16:00:00,1.12,11.31,35.75,107.83,30.32,49.56,1011.75,16.08,21.26,0
2018-06-29 17:00:00,9.15,12.96,23.31,81.82,38.19,59.69,1011.44,15.72,15.54,0
2018-06-29 18:00:00,9.04,26.96,45.65,217.31,27.84,75.75,1008.62,17.95,47.9,1
2018-06-29 19:00:00,4.28,21.61,56.43,191.95,27.43,80.24,1007.91,9.22,76.11,0
2018-06-29 20:00:00,15.84,24.8,34.32,104.34,22.62,46.21,1014.77,5.63,55.2,1
2018-06-29 21:00:00,0.41,14.25,31.98,101.89,33.0,53.25,1007.16,0.84,37.94,0
2018-06-29 22:00:00,3.07,8.93,40.0,83.08,35.95,73.41,1008.34,13.05,43.22,0
2018-06-29 23:00:00,7.91,35.43,76.24,85.7,24.52,63.89,1010.58,15.43,49.5,1
2018-06-30 00:00:00,1.32,28.23,53.33,76.59,27.31,65.02,1014.25,3.36,59.41,0
2018-06-30 01:00:00,9.95,23.29,109.4,277.22,29.89,69.69,1005.4,4.99,65.36,0
2018-06-30 02:00:00,12.53,24.12,54.19,160.35,23.53,64.48,1007.01,5.59,71.01,0
2018-06-30 03:00:00,0.03,3.13,50.04,99.91,18.2,29.26,1009.79,0.45,53.81,0
2018-06-30 04:00:00,16.27,40.23,75.2,172.05,28.75,64.57,1005.89,6.48,39.99,0
2018-06-30 05:00:00,7.49,14.32,36.29,300.96,31.13,60.81,1011.1,9.9,45.07,0
2018-06-30 06:00:00,2.68,28.06,33.4,147.73,22.84,56.41,1000.6,4.01,38.22,1
2018-06-30 07:00:00,0.68,4.38,55.39,86.66,27.88,66.04,1018.56,3.42,29.73,0
2018-06-30 08:00:00,11.11,16.76,67.38,131.94,39.33,53.82,1010.28,7.65,50.42,0
2018-06-30 09:00:00,1.04,5.67,89.72,189.23,34.04,73.85,1000.89,12.51,81.62,0
2018-06-30 10:00:00,7.47,14.05,36.19,193.43,30.75,78.0,1008.82,3.3,46.71,0
2018-06-30 11:00:00,1.11,57.04,161.98,238.62,25.02,97.07,1007.59,34.32,100.0,1
2018-06-30 12:00:00,4.71,16.89,65.62,131.64,31.45,73.85,1010.05,21.95,53.8,0
2018-06-30 13:00:00,10.69,32.2,96.06,145.32,18.97,74.91,1002.95,9.71,56.24,0
2018-06-30 14:00:00,2.72,8.15,19.13,44.57,27.42,51.31,1018.47,23.31,27.04,0
2018-06-30 15:00:00,16.18,23.74,55.88,177.28,25.1,60.1,1015.27,6.94,57.0,0
2018-06-30 16:00:00,8.07,50.57,126.26,190.29,32.1,86.37,1001.98,13.47,83.99,1
2018-06-30 17:00:00,1.33,13.85,24.64,49.47,15.99,57.98,1013.7,6.42,46.43,1
2018-06-30 18:00:00,0.77,16.15,17.26,61.29,41.78,79.24,1007.72,13.41,14.01,0
2018-06-30 19:00:00,1.87,20.62,41.41,129.02,25.55,44.98,1004.66,4.79,44.37,0
2018-06-30 20:00:00,4.49,43.45,130.24,208.18,36.86,76.35,1003.76,14.12,95.13,1
2018-06-30 21:00:00,17.43,18.4,86.54,196.85,31.98,64.96,1013.55,13.32,82.18,1
2018-06-30 22:00:00,20.11,48.81,78.59,130.93,29.76,76.9,1005.07,22.04,72.3,0
2018-06-30 23:00:00,2.61,35.29,53.28,125.02,29.29,74.48,1012.34,12.52,37.44,0
2018-07-01 00:00:00,2.51,22.63,66.31,86.78,28.4,54.06,1003.38,9.4,71.06,0
2018-07-01 01:00:00,9.31,20.16,88.43,135.43,25.32,57.5,1013.18,6.2,62.11,0
2018-07-01 02:00:00,9.24,26.12,74.84,211.95,30.31,60.73,1008.76,3.52,51.66,0
2018-07-01 03:00:00,14.14,19.22,94.07,179.02,26.88,77.42,1011.64,3.88,67.35,0
2018-07-01 04:00:00,14.45,16.45,91.56,151.19,31.0,75.85,1003.45,9.56,71.12,1
2018-07-01 05:00:00,1.71,17.19,58.19,176.86,30.25,49.16,1021.51,6.61,70.57,0
2018-07-01 06:00:00,0.54,1.0,51.5,143.34,25.79,67.21,1020.67,7.13,55.49,0
2018-07-01 07:00:00,8.18,16.94,51.89,195.06,25.22,65.92,998.28,2.25,65.74,0
2018-07-01 08:00:00,5.83,11.6,17.62,47.71,29.46,57.58,1018.62,4.94,41.3,0
2018-07-01 09:00:00,0.52,11.31,47.1,142.46,30.31,69.36,1012.0,9.47,63.11,0
2018-07-01 10:00:00,7.83,19.32,30.34,113.64,25.28,62.73,1014.23,9.38,34.1,0
2018-07-01 11:00:00,4.09,8.55,18.19,151.8,22.45,59.08,1014.36,5.24,0.0,0
2018-07-01 12:00:00,7.99,27.36,85.81,129.69,29.39,82.11,1014.47,6.76,91.74,0
2018-07-01 13:00:00,1.2,32.55,52.35,154.59,29.94,79.71,1008.1,3.5,55.03,0
2018-07-01 14:00:00,8.52,13.59,39.43,43.6,28.64,58.0,1004.01,6.41,58.87,0
2018-07-01 15:00:00,6.54,11.29,25.13,153.53,27.48,58.89,1008.72,2.9,0.0,0
2018-07-01 16:00:00,9.08,21.95,37.84,147.59,32.37,68.53,1007.64,16.14,62.32,0
2018-07-01 17:00:00,2.83,4.9,33.66,69.04,22.65,59.17,1011.85,2.2,66.33,0
2018-07-01 18:00:00,2.17,15.27,52.78,124.59,23.39,71.46,1011.02,2.12,79.01,0
2018-07-01 19:00:00,0.68,29.35,56.87,87.56,24.85,66.53,1008.39,10.26,33.71,0
2018-07-01 20:00:00,3.39,8.18,51.04,134.4,27.36,71.95,1007.7,14.27,17.77,0
2018-07-01 21:00:00,12.09,49.36,101.91,226.38,24.51,80.05,1012.75,18.59,61.57,0
2018-07-01 22:00:00,14.98,24.54,31.86,150.87,24.62,59.9,1006.52,7.85,38.99,0
2018-07-01 23:00:00,1.05,11.75,56.39,151.33,32.99,74.12,1014.78,6.24,61.05,0
2018-07-02 00:00:00,4.49,12.57,48.32,70.17,27.55,70.82,1011.02,10.12,38.57,0
2018-07-02 01:00:00,17.64,40.91,76.16,180.21,32.41,91.9,1007.5,4.51,73.39,1
2018-07-02 02:00:00,19.57,34.06,45.79,145.9,28.03,44.88,1006.36,10.55,39.86,0
2018-07-02 03:00:00,3.24,13.25,36.1,152.9,24.08,68.16,1018.68,13.85,37.64,0
2018-07-02 04:00:00,13.0,19.77,66.85,107.95,34.09,77.46,1001.93,12.33,55.79,0
2018-07-02 05:00:00,11.21,27.5,37.74,89.67,25.78,84.07,1013.83,6.69,20.68,0
2018-07-02 06:00:00,10.44,43.28,161.17,397.9,29.86,78.86,1006.67,0.95,100.0,1
2018-07-02 07:00:00,0.39,11.13,69.71,99.23,32.04,68.66,1009.23,8.12,57.09,0
2018-07-02 08:00:00,2.43,16.61,31.3,119.18,26.96,56.03,1005.45,5.99,28.74,0
2018-07-02 09:00:00,4.0,7.18,31.42,70.97,26.61,78.43,1008.03,8.94,28.07,0
2018-07-02 10:00:00,3.88,17.93,27.03,92.14,23.69,52.17,1023.66,9.34,38.03,0
2018-07-02 11:00:00,4.44,60.87,120.95,192.13,28.57,71.87,1014.22,9.02,61.34,0
2018-07-02 12:00:00,21.29,25.55,53.38,155.93,23.78,50.06,1016.16,8.84,65.45,1
2018-07-02 13:00:00,3.36,20.68,57.32,135.97,26.47,37.37,1014.54,2.03,72.94,0
2018-07-02 14:00:00,6.82,15.33,46.76,59.92,26.02,63.49,1012.68,17.64,41.35,1
2018-07-02 15:00:00,6.6,9.54,58.83,101.82,24.86,64.57,1018.19,2.34,59.22,0
2018-07-02 16:00:00,4.49,13.98,28.38,89.5,29.44,57.8,1013.13,5.83,46.29,0
2018-07-02 17:00:00,1.16,49.21,187.45,314.62,34.26,94.84,1018.28,13.95,100.0,0
2018-07-02 18:00:00,5.13,22.24,71.56,123.86,32.26,75.57,1016.92,16.94,59.22,0
2018-07-02 19:00:00,0.16,15.93,69.51,144.41,17.29,60.64,1012.41,11.07,72.58,1
2018-07-02 20:00:00,7.47,12.15,50.9,137.13,28.2,64.79,1014.54,7.88,58.11,0
2018-07-02 21:00:00,0.09,27.13,41.27,125.07,40.18,61.26,1011.33,6.39,33.9,0
2018-07-02 22:00:00,6.87,41.27,65.71,141.7,28.48,66.86,1019.49,10.44,42.49,0
2018-07-02 23:00:00,2.27,35.78,57.8,93.5,26.16,80.35,1008.14,5.01,35.83,0
2018-07-03 00:00:00,1.4,27.18,94.28,146.62,35.01,76.1,1013.09,9.22,49.71,0
2018-07-03 01:00:00,9.43,15.65,31.23,153.18,27.84,70.98,1012.62,2.03,32.16,0
2018-07-03 02:00:00,2.95,7.92,40.74,177.66,34.42,60.27,1007.7,10.46,44.97,0
2018-07-03 03:00:00,4.87,6.64,17.39,164.97,27.06,46.76,1014.6,1.15,18.2,0
2018-07-03 04:00:00,0.42,5.9,54.38,101.2,30.27,75.51,997.48,19.88,40.61,0
2018-07-03 05:00:00,15.9,32.58,51.04,108.29,24.48,71.49,1015.77,3.84,31.65,0
2018-07-03 06:00:00,5.36,10.76,62.59,156.97,33.47,61.52,1018.66,19.59,67.22,0
2018-07-03 07:00:00,5.35,33.29,95.82,298.21,27.71,70.43,1007.11,4.39,75.96,1
2018-07-03 08:00:00,7.62,38.59,139.31,419.62,28.7,85.55,1006.42,6.3,100.0,1
2018-07-03 09:00:00,17.21,46.99,75.37,122.13,33.13,72.19,1009.51,16.16,56.22,1
2018-07-03 10:00:00,3.23,5.6,43.99,86.08,30.52,61.66,1016.68,3.73,39.23,0
2018-07-03 11:00:00,16.4,32.19,63.32,88.85,27.05,55.46,1018.53,0.64,55.03,0
2018-07-03 12:00:00,3.1,17.56,41.49,147.37,20.35,81.57,1018.19,31.87,22.11,0
2018-07-03 13:00:00,2.36,31.58,89.03,111.48,27.38,70.95,1015.87,6.5,69.08,0
2018-07-03 14:00:00,7.15,10.19,33.11,131.97,26.02,72.46,1013.82,12.73,33.78,0
2018-07-03 15:00:00,24.71,39.03,88.68,189.24,28.08,46.47,999.9,9.82,48.04,0
2018-07-03 16:00:00,12.99,15.95,18.16,201.78,26.83,45.92,1011.43,14.68,21.97,0
2018-07-03 17:00:00,7.9,34.23,52.6,93.74,34.88,75.5,1015.87,10.37,42.48,0
2018-07-03 18:00:00,7.05,7.89,66.39,79.36,30.94,65.09,1015.3,1.57,44.73,0
2018-07-03 19:00:00,5.08,52.43,84.8,111.97,26.08,80.8,1009.12,7.78,86.93,0
2018-07-03 20:00:00,15.8,35.43,99.6,161.32,31.81,67.02,1000.24,15.17,90.52,1
2018-07-03 21:00:00,9.65,22.48,55.51,96.02,35.91,63.67,1015.55,6.31,47.45,0
2018-07-03 22:00:00,0.65,8.27,63.9,116.86,24.49,58.9,1006.44,9.79,60.57,0
2018-07-03 23:00:00,1.41,31.55,49.62,170.44,26.74,73.71,1006.96,5.84,42.42,0
2018-07-04 00:00:00,8.15,11.27,61.5,116.28,24.27,62.75,1016.07,6.33,52.96,0
2018-07-04 01:00:00,1.09,1.91,46.08,102.95,30.01,71.61,1012.27,3.46,56.29,0
2018-07-04 02:00:00,5.33,24.19,54.1,140.24,39.46,79.82,1015.68,6.98,34.61,0
2018-07-04 03:00:00,10.36,22.47,78.69,125.55,34.5,67.15,1003.41,10.75,56.3,0
2018-07-04 04:00:00,7.2,23.85,86.01,185.82,26.25,69.55,1009.61,6.97,68.25,0
2018-07-04 05:00:00,0.85,15.76,68.56,192.61,31.52,62.18,1002.38,6.89,42.05,1
2018-07-04 06:00:00,1.53,22.37,79.96,122.0,34.78,89.24,1015.38,4.43,68.83,0
2018-07-04 07:00:00,7.41,20.29,64.57,239.7,19.05,65.55,1014.87,3.9,72.8,0
2018-07-04 08:00:00,22.63,32.07,44.9,68.57,22.51,60.73,1006.65,12.74,55.61,0
2018-07-04 09:00:00,4.27,17.49,52.81,81.14,33.12,53.38,1009.99,12.66,60.43,0
2018-07-04 10:00:00,10.68,33.96,64.21,121.5,19.9,61.0,1013.84,11.64,43.56,1
2018-07-04 11:00:00,7.26,31.73,72.91,102.77,28.39,63.71,1005.51,16.44,59.63,0
2018-07-04 12:00:00,2.25,19.46,82.21,168.31,31.99,80.75,1001.53,1.17,80.68,0
2018-07-04 13:00:00,10.78,12.04,66.02,332.33,29.77,63.89,1010.5,7.0,40.31,0
2018-07-04 14:00:00,0.4,16.21,68.22,125.98,27.48,63.69,1014.49,6.14,38.3,0
2018-07-04 15:00:00,10.11,12.67,16.52,71.74,35.57,65.62,1007.46,5.77,29.34,0
2018-07-04 16:00:00,7.68,33.02,63.79,92.12,32.59,66.77,1017.49,4.55,52.45,0
2018-07-04 17:00:00,2.52,25.52,49.46,351.61,40.13,53.04,1013.29,8.18,65.31,0
2018-07-04 18:00:00,1.24,7.16,54.85,228.15,21.84,80.39,1017.57,0.34,66.39,0
2018-07-04 19:00:00,2.79,23.14,95.91,231.22,25.1,66.75,1004.41,3.53,73.45,1
2018-07-04 20:00:00,2.04,15.99,55.49,121.55,27.64,67.83,1006.03,4.81,47.13,1
2018-07-04 21:00:00,3.57,10.57,21.01,167.81,35.16,63.27,1008.95,15.61,26.96,0
2018-07-04 22:00:00,3.14,23.21,56.18,163.09,32.08,43.08,1018.35,7.61,35.34,0
2018-07-04 23:00:00,2.52,38.74,39.55,86.66,25.77,58.86,1011.97,1.24,33.07,0
2018-07-05 00:00:00,0.36,9.49,68.16,365.38,22.62,61.37,1009.65,0.85,38.46,0
2018-07-05 01:00:00,1.0,18.38,41.75,57.0,22.01,50.64,1018.39,23.02,39.74,0
2018-07-05 02:00:00,12.29,17.83,84.76,145.99,37.59,69.05,1003.94,27.7,58.32,1
2018-07-05 03:00:00,2.61,10.2,78.51,121.97,27.87,70.29,1011.57,10.53,70.52,0
2018-07-05 04:00:00,3.65,17.01,94.52,102.18,29.1,77.4,1009.2,5.6,86.62,0
2018-07-05 05:00:00,2.95,9.66,32.71,39.57,22.53,61.99,1019.91,8.84,44.89,0
2018-07-05 06:00:00,16.1,22.41,131.39,146.47,28.17,78.17,1013.14,8.66,98.78,0
2018-07-05 07:00:00,1.98,6.76,73.48,276.52,23.29,84.23,1007.98,29.93,73.1,0
2018-07-05 08:00:00,1.8,32.67,57.13,109.81,28.72,61.78,1019.55,16.66,51.99,1
2018-07-05 09:00:00,7.84,31.46,103.38,166.63,26.17,56.81,1010.3,8.13,100.0,0
2018-07-05 10:00:00,5.75,18.8,42.43,96.29,24.07,54.5,1014.43,16.53,53.39,0
2018-07-05 11:00:00,8.04,32.85,74.95,130.59,34.59,79.74,1012.37,2.29,53.74,0
2018-07-05 12:00:00,7.58,33.81,84.23,98.49,35.04,68.14,1018.6,2.01,58.66,0
2018-07-05 13:00:00,11.03,22.48,70.5,164.73,30.73,58.91,998.46,14.28,46.75,0
2018-07-05 14:00:00,0.81,6.09,24.99,127.54,18.13,66.71,1014.82,11.43,34.09,0
2018-07-05 15:00:00,7.17,24.66,100.56,149.33,22.19,88.69,1020.82,4.04,54.8,0
2018-07-05 16:00:00,1.82,32.89,93.47,217.84,22.42,69.97,1003.42,19.78,68.2,0
2018-07-05 17:00:00,0.18,22.42,113.06,318.5,38.34,81.86,1004.17,12.74,42.85,0
2018-07-05 18:00:00,7.53,42.7,117.54,133.8,33.83,90.93,1010.07,2.48,100.0,1
2018-07-05 19:00:00,7.14,33.12,99.23,164.39,35.47,93.72,1015.83,5.59,73.12,0
2018-07-05 20:00:00,4.67,55.63,122.32,215.92,23.88,82.71,1010.41,0.42,100.0,0
2018-07-05 21:00:00,11.19,29.48,79.78,97.76,19.56,68.91,1009.14,17.86,63.63,0
2018-07-05 22:00:00,1.83,12.29,43.69,218.83,33.59,62.29,1011.42,9.83,41.92,0
2018-07-05 23:00:00,8.69,32.05,83.9,199.38,15.53,48.38,1008.25,0.91,50.01,0
2018-07-06 00:00:00,4.01,35.97,53.6,170.42,28.44,51.93,1008.81,7.16,46.6,0
2018-07-06 01:00:00,4.34,20.26,91.82,267.33,31.32,76.61,1002.99,4.11,99.17,0
2018-07-06 02:00:00,0.25,26.63,155.86,219.81,21.84,100.0,1018.17,10.63,100.0,1
2018-07-06 03:00:00,11.29,20.87,74.11,139.22,36.3,62.74,1011.3,2.13,77.35,0
2018-07-06 04:00:00,6.88,32.77,58.63,136.82,26.43,63.4,1005.89,11.76,52.82,0
2018-07-06 05:00:00,8.39,75.24,91.36,190.71,29.8,75.69,1015.43,21.21,93.04,1
2018-07-06 06:00:00,1.52,11.18,41.77,144.97,30.93,78.29,999.88,9.69,55.31,0
2018-07-06 07:00:00,6.16,22.86,89.96,126.74,29.04,62.97,1003.4,4.09,58.25,0
2018-07-06 08:00:00,4.0,25.25,73.44,101.0,24.91,63.85,1011.94,6.66,69.28,0
2018-07-06 09:00:00,7.22,19.77,61.96,171.12,23.54,66.49,1010.6,0.71,70.61,0
2018-07-06 10:00:00,5.89,16.07,49.1,152.45,30.1,65.47,1014.12,7.36,15.72,0
2018-07-06 11:00:00,18.68,33.04,78.97,227.91,31.45,71.45,1005.67,7.58,53.36,1
2018-07-06 12:00:00,14.27,43.37,53.47,185.27,33.38,68.73,1008.97,12.72,24.57,0
2018-07-06 13:00:00,3.53,6.79,34.41,56.75,27.18,67.32,1010.81,10.62,52.7,0
2018-07-06 14:00:00,7.53,14.02,40.42,68.39,28.44,65.99,1007.48,7.16,51.72,0
2018-07-06 15:00:00,3.22,15.48,42.78,83.33,23.15,63.07,1005.91,6.52,41.33,0
2018-07-06 16:00:00,10.94,37.84,97.68,183.02,33.62,59.2,1017.38,14.22,72.31,0
2018-07-06 17:00:00,4.18,18.45,27.69,194.6,23.34,47.37,1006.77,23.06,38.87,0
2018-07-06 18:00:00,2.74,10.98,38.28,123.6,31.24,54.86,1010.36,9.62,45.93,1
2018-07-06 19:00:00,6.08,43.65,81.1,151.69,33.58,81.36,1005.31,30.98,100.0,1
2018-07-06 20:00:00,13.37,29.72,62.28,91.55,33.48,80.86,1007.74,23.9,50.91,0
2018-07-06 21:00:00,11.67,21.7,55.19,123.52,20.51,51.98,1003.81,4.33,52.25,0
2018-07-06 22:00:00,2.93,23.94,32.73,148.14,19.51,70.82,1005.4,1.7,47.33,0
2018-07-06 23:00:00,17.39,37.69,82.85,139.54,22.95,54.67,1008.27,5.19,79.81,0
2018-07-07 00:00:00,1.65,18.32,29.76,80.47,22.18,67.01,1010.28,7.01,38.43,0
2018-07-07 01:00:00,2.37,10.19,25.63,166.73,39.61,55.68,1013.42,2.8,39.18,0
2018-07-07 02:00:00,10.55,37.08,96.54,196.97,30.04,51.51,1020.1,5.05,72.76,1
2018-07-07 03:00:00,0.18,42.18,79.43,210.8,21.04,59.71,1011.31,19.13,59.81,1
2018-07-07 04:00:00,4.88,23.58,47.1,89.06,22.53,58.11,1008.8,14.37,89.48,0
2018-07-07 05:00:00,3.51,7.29,117.16,314.29,36.61,81.04,997.06,9.2,86.56,0
2018-07-07 06:00:00,18.21,74.33,102.06,151.03,35.12,73.47,1002.89,5.07,100.0,0
2018-07-07 07:00:00,1.27,22.16,37.18,99.91,20.72,61.03,1020.49,14.77,36.48,0
2018-07-07 08:00:00,1.48,7.32,14.17,122.97,32.26,55.25,1016.09,10.85,12.64,0
2018-07-07 09:00:00,20.22,45.83,112.57,161.88,26.27,85.71,1010.62,15.17,61.28,0
2018-07-07 10:00:00,3.56,34.73,90.98,182.27,26.88,61.88,1012.55,1.9,65.32,1
2018-07-07 11:00:00,12.94,27.64,62.93,156.26,20.55,72.12,1004.92,5.43,24.6,0
2018-07-07 12:00:00,2.97,5.6,25.41,91.24,25.83,84.03,1013.83,24.29,54.11,0
2018-07-07 13:00:00,2.26,19.54,69.57,165.93,22.3,73.43,1009.36,8.59,55.64,0
2018-07-07 14:00:00,13.48,19.15,73.66,128.98,34.96,73.81,1015.97,15.6,63.13,0
2018-07-07 15:00:00,24.16,45.53,47.81,148.22,22.67,57.49,1010.54,6.13,32.13,1
2018-07-07 16:00:00,14.34,22.44,37.25,152.99,34.37,82.57,1007.62,7.0,19.42,0
2018-07-07 17:00:00,2.76,22.42,82.52,158.98,25.87,62.35,1011.62,7.47,49.47,0
2018-07-07 18:00:00,4.67,14.99,26.55,151.58,17.43,59.39,1009.81,9.63,52.32,0
2018-07-07 19:00:00,1.57,19.45,46.2,89.07,24.36,41.92,1014.29,16.76,59.48,0
2018-07-07 20:00:00,1.95,28.07,61.17,139.27,21.0,59.88,1010.94,2.91,52.13,1
2018-07-07 21:00:00,1.83,28.45,47.39,261.31,30.38,71.48,1016.22,7.51,27.8,0
2018-07-07 22:00:00,3.05,10.25,48.61,125.58,21.26,62.77,1006.57,14.25,48.2,0
2018-07-07 23:00:00,5.45,16.8,35.88,102.26,25.19,72.32,1019.52,1.78,57.82,0
2018-07-08 00:00:00,4.86,16.63,31.52,64.42,29.42,63.08,1013.86,2.83,65.92,0
2018-07-08 01:00:00,9.28,26.35,37.21,82.57,21.02,66.96,1011.83,0.33,74.94,0
2018-07-08 02:00:00,5.73,38.4,49.12,121.96,35.26,74.16,1016.26,8.76,52.46,0
2018-07-08 03:00:00,8.52,21.41,87.55,229.99,28.73,55.26,1013.41,9.58,56.76,0
2018-07-08 04:00:00,9.75,29.64,82.03,202.87,28.09,78.5,1013.37,22.16,69.23,0
2018-07-08 05:00:00,2.81,15.22,52.09,224.17,19.32,60.96,1013.43,2.03,37.87,0
2018-07-08 06:00:00,4.09,12.24,44.91,83.71,24.74,58.55,1015.0,3.63,63.29,0
2018-07-08 07:00:00,44.52,48.03,156.79,250.35,26.07,72.73,1006.28,22.81,100.0,1
2018-07-08 08:00:00,2.55,12.38,73.35,150.52,20.82,72.99,1013.38,11.03,57.75,0
2018-07-08 09:00:00,8.96,13.87,92.57,173.67,32.31,73.26,1007.07,6.49,82.1,0
2018-07-08 10:00:00,0.91,6.09,40.32,155.9,27.72,70.96,1007.64,8.24,60.22,0
2018-07-08 11:00:00,9.99,28.13,46.63,154.65,22.77,48.21,1008.83,13.51,28.0,1
2018-07-08 12:00:00,2.09,21.81,36.15,139.72,25.62,72.28,1003.1,6.71,56.5,0
2018-07-08 13:00:00,5.04,32.5,48.77,156.9,27.7,69.11,1005.12,13.14,49.94,0
2018-07-08 14:00:00,4.55,6.68,27.13,42.63,38.45,51.26,1010.41,20.77,27.78,0
2018-07-08 15:00:00,4.65,28.98,62.29,280.97,29.68,76.47,1002.76,25.79,34.24,0
2018-07-08 16:00:00,3.93,4.63,42.09,121.6,23.02,66.68,1009.55,32.88,48.95,0
2018-07-08 17:00:00,7.29,15.47,42.41,161.88,23.81,50.03,1015.68,11.28,53.67,0
2018-07-08 18:00:00,12.54,24.98,49.21,344.44,25.23,65.72,1009.64,6.93,80.16,1
2018-07-08 19:00:00,1.47,9.62,21.73,164.31,30.63,33.77,1010.27,11.26,19.51,0
2018-07-08 20:00:00,4.04,17.96,129.07,180.07,29.62,85.15,1007.63,7.22,100.0,1
2018-07-08 21:00:00,0.3,16.55,26.15,96.45,30.05,53.13,998.95,4.68,54.84,1
2018-07-08 22:00:00,5.66,6.14,96.55,239.72,26.9,55.82,1010.13,11.28,67.58,0
2018-07-08 23:00:00,1.32,21.49,48.77,216.42,18.88,40.19,1014.77,7.4,62.12,0
2018-07-09 00:00:00,4.82,14.08,40.47,118.4,30.41,65.35,1016.26,2.29,21.78,0
2018-07-09 01:00:00,5.88,29.59,48.75,70.03,23.17,62.47,1008.82,5.36,76.94,0
2018-07-09 02:00:00,0.43,24.76,75.36,116.68,30.39,65.27,1017.68,9.87,59.0,0
2018-07-09 03:00:00,6.76,21.91,37.36,93.39,20.64,64.23,1012.89,6.07,29.14,0
2018-07-09 04:00:00,12.04,38.64,73.02,164.8,27.35,68.26,1015.33,8.49,59.25,0
2018-07-09 05:00:00,8.24,14.84,61.47,158.9,31.49,73.45,1009.19,2.84,55.75,0
2018-07-09 06:00:00,1.52,9.82,14.5,136.4,38.36,57.49,1019.7,3.72,15.2,0
2018-07-09 07:00:00,4.52,6.57,28.02,166.15,24.5,55.3,1009.51,10.69,54.89,0
2018-07-09 08:00:00,5.04,25.73,140.82,149.21,35.45,75.78,1009.84,4.42,100.0,0
2018-07-09 09:00:00,4.12,18.24,38.35,99.35,33.16,64.05,1011.76,6.14,43.22,0
2018-07-09 10:00:00,0.84,13.16,30.06,167.1,25.51,65.03,1005.69,10.67,20.54,0
2018-07-09 11:00:00,1.86,13.58,37.02,221.49,27.56,55.73,1019.42,10.94,52.19,0
2018-07-09 12:00:00,3.74,14.13,145.96,248.36,24.51,76.46,1006.18,3.06,100.0,0
2018-07-09 13:00:00,5.8,11.02,102.38,137.0,23.52,76.08,1003.34,18.39,84.36,0
2018-07-09 14:00:00,2.53,6.79,38.05,122.54,19.53,65.1,1007.47,12.06,40.17,1
2018-07-09 15:00:00,0.23,42.43,107.56,261.42,22.09,65.01,1013.21,21.59,73.2,1
2018-07-09 16:00:00,2.72,22.04,52.96,78.97,13.59,51.8,1019.24,9.78,53.1,0
2018-07-09 17:00:00,18.66,30.71,65.27,101.11,28.31,67.28,1006.22,17.46,59.0,1
2018-07-09 18:00:00,6.81,17.69,61.02,97.73,35.91,70.75,1013.09,12.13,67.12,0
2018-07-09 19:00:00,5.65,23.42,78.74,186.34,28.98,71.91,1007.75,12.83,70.08,1
2018-07-09 20:00:00,1.83,32.14,55.48,99.63,27.93,51.03,999.31,17.95,24.62,0
2018-07-09 21:00:00,2.87,18.28,34.49,39.86,24.31,64.54,1015.33,6.47,45.78,0
2018-07-09 22:00:00,0.2,53.04,98.42,253.13,38.15,81.35,1004.34,2.35,67.74,0
2018-07-09 23:00:00,1.67,22.93,35.12,109.6,33.42,57.02,1015.23,3.06,22.85,0
2018-07-10 00:00:00,6.49,15.79,46.11,266.98,20.73,56.73,1014.14,7.62,24.94,0
2018-07-10 01:00:00,5.69,9.85,38.32,156.3,39.23,73.67,1009.45,27.31,30.18,0
2018-07-10 02:00:00,2.26,31.51,37.89,113.83,36.16,72.49,1013.52,24.62,13.98,0
2018-07-10 03:00:00,4.11,10.05,26.43,154.24,21.99,50.38,1016.33,25.69,30.25,0
2018-07-10 04:00:00,4.87,28.65,59.64,100.36,32.09,67.72,1002.38,32.48,70.72,0
2018-07-10 05:00:00,2.41,20.46,21.58,116.36,26.77,47.98,1013.81,17.34,31.97,0
2018-07-10 06:00:00,7.18,10.49,70.61,164.23,16.96,72.04,1012.94,2.96,38.83,0
2018-07-10 07:00:00,5.59,23.05,38.07,108.55,22.77,57.03,1010.59,3.94,25.37,0
2018-07-10 08:00:00,2.99,22.94,72.47,101.56,31.99,58.15,1018.37,2.82,94.95,0
2018-07-10 09:00:00,0.93,11.44,32.17,123.47,31.29,46.53,1012.96,29.53,40.86,0
2018-07-10 10:00:00,2.75,12.74,114.51,203.1,42.98,88.06,1020.12,5.34,86.78,1
2018-07-10 11:00:00,2.54,13.56,45.99,95.08,28.8,58.61,1018.74,7.57,46.27,0
2018-07-10 12:00:00,2.25,31.0,86.48,113.4,17.85,100.0,1019.17,11.22,40.51,1
2018-07-10 13:00:00,0.46,10.02,30.88,75.12,22.4,74.79,1015.73,4.9,11.19,0
2018-07-10 14:00:00,14.83,17.1,101.17,294.84,25.32,86.21,1015.32,1.52,59.09,1
2018-07-10 15:00:00,14.24,28.42,177.19,229.1,26.13,66.47,1005.59,4.37,100.0,1
2018-07-10 16:00:00,3.96,5.9,21.59,112.46,25.93,57.64,1022.85,12.13,17.38,0
2018-07-10 17:00:00,5.78,22.85,41.84,129.47,29.5,41.59,1006.13,6.68,41.09,0
2018-07-10 18:00:00,7.06,12.56,38.63,107.5,35.94,66.7,1020.8,9.69,56.45,1
2018-07-10 19:00:00,4.03,15.6,91.55,291.17,29.88,70.93,1009.12,10.16,89.88,0
2018-07-10 20:00:00,6.18,11.76,23.28,136.28,17.09,74.06,1005.46,16.08,25.06,0
2018-07-10 21:00:00,8.0,43.8,55.77,160.77,29.7,54.54,1014.21,5.94,47.44,0
2018-07-10 22:00:00,5.39,23.34,33.96,111.01,17.76,65.81,1011.49,13.29,44.24,0
2018-07-10 23:00:00,9.3,14.59,23.67,75.28,24.05,59.64,1015.47,12.51,36.39,0
2018-07-11 00:00:00,2.16,17.49,33.39,112.37,37.24,60.74,1021.73,9.82,39.51,0
2018-07-11 01:00:00,4.51,8.91,43.35,158.08,16.42,70.68,1005.78,22.38,53.53,0
2018-07-11 02:00:00,33.58,45.02,201.18,330.88,38.38,96.1,1013.83,8.03,100.0,1
2018-07-11 03:00:00,11.24,41.53,51.89,166.99,30.48,73.06,1015.07,6.11,62.3,0
2018-07-11 04:00:00,5.51,23.7,57.19,70.52,29.39,70.72,1015.4,3.44,52.3,0
2018-07-11 05:00:00,1.48,7.39,51.54,72.73,20.13,67.98,1002.36,3.51,61.11,0
2018-07-11 06:00:00,4.75,8.42,35.26,99.64,27.99,53.91,1014.45,21.27,0.0,0
2018-07-11 07:00:00,10.61,30.68,67.41,88.25,24.79,64.04,1016.33,2.54,59.23,0
2018-07-11 08:00:00,8.81,49.12,71.45,110.57,22.75,57.46,1020.76,8.16,69.31,0
2018-07-11 09:00:00,0.28,12.25,30.24,61.24,26.81,57.46,1004.29,5.73,20.48,1
2018-07-11 10:00:00,0.5,29.76,54.2,120.66,40.47,69.22,1009.67,1.48,67.17,0
2018-07-11 11:00:00,7.17,25.59,91.73,169.35,31.84,57.21,1023.8,1.25,38.26,0
2018-07-11 12:00:00,0.55,20.4,72.36,100.63,26.3,75.96,1000.21,3.92,32.42,1
2018-07-11 13:00:00,1.39,5.68,35.25,200.88,29.57,58.72,1017.77,28.52,40.27,0
2018-07-11 14:00:00,3.88,15.24,25.66,121.04,25.15,58.21,1013.74,20.26,0.0,0
2018-07-11 15:00:00,12.15,24.17,31.54,106.43,31.4,60.49,1008.81,11.67,37.89,0
2018-07-11 16:00:00,7.48,8.73,32.77,157.74,20.75,62.66,1010.11,17.75,57.59,0
2018-07-11 17:00:00,3.4,10.99,59.49,133.06,32.23,41.26,1023.91,3.26,52.56,0
2018-07-11 18:00:00,9.53,17.89,62.73,162.31,19.11,65.29,1015.46,5.24,43.66,1
2018-07-11 19:00:00,23.09,28.88,70.1,122.91,25.94,60.64,1010.08,7.46,73.58,0
2018-07-11 20:00:00,4.79,15.8,25.04,66.38,33.62,56.89,1008.48,6.97,0.53,0
2018-07-11 21:00:00,0.85,23.81,81.45,113.23,37.51,77.3,1014.96,2.61,71.33,0
2018-07-11 22:00:00,1.46,24.91,62.77,142.99,15.15,61.33,1009.53,15.4,54.08,0
2018-07-11 23:00:00,1.44,34.4,49.25,142.12,21.0,56.14,1007.07,3.26,23.97,0
2018-07-12 00:00:00,1.92,27.77,88.96,330.89,27.63,74.14,1009.07,2.39,62.52,1
2018-07-12 01:00:00,3.15,19.39,32.64,45.47,31.54,49.07,1014.32,2.16,38.29,0
2018-07-12 02:00:00,5.97,39.64,80.73,154.76,24.22,81.47,1009.53,1.73,68.4,1
2018-07-12 03:00:00,0.66,9.58,28.34,155.48,27.44,79.54,1021.24,9.85,62.65,1
2018-07-12 04:00:00,7.94,20.9,46.95,86.33,27.79,49.63,1015.69,7.72,42.12,0
2018-07-12 05:00:00,2.56,44.96,89.23,234.89,27.23,77.3,1008.63,12.06,64.25,0
2018-07-12 06:00:00,1.66,10.35,44.66,171.84,27.52,78.0,1015.68,8.65,35.39,0
2018-07-12 07:00:00,3.55,4.47,34.81,186.73,27.9,56.54,1010.48,11.2,28.61,0
2018-07-12 08:00:00,13.95,17.72,33.5,136.66,36.82,55.15,1011.17,4.02,66.23,0
2018-07-12 09:00:00,8.94,20.83,38.54,80.4,26.73,55.9,1011.88,14.15,57.04,0
2018-07-12 10:00:00,8.41,14.15,32.72,109.29,34.85,73.25,1009.66,3.39,15.91,0
2018-07-12 11:00:00,18.09,21.48,86.56,222.18,27.65,83.87,1015.81,3.94,71.09,1
2018-07-12 12:00:00,6.24,30.12,143.3,188.28,24.04,78.2,1013.52,18.23,91.6,1
2018-07-12 13:00:00,19.43,37.89,53.86,75.49,26.45,79.89,1006.43,3.63,52.26,0
2018-07-12 14:00:00,20.67,22.05,109.73,138.18,18.46,62.7,1017.84,2.49,42.49,1
2018-07-12 15:00:00,0.69,28.03,42.22,157.19,21.93,67.7,1014.2,9.59,18.28,0
2018-07-12 16:00:00,0.41,50.44,91.65,139.36,23.91,62.84,999.34,12.02,67.81,0
2018-07-12 17:00:00,1.32,8.79,22.45,117.08,28.67,60.69,1013.42,3.89,42.95,0
2018-07-12 18:00:00,12.83,31.56,101.14,225.46,36.99,69.69,1012.7,18.06,73.78,0
2018-07-12 19:00:00,3.63,8.74,66.41,122.38,26.0,56.48,1007.27,4.07,38.15,0
2018-07-12 20:00:00,3.16,17.92,84.77,119.03,22.24,73.6,1022.11,13.1,73.74,1
2018-07-12 21:00:00,9.75,28.93,51.23,88.38,32.61,52.09,1006.79,3.56,44.07,0
2018-07-12 22:00:00,2.41,14.35,30.7,253.77,29.01,67.72,1014.77,19.55,32.57,0
2018-07-12 23:00:00,5.5,12.03,77.02,116.22,34.38,76.2,1006.89,19.67,49.26,0
2018-07-13 00:00:00,7.94,16.54,45.8,144.8,33.34,64.38,1008.23,9.41,67.51,0
2018-07-13 01:00:00,1.49,3.33,32.85,47.19,31.1,57.88,1012.45,21.71,34.01,0
2018-07-13 02:00:00,1.06,14.59,36.6,167.76,29.95,68.84,1007.67,25.21,56.32,0
2018-07-13 03:00:00,4.76,42.73,70.36,165.47,33.36,75.82,1008.82,16.34,54.39,1
2018-07-13 04:00:00,5.39,9.14,74.38,140.9,32.96,63.53,1007.08,8.82,34.76,0
2018-07-13 05:00:00,9.11,41.9,62.2,135.41,33.21,67.96,1002.85,4.84,59.69,0
2018-07-13 06:00:00,1.27,11.54,31.46,116.91,33.09,56.62,1010.31,4.41,45.68,0
2018-07-13 07:00:00,1.99,3.78,20.48,43.33,27.62,63.29,1022.73,9.32,9.23,0
2018-07-13 08:00:00,20.51,44.62,71.99,180.12,23.55,60.58,1007.62,7.68,75.26,1
2018-07-13 09:00:00,11.03,24.7,93.53,296.88,28.15,73.9,1009.43,3.8,64.97,1
2018-07-13 10:00:00,4.0,8.71,25.19,28.65,25.78,58.49,1012.61,3.1,52.44,0
2018-07-13 11:00:00,12.57,19.41,38.37,82.82,22.91,70.81,1020.4,11.28,44.81,0
2018-07-13 12:00:00,1.28,9.51,97.42,171.46,36.79,67.09,1011.81,26.73,63.06,1
2018-07-13 13:00:00,3.53,14.97,33.59,195.23,27.94,63.76,1007.32,3.87,31.01,0
2018-07-13 14:00:00,5.35,20.06,52.48,244.48,22.22,60.21,1002.63,7.37,74.31,1
2018-07-13 15:00:00,3.11,18.24,117.58,128.67,35.36,60.87,1004.21,19.17,96.42,0
2018-07-13 16:00:00,3.23,25.65,53.57,176.68,28.63,62.1,1011.74,20.6,53.79,0
2018-07-13 17:00:00,8.71,21.98,141.75,323.83,33.47,86.81,1002.13,4.56,100.0,1
2018-07-13 18:00:00,11.16,27.97,43.65,60.26,25.97,69.48,1018.11,4.26,57.96,0
2018-07-13 19:00:00,2.75,16.45,132.01,232.1,31.27,72.56,1006.66,1.65,100.0,0
2018-07-13 20:00:00,0.76,1.16,28.22,211.03,31.52,69.9,1018.75,7.21,60.03,0
2018-07-13 21:00:00,0.53,4.45,8.49,68.92,28.57,69.25,1010.75,7.28,45.54,0
2018-07-13 22:00:00,0.15,5.23,10.97,102.78,24.55,47.71,1008.42,12.12,56.96,0
2018-07-13 23:00:00,17.85,30.69,53.19,110.45,30.2,65.92,1006.26,7.59,42.97,0
2018-07-14 00:00:00,8.74,22.49,60.7,161.14,31.3,76.57,1013.38,16.25,44.84,0
2018-07-14 01:00:00,7.1,17.55,46.62,187.38,21.39,76.42,1017.74,1.38,76.24,0
2018-07-14 02:00:00,2.36,21.17,96.48,253.6,41.32,74.48,1011.86,16.51,78.51,1
2018-07-14 03:00:00,2.34,23.15,67.58,114.32,36.96,78.28,1004.61,10.1,52.81,0
2018-07-14 04:00:00,11.47,22.82,48.71,77.26,28.8,76.81,1011.71,5.39,39.12,0
2018-07-14 05:00:00,0.42,23.11,58.97,159.0,32.69,71.34,1010.05,9.63,59.66,1
2018-07-14 06:00:00,2.89,12.92,36.51,151.86,27.9,58.82,1000.9,11.44,29.95,0
2018-07-14 07:00:00,12.91,28.98,74.9,101.2,24.52,72.2,1010.57,13.39,48.16,0
2018-07-14 08:00:00,2.89,3.67,20.82,83.9,33.23,52.04,1016.7,6.35,34.2,0
2018-07-14 09:00:00,8.34,19.84,66.29,243.31,23.51,60.76,1018.83,6.37,60.25,1
2018-07-14 10:00:00,4.17,27.52,55.8,117.87,30.04,49.66,1015.14,2.4,56.02,0
2018-07-14 11:00:00,3.99,16.94,39.94,189.37,24.37,70.97,1003.63,19.23,28.68,0
2018-07-14 12:00:00,4.86,9.7,83.62,133.67,23.39,80.64,1005.72,7.99,55.52,0
2018-07-14 13:00:00,3.67,18.93,117.58,266.94,28.81,57.29,1013.6,2.15,98.49,0
2018-07-14 14:00:00,0.99,11.4,48.41,123.5,33.74,58.97,1005.6,6.25,47.27,0
2018-07-14 15:00:00,3.72,20.26,45.04,110.3,29.44,57.03,1014.45,5.45,71.72,0
2018-07-14 16:00:00,0.18,6.71,31.97,110.23,28.35,65.89,1009.45,18.19,39.98,0
2018-07-14 17:00:00,2.85,13.89,38.97,82.05,18.13,61.91,1011.32,24.1,38.19,0
2018-07-14 18:00:00,8.95,13.55,15.28,42.06,26.9,64.22,1006.87,9.84,4.42,0
2018-07-14 19:00:00,17.06,25.3,75.08,135.53,20.24,68.77,1012.12,13.05,47.69,0
2018-07-14 20:00:00,14.82,29.16,70.34,185.74,28.32,70.34,1008.41,9.14,44.99,0
2018-07-14 21:00:00,1.23,3.41,37.84,55.92,27.97,62.26,1020.53,11.34,44.53,0
2018-07-14 22:00:00,0.57,12.04,71.21,229.94,27.68,79.53,1008.23,0.91,36.21,0
2018-07-14 23:00:00,5.35,9.11,22.13,87.27,27.83,49.13,1024.0,24.97,33.52,0
2018-07-15 00:00:00,4.55,14.36,18.61,136.13,30.76,50.82,1014.88,12.54,32.98,0
2018-07-15 01:00:00,7.79,11.01,35.31,95.03,31.12,52.65,1010.78,4.38,19.09,0
2018-07-15 02:00:00,2.13,47.96,100.39,210.42,29.86,77.49,1006.03,7.54,71.77,0
2018-07-15 03:00:00,4.69,27.95,64.39,178.85,33.33,50.28,1009.81,5.59,42.48,0
2018-07-15 04:00:00,4.44,14.8,44.16,219.39,14.72,43.61,1009.26,11.26,47.05,1
2018-07-15 05:00:00,2.97,35.58,136.94,155.4,22.49,86.49,1008.23,24.6,89.66,1
2018-07-15 06:00:00,0.36,7.09,86.38,157.8,30.42,56.73,1008.76,26.71,85.69,0
2018-07-15 07:00:00,8.84,36.65,92.96,233.88,28.03,62.74,1017.6,8.16,40.12,0
2018-07-15 08:00:00,5.39,22.19,50.23,123.44,23.26,50.4,1014.9,12.92,66.5,0
2018-07-15 09:00:00,9.39,16.39,181.07,246.71,30.4,80.4,1011.64,7.22,96.89,0
2018-07-15 10:00:00,11.47,30.69,44.71,106.04,32.04,92.33,1017.36,6.07,56.63,0
2018-07-15 11:00:00,4.05,28.1,96.16,176.42,23.84,68.93,1007.51,6.25,52.41,0
2018-07-15 12:00:00,8.89,20.7,92.13,205.21,24.45,71.35,1003.59,22.37,77.13,0
2018-07-15 13:00:00,17.39,39.44,62.46,128.25,19.0,56.07,1012.8,11.22,68.33,0
2018-07-15 14:00:00,22.09,42.77,124.68,267.11,27.45,76.26,1008.73,15.95,82.04,1
2018-07-15 15:00:00,6.05,21.48,34.53,124.94,27.75,70.95,1011.09,5.93,46.42,0
2018-07-15 16:00:00,6.51,9.71,54.38,123.23,22.17,65.81,1022.95,5.82,38.68,0
2018-07-15 17:00:00,5.95,20.93,86.43,166.85,25.13,90.6,1012.98,6.2,84.15,1
2018-07-15 18:00:00,7.54,19.1,62.27,202.31,27.72,58.49,1005.68,8.26,40.58,0
2018-07-15 19:00:00,11.04,29.31,38.39,86.21,33.06,40.43,1013.08,4.29,28.49,0
2018-07-15 20:00:00,5.83,10.83,75.44,137.46,25.89,72.6,1012.71,8.12,62.2,0
2018-07-15 21:00:00,21.09,43.6,122.96,173.52,23.03,81.32,1005.18,4.51,99.5,1
2018-07-15 22:00:00,18.75,26.64,65.43,128.22,36.15,67.45,1014.67,12.04,44.93,0
2018-07-15 23:00:00,4.85,9.97,16.64,93.82,31.81,44.33,1006.75,15.64,26.24,0
2018-07-16 00:00:00,4.82,25.01,62.13,201.55,20.85,60.7,1006.8,3.52,48.92,0
2018-07-16 01:00:00,2.72,35.92,57.34,170.28,31.92,67.3,1009.49,21.51,67.93,0
2018-07-16 02:00:00,7.92,21.59,57.2,133.21,25.11,67.79,1008.94,16.2,64.96,0
2018-07-16 03:00:00,3.27,34.82,90.33,164.39,33.64,77.97,1010.43,5.71,55.46,0
2018-07-16 04:00:00,2.57,9.57,21.68,123.44,25.71,48.99,1008.5,17.82,0.0,0
2018-07-16 05:00:00,7.77,13.58,103.93,163.65,18.12,54.75,1011.37,3.52,51.52,0
2018-07-16 06:00:00,1.13,27.57,54.64,101.15,24.86,63.03,1012.76,14.05,70.74,0
2018-07-16 07:00:00,11.21,29.56,68.92,171.42,23.16,73.64,994.5,7.0,82.47,1
2018-07-16 08:00:00,8.06,11.63,34.99,82.61,24.34,48.08,1018.46,10.56,33.24,0
2018-07-16 09:00:00,17.96,53.23,108.73,148.45,15.37,90.44,1011.69,8.7,75.73,1
2018-07-16 10:00:00,6.15,17.71,108.03,362.86,27.35,71.02,1008.34,7.86,80.05,1
2018-07-16 11:00:00,9.22,21.6,39.61,54.92,16.8,73.47,1007.47,25.72,41.76,0
2018-07-16 12:00:00,10.32,48.97,99.42,111.94,27.3,90.62,1013.0,9.65,93.24,1
2018-07-16 13:00:00,13.85,46.02,66.21,138.38,14.73,50.59,1007.52,16.22,74.32,0
2018-07-16 14:00:00,5.51,35.98,90.55,199.12,21.97,76.19,1007.67,2.66,51.29,1
2018-07-16 15:00:00,2.69,9.71,44.69,112.04,31.02,81.15,1009.93,8.8,31.91,0
2018-07-16 16:00:00,6.29,21.69,84.65,144.45,31.84,65.72,1008.11,2.97,68.47,1
2018-07-16 17:00:00,11.2,28.87,70.64,283.16,23.63,87.24,1009.23,15.54,88.23,1
2018-07-16 18:00:00,12.5,17.88,142.4,192.67,31.0,90.58,999.71,1.38,100.0,1
2018-07-16 19:00:00,0.37,4.07,27.59,105.27,17.95,56.67,1014.14,10.81,38.54,1
2018-07-16 20:00:00,2.59,13.55,24.64,88.1,33.37,59.07,1008.02,9.2,27.77,0
2018-07-16 21:00:00,9.36,31.7,53.7,139.24,34.48,48.9,1010.36,13.05,34.08,1
2018-07-16 22:00:00,15.18,15.81,38.11,103.01,26.84,55.05,1009.2,15.1,28.0,0
2018-07-16 23:00:00,4.4,17.55,49.26,148.38,25.57,70.53,1011.17,10.44,35.2,0
2018-07-17 00:00:00,12.93,17.13,42.7,121.16,15.09,59.94,1010.61,15.15,60.36,0
2018-07-17 01:00:00,0.36,24.22,63.59,121.86,27.66,69.91,1008.66,16.8,73.44,0
2018-07-17 02:00:00,13.33,29.22,36.4,65.7,31.62,73.1,1012.42,7.51,54.74,0
2018-07-17 03:00:00,11.98,16.11,41.56,47.61,29.99,73.66,1015.94,9.87,34.48,0
2018-07-17 04:00:00,7.07,31.27,56.51,162.03,28.82,69.11,1012.55,5.68,50.11,0
2018-07-17 05:00:00,11.23,27.04,84.71,124.82,20.12,64.69,1015.34,26.0,100.0,0
2018-07-17 06:00:00,19.16,29.44,45.46,123.89,28.71,64.98,1017.55,23.53,55.53,0
2018-07-17 07:00:00,15.58,61.8,77.15,106.38,23.25,71.26,1008.04,13.48,57.37,0
2018-07-17 08:00:00,4.68,15.84,50.26,176.46,35.81,57.65,1019.35,12.52,31.97,0
2018-07-17 09:00:00,6.23,14.2,74.34,197.15,31.31,72.15,1008.41,9.73,72.11,0
2018-07-17 10:00:00,3.89,23.17,24.65,67.19,29.46,51.36,1005.67,8.57,38.43,0
2018-07-17 11:00:00,3.37,39.97,95.78,208.56,28.22,72.07,1010.74,19.5,61.02,1
2018-07-17 12:00:00,10.27,10.99,61.01,186.63,22.78,60.05,1013.68,0.69,62.75,0
2018-07-17 13:00:00,3.84,31.46,63.48,227.88,23.51,61.71,1020.61,7.11,39.49,0
2018-07-17 14:00:00,10.25,30.15,68.49,99.47,38.52,76.51,1014.89,8.76,83.59,0
2018-07-17 15:00:00,4.4,37.14,105.4,164.68,23.08,83.08,1015.73,3.17,73.03,0
2018-07-17 16:00:00,5.09,33.96,56.12,128.25,28.09,63.41,1017.33,16.49,62.91,0
2018-07-17 17:00:00,1.81,19.02,29.2,92.03,28.55,72.89,1009.09,2.31,56.38,0
2018-07-17 18:00:00,10.01,29.57,79.8,261.2,28.01,76.8,1012.87,5.98,53.72,0
2018-07-17 19:00:00,0.32,14.03,61.34,161.9,28.98,71.99,1007.76,7.46,60.64,0
2018-07-17 20:00:00,13.76,47.45,52.03,90.72,38.28,63.66,1011.72,2.03,81.07,0
2018-07-17 21:00:00,27.81,34.69,127.58,339.73,28.79,84.65,1008.88,6.15,100.0,1
2018-07-17 22:00:00,5.27,18.85,64.01,171.79,30.73,62.23,1012.47,9.12,24.05,0
2018-07-17 23:00:00,5.04,27.44,44.32,105.08,26.32,65.27,1019.63,19.68,51.96,0
2018-07-18 00:00:00,0.59,24.82,72.66,94.29,26.93,80.51,1017.19,3.85,81.88,1
2018-07-18 01:00:00,2.78,27.08,70.45,136.09,30.57,76.93,1010.59,9.25,74.95,0
2018-07-18 02:00:00,11.33,29.73,54.41,212.93,35.72,58.99,1009.32,8.53,58.32,0
2018-07-18 03:00:00,12.75,37.17,75.19,151.82,35.09,79.6,1016.46,6.24,84.33,1
2018-07-18 04:00:00,5.96,25.46,63.71,126.46,10.61,54.36,1011.97,4.28,57.22,0
2018-07-18 05:00:00,10.76,49.57,84.69,185.37,18.77,70.0,1016.68,13.89,100.0,0
2018-07-18 06:00:00,1.86,8.52,41.44,110.47,39.42,73.97,999.9,16.79,30.42,0
2018-07-18 07:00:00,7.37,31.72,75.43,192.41,25.07,60.63,1010.54,7.34,67.13,0
2018-07-18 08:00:00,16.81,28.9,68.02,198.25,25.89,70.53,1017.07,5.75,49.59,0
2018-07-18 09:00:00,8.75,23.21,45.48,87.59,24.8,67.88,1005.36,13.79,65.41,1
2018-07-18 10:00:00,18.92,59.7,73.81,219.35,20.82,81.23,1003.05,5.42,62.6,0
2018-07-18 11:00:00,19.39,59.79,97.67,139.71,23.75,67.73,1002.42,10.51,47.38,1
2018-07-18 12:00:00,7.82,41.51,97.03,181.6,25.01,80.94,1010.25,11.82,46.45,1
2018-07-18 13:00:00,3.94,12.8,49.62,235.86,25.24,57.0,1007.87,2.86,22.68,0
2018-07-18 14:00:00,10.95,19.09,41.04,123.0,22.61,58.87,1013.57,25.56,14.93,0
2018-07-18 15:00:00,3.53,7.64,14.42,36.31,33.04,57.7,1017.36,11.64,39.78,0
2018-07-18 16:00:00,7.16,42.83,137.68,226.16,27.49,78.61,1004.95,4.49,88.33,0
2018-07-18 17:00:00,12.79,18.33,64.29,184.24,28.81,76.34,1013.4,10.36,58.3,0
2018-07-18 18:00:00,2.86,13.3,56.94,178.51,28.5,89.59,1011.45,9.94,60.84,0
2018-07-18 19:00:00,3.84,12.74,37.56,181.04,25.12,61.83,1001.63,25.28,17.4,0
2018-07-18 20:00:00,1.1,9.11,16.18,102.75,24.11,58.29,1007.62,17.86,22.0,0
2018-07-18 21:00:00,0.42,2.54,23.34,154.32,19.85,76.34,1014.8,28.82,66.78,0
2018-07-18 22:00:00,4.26,13.94,99.24,138.08,31.98,97.03,1012.56,26.91,93.63,1
2018-07-18 23:00:00,6.3,21.68,33.23,148.66,27.19,59.55,1004.83,2.62,47.55,0
2018-07-19 00:00:00,21.29,26.02,31.66,89.44,34.74,63.97,1011.23,3.97,44.82,0
2018-07-19 01:00:00,6.07,13.14,107.16,270.99,30.07,60.98,998.49,2.49,78.57,1
2018-07-19 02:00:00,11.63,43.88,61.02,146.4,36.69,58.44,1010.75,21.61,38.51,1
2018-07-19 03:00:00,7.35,13.38,42.87,104.89,25.89,46.53,1014.5,3.27,70.02,0
2018-07-19 04:00:00,0.27,12.79,56.9,188.8,22.65,62.25,1003.14,4.95,24.85,0
2018-07-19 05:00:00,4.47,17.64,131.46,212.22,38.23,95.48,1003.34,16.49,69.77,0
2018-07-19 06:00:00,8.28,15.48,99.46,120.78,34.34,64.31,1002.79,25.66,76.47,0
2018-07-19 07:00:00,8.3,34.56,66.83,103.02,17.76,60.75,1011.56,28.96,58.4,0
2018-07-19 08:00:00,4.78,36.17,58.03,290.05,30.52,70.23,1014.82,14.77,75.62,0
2018-07-19 09:00:00,7.0,10.64,23.6,121.52,31.89,43.55,1020.46,7.53,2.23,0
2018-07-19 10:00:00,10.68,19.42,65.87,153.82,26.77,70.21,1003.12,19.0,63.13,1
2018-07-19 11:00:00,0.61,7.34,44.33,113.08,20.93,38.02,1011.25,13.82,47.72,0
2018-07-19 12:00:00,10.7,21.22,27.76,124.44,26.98,57.4,1017.03,12.25,34.48,0
2018-07-19 13:00:00,0.42,13.61,42.97,147.76,29.06,47.16,1012.96,10.6,22.59,1
2018-07-19 14:00:00,0.57,2.85,40.52,66.88,24.14,55.02,1004.69,8.54,35.6,0
2018-07-19 15:00:00,5.44,18.58,67.93,129.27,31.96,66.09,1009.7,1.79,53.32,0
2018-07-19 16:00:00,7.34,47.95,63.09,108.11,19.16,65.29,1015.84,12.06,91.02,0
2018-07-19 17:00:00,4.78,34.18,72.65,100.79,28.97,66.18,1010.54,2.37,69.43,0
2018-07-19 18:00:00,1.24,16.5,29.12,43.87,38.67,82.76,1015.38,9.17,18.2,0
2018-07-19 19:00:00,0.81,3.58,47.77,293.15,31.29,70.91,1016.04,9.53,70.95,0
2018-07-19 20:00:00,5.28,29.06,57.71,370.95,35.95,48.67,1003.95,8.55,63.14,0
2018-07-19 21:00:00,4.24,13.75,133.22,375.16,27.25,65.15,1004.22,2.4,91.56,1
2018-07-19 22:00:00,3.17,30.93,48.54,180.48,29.14,77.22,1007.76,13.56,45.58,0
2018-07-19 23:00:00,10.29,35.11,58.68,150.48,25.62,65.69,1010.41,6.88,44.41,1
2018-07-20 00:00:00,3.95,14.38,21.34,76.34,25.8,71.59,1011.87,5.24,34.3,0
2018-07-20 01:00:00,0.7,13.08,46.41,108.69,30.79,73.78,1015.84,9.66,53.55,0
2018-07-20 02:00:00,3.19,10.09,36.08,66.73,22.84,58.8,1007.88,11.87,41.18,0
2018-07-20 03:00:00,8.13,11.09,46.9,119.51,32.58,65.12,1018.76,0.14,42.8,0
2018-07-20 04:00:00,3.7,16.66,48.67,68.5,30.68,57.98,1018.39,5.27,50.69,0
2018-07-20 05:00:00,8.0,29.34,150.24,235.51,21.32,91.66,1012.22,11.39,100.0,1
2018-07-20 06:00:00,9.52,23.67,70.77,102.93,33.33,69.15,1019.05,14.62,64.65,0
2018-07-20 07:00:00,3.97,15.86,73.98,211.47,39.59,80.65,1009.5,3.99,71.09,0
2018-07-20 08:00:00,4.75,24.21,60.82,119.32,32.89,59.26,1003.44,5.12,40.54,0
2018-07-20 09:00:00,3.44,15.04,55.86,215.91,17.34,62.44,1004.61,16.46,60.41,0
2018-07-20 10:00:00,8.17,23.45,59.07,220.44,41.07,60.25,1011.9,6.82,34.44,0
2018-07-20 11:00:00,3.32,13.45,49.55,161.31,15.82,79.07,1009.33,10.43,60.57,0
2018-07-20 12:00:00,7.44,20.18,42.04,219.13,18.56,62.25,1007.88,1.91,19.25,0
2018-07-20 13:00:00,5.97,10.41,67.54,149.88,18.34,66.13,1014.68,18.99,74.41,0
2018-07-20 14:00:00,0.22,7.89,133.69,287.74,26.48,77.18,1007.65,2.8,100.0,0
2018-07-20 15:00:00,7.83,47.65,84.21,181.95,17.3,81.93,1003.45,5.01,71.66,0
2018-07-20 16:00:00,5.43,9.41,25.26,185.82,15.64,89.38,1006.18,4.53,23.68,0
2018-07-20 17:00:00,14.22,55.89,122.06,211.93,24.16,100.0,1013.73,4.3,85.85,1
2018-07-20 18:00:00,1.0,15.84,109.38,258.9,23.96,81.83,1001.98,9.98,94.21,0
2018-07-20 19:00:00,6.06,8.95,31.84,175.15,26.29,51.23,1005.26,13.11,47.67,1
2018-07-20 20:00:00,2.81,27.05,40.0,129.17,30.55,56.35,1017.38,12.3,32.77,1
2018-07-20 21:00:00,0.29,4.06,57.15,100.88,36.0,68.29,1014.78,5.49,45.36,0
2018-07-20 22:00:00,0.13,22.78,60.19,210.62,27.75,42.61,1018.23,4.88,91.14,1
2018-07-20 23:00:00,16.68,34.61,84.43,173.58,30.38,63.71,1014.19,12.79,47.2,0
2018-07-21 00:00:00,6.08,20.16,54.73,210.59,26.3,73.59,1014.1,3.42,16.42,0
2018-07-21 01:00:00,3.82,20.17,49.55,105.3,34.32,47.9,1012.52,4.71,16.42,0
2018-07-21 02:00:00,0.5,17.51,34.29,54.31,36.27,66.48,1013.13,17.43,38.51,1
2018-07-21 03:00:00,15.88,27.16,72.63,89.33,24.66,62.55,1015.88,10.61,49.22,0
2018-07-21 04:00:00,2.01,45.72,56.98,99.88,20.52,58.85,1006.67,14.03,48.72,0
2018-07-21 05:00:00,6.36,39.38,96.35,250.04,24.67,78.18,1008.29,22.52,86.9,1
2018-07-21 06:00:00,5.22,28.79,83.26,143.64,25.34,85.77,1004.7,3.93,94.33,0
2018-07-21 07:00:00,22.31,32.45,76.71,185.57,26.69,68.1,1011.41,3.16,64.81,0
2018-07-21 08:00:00,4.63,14.01,91.43,197.51,27.94,85.18,1013.22,6.53,72.51,0
2018-07-21 09:00:00,2.61,19.55,46.99,59.81,26.71,66.78,1013.77,19.14,72.58,0
2018-07-21 10:00:00,6.17,15.62,42.34,156.64,20.95,51.29,1006.5,3.99,52.49,0
2018-07-21 11:00:00,6.83,18.2,43.42,154.99,26.54,73.83,1017.1,15.43,51.68,0
2018-07-21 12:00:00,35.19,59.08,97.76,141.91,29.45,85.7,1006.44,0.44,94.4,1
2018-07-21 13:00:00,4.55,38.44,69.69,167.04,36.22,71.51,1009.24,12.33,55.77,0
2018-07-21 14:00:00,0.95,18.19,42.75,219.49,24.73,49.92,1016.38,1.53,21.5,0
2018-07-21 15:00:00,3.17,18.77,44.95,126.61,27.75,48.3,1011.75,9.2,45.12,0
2018-07-21 16:00:00,6.16,8.91,51.8,185.94,27.17,69.04,1010.05,29.97,35.45,1
2018-07-21 17:00:00,7.29,30.36,102.87,174.4,25.02,78.22,1021.98,14.15,70.72,1
2018-07-21 18:00:00,2.75,27.65,49.11,287.86,25.16,70.91,1012.9,21.65,37.0,0
2018-07-21 19:00:00,21.28,50.35,54.34,93.21,17.62,42.93,1011.29,8.38,49.92,1
2018-07-21 20:00:00,1.53,64.18,116.47,206.54,30.32,67.31,1007.68,14.07,87.21,1
2018-07-21 21:00:00,10.5,19.63,35.53,59.93,31.53,55.66,1009.86,13.41,18.25,0
2018-07-21 22:00:00,3.29,40.37,112.74,217.38,25.58,86.03,1009.38,2.14,100.0,1
2018-07-21 23:00:00,4.84,39.41,97.79,113.95,30.6,72.82,1005.71,3.45,86.87,0
2018-07-22 00:00:00,3.66,19.48,81.33,156.53,18.28,81.01,1006.09,2.02,48.54,0
2018-07-22 01:00:00,6.08,9.89,45.67,240.77,35.98,53.36,1009.39,26.2,49.55,0
2018-07-22 02:00:00,4.61,36.44,106.38,239.91,23.61,55.67,1012.77,20.31,100.0,0
2018-07-22 03:00:00,3.92,41.8,86.94,115.26,26.4,79.1,1015.05,7.75,70.42,1
2018-07-22 04:00:00,8.2,13.27,55.92,222.38,32.93,62.87,1002.2,4.15,51.16,0
2018-07-22 05:00:00,0.81,22.46,60.23,134.39,19.88,66.37,1012.36,4.82,31.87,0
2018-07-22 06:00:00,6.36,21.32,69.79,137.84,25.21,55.15,1009.71,5.39,46.79,0
2018-07-22 07:00:00,13.16,27.5,37.1,101.29,23.86,63.07,1024.47,0.73,42.5,0
2018-07-22 08:00:00,4.06,6.94,31.27,91.82,30.85,62.75,1010.67,1.75,46.48,0
2018-07-22 09:00:00,9.89,41.18,65.55,102.39,22.67,67.02,1005.03,4.26,47.73,0
2018-07-22 10:00:00,8.69,18.91,50.86,109.17,32.02,70.86,1015.08,20.16,49.73,0
2018-07-22 11:00:00,1.92,49.71,64.91,137.39,29.26,74.57,1014.42,20.45,79.53,0
2018-07-22 12:00:00,4.87,16.84,37.47,51.62,19.28,74.38,1010.57,5.73,42.93,0
2018-07-22 13:00:00,8.81,17.97,30.04,77.73,32.5,61.15,1014.19,27.23,53.63,0
2018-07-22 14:00:00,4.42,14.45,34.89,155.83,38.13,78.22,1017.44,13.1,37.24,0
2018-07-22 15:00:00,7.89,20.33,37.69,110.07,22.87,48.99,1018.16,30.13,56.96,0
2018-07-22 16:00:00,3.35,15.52,35.58,169.38,25.05,70.8,1014.53,17.09,47.51,0
2018-07-22 17:00:00,14.05,45.41,104.62,126.64,20.74,74.31,1006.11,2.77,65.48,0
2018-07-22 18:00:00,4.05,16.12,48.75,69.96,27.56,62.74,1004.88,10.75,31.38,0
2018-07-22 19:00:00,4.14,39.08,67.83,160.09,33.88,62.8,1007.35,12.59,77.03,0
2018-07-22 20:00:00,4.22,35.07,112.11,154.82,24.14,80.7,1013.95,8.42,91.01,0
2018-07-22 21:00:00,4.73,32.78,76.08,122.18,22.81,87.3,1013.12,2.69,47.14,0
2018-07-22 22:00:00,0.88,25.56,71.27,129.39,34.88,81.07,1001.4,7.74,58.69,0
2018-07-22 23:00:00,1.46,7.24,45.11,93.53,23.69,72.21,1001.61,13.51,53.87,0
2018-07-23 00:00:00,11.21,37.07,97.22,159.91,23.97,71.18,996.72,11.74,43.7,0
2018-07-23 01:00:00,9.89,40.81,107.18,209.29,26.58,90.72,1011.57,0.65,82.41,0
2018-07-23 02:00:00,9.34,45.74,87.85,395.19,18.32,75.09,1008.15,28.52,78.73,1
2018-07-23 03:00:00,7.24,10.33,69.99,118.76,23.25,57.17,1008.73,6.98,59.42,0
2018-07-23 04:00:00,2.67,32.56,80.97,235.27,38.14,61.49,1009.91,5.11,75.94,1
2018-07-23 05:00:00,2.36,5.54,48.77,59.09,31.84,80.01,1009.14,5.73,31.74,0
2018-07-23 06:00:00,4.53,27.0,53.96,121.82,31.27,76.03,1008.36,4.07,77.92,0
2018-07-23 07:00:00,12.74,32.58,52.24,133.42,31.35,77.1,1018.31,8.56,4.37,0
2018-07-23 08:00:00,5.75,12.61,22.42,70.02,31.36,60.66,1016.29,6.11,8.86,0
2018-07-23 09:00:00,1.36,16.94,107.81,171.49,25.67,65.91,1013.93,18.54,91.22,1
2018-07-23 10:00:00,0.61,13.89,73.96,148.48,27.54,50.68,1018.15,7.25,63.4,0
2018-07-23 11:00:00,10.16,30.88,55.82,92.75,29.95,56.73,1016.61,8.99,24.73,0
2018-07-23 12:00:00,16.23,31.34,39.57,135.53,25.33,47.45,1006.61,6.25,59.41,0
2018-07-23 13:00:00,0.38,19.12,67.74,157.56,35.2,90.49,1013.57,3.63,40.26,0
2018-07-23 14:00:00,10.46,22.01,49.65,119.62,18.66,58.39,1002.12,8.88,56.61,0
2018-07-23 15:00:00,7.08,65.8,127.95,194.65,26.24,72.49,1004.65,19.68,49.99,1
2018-07-23 16:00:00,1.83,20.94,37.32,159.04,34.08,56.1,1016.58,12.98,17.19,0
2018-07-23 17:00:00,5.83,15.94,40.18,152.21,33.47,44.79,1008.49,6.35,56.11,0
2018-07-23 18:00:00,1.07,10.67,40.42,89.18,25.24,44.05,1013.82,23.0,71.47,0
2018-07-23 19:00:00,3.73,28.68,81.86,238.64,29.71,85.93,1018.32,15.96,67.67,0
2018-07-23 20:00:00,4.79,82.96,103.9,195.6,29.66,91.61,1009.04,20.35,79.04,1
2018-07-23 21:00:00,13.94,47.16,96.2,160.82,39.96,84.25,1008.3,15.46,50.56,0
2018-07-23 22:00:00,3.53,18.02,28.37,185.97,23.6,65.29,1010.6,24.31,25.1,0
2018-07-23 23:00:00,2.11,4.8,37.65,57.21,29.15,49.69,1009.76,1.4,26.04,0
2018-07-24 00:00:00,6.59,13.81,97.05,143.84,25.71,85.41,1007.29,5.67,62.13,0
2018-07-24 01:00:00,8.08,17.02,123.03,285.96,36.38,77.28,1008.11,5.32,64.74,0
2018-07-24 02:00:00,2.01,4.52,73.44,167.51,27.24,73.66,1012.2,4.97,71.69,0
2018-07-24 03:00:00,1.29,13.95,21.98,124.37,24.58,61.98,1010.91,8.87,24.8,0
2018-07-24 04:00:00,1.45,24.26,54.88,127.78,32.06,72.73,1009.73,10.98,71.76,0
2018-07-24 05:00:00,13.98,24.74,58.33,100.1,23.61,75.31,1011.34,6.65,37.96,0
2018-07-24 06:00:00,7.76,34.61,97.96,168.58,29.03,71.27,1003.9,1.73,70.56,0
2018-07-24 07:00:00,3.28,12.78,50.03,166.99,31.69,74.52,1010.25,27.32,49.21,1
2018-07-24 08:00:00,12.08,16.28,31.78,103.47,18.47,57.86,1015.24,8.21,29.92,0
2018-07-24 09:00:00,1.99,10.16,79.78,196.33,23.52,79.57,1004.37,7.51,41.02,0
2018-07-24 10:00:00,4.35,11.73,109.44,206.54,38.51,85.17,1011.68,4.68,84.2,0
2018-07-24 11:00:00,1.04,4.29,61.45,106.96,29.21,49.23,1014.39,16.77,65.85,1
2018-07-24 12:00:00,11.64,17.67,37.89,134.97,21.74,62.27,1020.72,21.14,45.52,0
2018-07-24 13:00:00,1.79,3.87,116.26,243.49,28.79,54.44,1010.61,3.79,100.0,0
2018-07-24 14:00:00,1.85,3.76,64.32,100.21,17.7,51.28,1007.04,10.73,43.98,0
2018-07-24 15:00:00,6.73,17.31,71.5,131.33,28.91,68.58,1010.24,22.16,92.69,0
2018-07-24 16:00:00,0.08,8.88,103.93,170.85,30.17,72.4,1006.76,3.74,74.44,0
2018-07-24 17:00:00,0.73,51.49,113.14,201.44,27.52,72.84,1008.1,14.55,79.71,0
2018-07-24 18:00:00,9.07,15.35,46.84,250.62,23.9,70.09,1004.84,15.06,54.33,0
2018-07-24 19:00:00,1.42,11.42,98.97,142.32,37.83,69.12,1009.19,7.62,100.0,0
2018-07-24 20:00:00,28.16,44.69,61.56,126.6,26.18,54.49,1017.22,4.62,49.22,0
2018-07-24 21:00:00,5.53,33.73,53.23,98.89,17.59,49.29,1017.75,8.24,68.96,0
2018-07-24 22:00:00,0.32,35.83,59.07,78.7,27.1,49.09,1014.31,3.44,55.06,0
2018-07-24 23:00:00,16.9,33.59,71.69,181.4,34.44,59.19,1006.56,4.74,33.47,0
2018-07-25 00:00:00,5.53,18.34,60.44,258.04,36.9,58.49,1013.52,6.36,57.12,0
2018-07-25 01:00:00,3.83,11.62,41.59,158.14,13.17,76.73,1010.65,0.47,40.6,1
2018-07-25 02:00:00,5.51,20.65,51.75,90.46,23.41,66.1,1009.72,7.42,72.12,0
2018-07-25 03:00:00,0.32,33.92,77.46,116.37,25.94,58.82,1016.27,9.62,47.5,0
2018-07-25 04:00:00,4.5,19.25,36.15,100.06,28.91,69.98,1010.19,10.98,31.14,0
2018-07-25 05:00:00,1.56,21.01,72.14,120.78,20.51,76.08,1008.74,10.21,42.21,0
2018-07-25 06:00:00,4.21,30.08,33.65,75.4,31.05,56.79,1014.23,22.77,51.15,0
2018-07-25 07:00:00,2.76,21.05,55.66,188.9,33.1,77.9,1004.33,0.54,50.23,0
2018-07-25 08:00:00,5.23,25.99,49.1,187.1,23.14,74.3,1010.44,5.7,53.08,0
2018-07-25 09:00:00,3.28,21.18,130.67,189.25,27.74,75.5,1014.85,6.31,99.78,0
2018-07-25 10:00:00,2.56,8.29,36.59,173.33,32.48,61.21,1019.21,3.57,6.76,0
2018-07-25 11:00:00,1.34,16.76,54.98,190.76,37.73,61.5,1006.72,7.59,14.56,0
2018-07-25 12:00:00,0.35,17.07,46.42,83.02,33.8,68.9,1006.53,2.41,62.8,0
2018-07-25 13:00:00,0.21,42.96,57.41,129.67,25.13,42.45,1008.14,2.31,41.2,0
2018-07-25 14:00:00,0.77,8.65,22.62,46.26,30.49,68.65,995.96,14.07,41.92,0
2018-07-25 15:00:00,8.46,24.61,36.52,80.7,26.71,47.36,1020.33,18.85,40.75,0
2018-07-25 16:00:00,1.23,11.77,46.01,207.28,23.88,56.9,1015.0,9.22,72.61,0
2018-07-25 17:00:00,2.08,42.4,69.87,262.47,30.73,88.68,1005.08,5.71,56.66,1
2018-07-25 18:00:00,2.1,32.61,40.51,138.0,30.67,59.2,1004.8,5.96,54.91,0
2018-07-25 19:00:00,2.81,18.74,119.13,256.2,27.96,80.24,1008.94,2.58,86.31,1
2018-07-25 20:00:00,7.18,7.6,61.8,113.31,33.51,70.66,1012.7,5.7,57.25,0
2018-07-25 21:00:00,3.25,34.69,73.46,123.71,26.44,72.19,1020.79,6.25,54.68,0
2018-07-25 22:00:00,9.93,13.43,18.6,125.78,27.5,54.47,1009.96,7.28,32.01,0
2018-07-25 23:00:00,0.78,2.96,48.64,113.73,29.08,68.62,1012.49,10.5,40.07,0
2018-07-26 00:00:00,9.03,35.97,73.21,87.49,29.77,67.88,1008.12,7.3,44.3,0
2018-07-26 01:00:00,15.29,35.35,97.04,159.89,22.92,55.45,1008.79,28.6,66.41,0
2018-07-26 02:00:00,4.44,23.14,42.97,194.54,38.38,51.51,1020.97,3.62,38.82,0
2018-07-26 03:00:00,1.11,9.31,33.54,105.62,31.7,59.8,1025.59,11.68,46.25,0
2018-07-26 04:00:00,7.31,10.23,51.57,191.7,28.01,69.89,1014.75,14.77,29.43,0
2018-07-26 05:00:00,4.52,5.14,28.64,47.47,28.13,65.92,1005.45,9.73,14.12,0
2018-07-26 06:00:00,6.16,24.79,70.04,146.33,27.58,69.84,1015.27,4.39,66.79,1
2018-07-26 07:00:00,10.19,14.4,28.51,86.81,36.04,60.52,1012.24,10.8,34.29,0
2018-07-26 08:00:00,2.97,24.06,56.39,84.47,33.27,64.21,1012.46,8.21,74.93,0
2018-07-26 09:00:00,2.45,7.29,27.37,100.64,31.49,63.55,1011.38,3.34,13.73,0
2018-07-26 10:00:00,32.51,48.74,108.41,170.26,41.63,65.15,1006.43,9.25,72.45,1
2018-07-26 11:00:00,7.4,12.92,129.02,306.07,31.26,78.94,1011.16,14.24,100.0,0
2018-07-26 12:00:00,11.78,37.02,135.29,289.7,23.05,88.58,1005.51,12.49,68.55,1
2018-07-26 13:00:00,9.67,27.72,34.69,100.11,32.07,62.58,1010.49,7.4,46.82,0
2018-07-26 14:00:00,11.91,27.05,75.02,143.97,30.93,58.89,1010.63,2.39,62.0,1
2018-07-26 15:00:00,6.36,12.77,32.6,79.64,35.63,51.1,1013.43,16.0,49.8,1
2018-07-26 16:00:00,10.7,14.01,27.8,60.37,32.1,73.08,1004.74,6.14,47.75,0
2018-07-26 17:00:00,2.09,20.82,67.89,152.48,28.76,66.02,1012.54,3.77,42.2,1
2018-07-26 18:00:00,0.33,8.73,22.52,39.21,33.3,44.77,1009.98,14.57,54.64,0
2018-07-26 19:00:00,1.48,15.86,88.09,143.53,18.76,60.89,1012.65,5.44,70.46,0
2018-07-26 20:00:00,3.86,17.58,65.33,96.94,30.63,50.08,1021.82,11.18,59.91,0
2018-07-26 21:00:00,3.33,16.34,79.06,179.42,31.14,52.88,1006.03,11.98,70.44,1
2018-07-26 22:00:00,4.55,35.3,76.7,202.29,20.67,71.77,1010.04,19.26,72.41,0
2018-07-26 23:00:00,1.94,15.17,27.55,97.94,28.68,54.14,1010.24,6.88,16.85,0
2018-07-27 00:00:00,0.11,5.74,32.43,93.95,24.36,48.57,1009.23,8.6,42.38,0
2018-07-27 01:00:00,2.88,25.03,105.65,238.85,25.59,86.4,1003.53,5.21,83.14,1
2018-07-27 02:00:00,0.63,22.23,53.72,101.31,33.08,61.79,1011.85,1.9,39.31,0
2018-07-27 03:00:00,4.35,11.97,41.85,171.57,22.32,62.79,1006.98,8.35,49.62,0
2018-07-27 04:00:00,6.66,13.11,99.48,193.17,26.75,80.3,1017.85,10.09,77.01,0
2018-07-27 05:00:00,2.81,20.77,61.24,134.49,22.9,51.0,1012.49,8.36,33.66,0
2018-07-27 06:00:00,1.01,5.47,80.59,252.81,29.24,56.61,1003.93,21.77,71.1,1
2018-07-27 07:00:00,4.79,22.92,54.78,186.11,29.84,65.07,1012.96,2.99,41.03,0
2018-07-27 08:00:00,33.89,70.58,87.07,114.07,20.91,37.33,1010.5,6.08,89.53,0
2018-07-27 09:00:00,7.4,29.35,33.56,90.19,26.12,81.36,1006.23,11.09,39.63,1
2018-07-27 10:00:00,7.92,46.0,77.33,111.39,26.96,72.72,1010.14,13.38,46.62,0
2018-07-27 11:00:00,2.48,16.94,54.25,117.24,28.64,63.57,1012.21,18.02,62.34,0
2018-07-27 12:00:00,1.63,16.06,86.53,231.97,33.21,75.3,1020.76,8.51,50.97,0
2018-07-27 13:00:00,11.93,27.66,28.25,147.03,22.74,66.61,1006.56,0.81,43.56,0
2018-07-27 14:00:00,0.03,19.48,70.25,99.06,25.76,70.92,1012.39,12.28,47.53,0
2018-07-27 15:00:00,1.87,20.48,55.51,104.84,35.21,73.16,1005.24,6.3,55.61,0
2018-07-27 16:00:00,18.22,24.89,55.41,113.82,32.3,76.61,1009.37,27.52,22.85,1
2018-07-27 17:00:00,4.07,17.57,130.2,222.68,22.71,95.82,1003.47,11.64,65.75,0
2018-07-27 18:00:00,0.43,30.48,78.47,177.65,27.37,60.73,1017.54,8.37,80.7,0
2018-07-27 19:00:00,6.85,12.27,100.84,118.39,30.29,60.64,1015.93,3.0,89.91,1
2018-07-27 20:00:00,2.83,18.54,37.92,189.4,32.88,49.29,1017.3,7.44,50.16,0
2018-07-27 21:00:00,0.26,19.45,45.16,105.95,29.76,65.19,1008.32,13.84,60.88,0
2018-07-27 22:00:00,5.67,24.86,95.76,234.05,30.25,53.85,1005.49,4.03,65.52,1
2018-07-27 23:00:00,4.87,8.1,25.23,52.99,30.38,45.48,1012.23,7.88,22.03,0
2018-07-28 00:00:00,4.59,9.88,27.8,49.75,28.25,65.25,1021.39,27.49,24.32,0
2018-07-28 01:00:00,7.3,36.59,51.89,148.1,19.29,59.45,1016.25,6.18,41.68,0
2018-07-28 02:00:00,0.91,29.87,52.94,106.04,25.23,63.05,1023.47,9.51,66.89,0
2018-07-28 03:00:00,6.24,20.21,61.86,126.41,34.8,82.09,1009.29,14.45,48.7,0
2018-07-28 04:00:00,5.23,22.59,73.0,135.05,32.74,78.2,1010.43,7.73,47.16,0
2018-07-28 05:00:00,11.72,17.64,56.69,147.93,27.92,67.53,1014.64,11.47,58.76,0
2018-07-28 06:00:00,1.83,5.91,33.3,119.86,26.66,50.41,1011.55,13.6,29.35,0
2018-07-28 07:00:00,13.53,15.82,51.83,160.16,23.92,62.31,1010.91,10.45,49.51,0
2018-07-28 08:00:00,9.52,13.51,102.65,267.34,23.25,64.61,1004.32,8.64,90.91,0
2018-07-28 09:00:00,3.91,21.25,56.51,289.55,33.21,62.33,1006.71,11.31,49.66,1
2018-07-28 10:00:00,4.59,17.0,42.87,182.75,26.26,53.26,1023.06,2.88,47.14,0
2018-07-28 11:00:00,4.45,19.52,22.9,144.76,29.62,59.7,1009.5,5.17,44.59,0
2018-07-28 12:00:00,8.94,23.82,56.79,130.37,41.24,61.81,1016.58,5.35,62.45,0
2018-07-28 13:00:00,3.28,8.43,77.23,85.24,28.56,59.33,1002.0,5.33,51.89,0
2018-07-28 14:00:00,11.69,29.82,37.5,88.86,23.86,48.85,1011.97,15.75,29.02,0
2018-07-28 15:00:00,6.96,38.94,50.95,148.52,32.82,80.04,1006.02,23.03,33.78,1
2018-07-28 16:00:00,22.83,28.06,51.73,70.05,33.92,56.79,1010.13,12.74,51.48,0
2018-07-28 17:00:00,2.01,15.15,36.22,141.14,17.31,71.67,1016.38,31.93,37.03,1
2018-07-28 18:00:00,8.19,30.84,68.48,92.34,34.86,65.69,1009.16,8.41,64.71,0
2018-07-28 19:00:00,0.66,29.56,134.83,182.9,23.04,79.8,1017.89,2.17,74.32,0
2018-07-28 20:00:00,3.63,23.3,37.86,98.25,36.87,62.49,1013.34,15.94,29.99,0
2018-07-28 21:00:00,7.35,13.25,33.96,73.11,35.01,57.72,1012.82,9.5,52.82,0
2018-07-28 22:00:00,8.66,10.67,41.65,90.21,28.71,61.96,1009.76,14.59,39.23,0
2018-07-28 23:00:00,3.0,13.55,32.97,135.39,23.35,65.98,1007.49,25.15,35.39,0
2018-07-29 00:00:00,12.8,24.76,62.26,174.98,34.04,52.97,1007.21,11.32,34.76,0
2018-07-29 01:00:00,15.21,44.13,93.41,208.27,30.31,69.46,1012.18,17.93,84.35,1
2018-07-29 02:00:00,2.04,11.8,32.97,144.35,23.74,60.75,1008.07,6.43,50.64,0
2018-07-29 03:00:00,3.75,8.83,70.88,207.84,30.88,73.86,1009.18,12.93,63.74,0
2018-07-29 04:00:00,3.34,10.51,36.9,170.09,21.79,57.02,1010.05,16.76,22.77,0
2018-07-29 05:00:00,2.48,22.02,41.29,190.63,29.48,59.9,1019.99,12.76,55.89,0
2018-07-29 06:00:00,14.43,28.27,37.84,137.15,29.58,69.14,1012.49,16.86,11.87,0
2018-07-29 07:00:00,14.29,26.38,79.14,220.19,30.63,52.57,1011.61,5.26,62.74,0
2018-07-29 08:00:00,3.47,32.9,75.37,264.28,34.66,79.31,1006.08,10.61,57.19,0
2018-07-29 09:00:00,8.15,9.27,23.12,57.15,25.28,50.17,1007.96,16.46,53.29,1
2018-07-29 10:00:00,11.58,37.39,54.82,168.18,24.48,74.95,1005.91,16.11,65.51,0
2018-07-29 11:00:00,5.75,6.07,46.08,73.05,28.15,75.38,1010.84,8.85,78.67,0
2018-07-29 12:00:00,3.18,28.03,78.52,170.2,32.48,65.15,1001.94,16.32,45.31,0
2018-07-29 13:00:00,1.85,17.42,60.94,106.04,26.85,75.51,1014.63,9.96,66.32,0
2018-07-29 14:00:00,8.87,23.7,76.27,216.42,19.16,64.63,1012.62,20.99,67.52,1
2018-07-29 15:00:00,0.76,15.84,142.39,249.58,26.55,72.95,1001.92,11.53,90.46,0
2018-07-29 16:00:00,3.28,28.12,90.9,209.98,28.87,74.8,1008.63,1.33,64.37,0
2018-07-29 17:00:00,2.67,7.58,61.28,120.34,23.72,74.36,1016.64,3.15,76.05,0
2018-07-29 18:00:00,0.68,21.78,44.57,221.36,15.07,52.96,1011.24,4.05,43.35,0
2018-07-29 19:00:00,4.08,29.44,42.08,109.57,29.71,44.76,1005.29,14.52,27.93,0
2018-07-29 20:00:00,3.67,16.3,97.03,139.78,20.8,74.1,1015.62,4.64,90.77,0
2018-07-29 21:00:00,1.39,9.49,33.18,91.21,33.32,77.03,1016.89,13.04,50.52,0
2018-07-29 22:00:00,13.97,16.52,62.97,103.72,40.67,65.74,1016.89,4.08,58.4,0
2018-07-29 23:00:00,8.93,78.66,87.8,141.57,23.08,83.38,1005.01,9.48,50.82,1
2018-07-30 00:00:00,4.66,19.68,25.78,92.29,29.93,70.3,1027.69,4.57,2.24,0
2018-07-30 01:00:00,10.18,12.27,74.68,238.07,29.64,77.05,1012.15,2.15,95.33,0
2018-07-30 02:00:00,12.36,18.0,36.91,61.88,19.56,59.73,1011.35,21.44,35.82,0
2018-07-30 03:00:00,14.5,23.04,69.21,120.93,14.67,60.64,1012.09,3.05,88.94,0
2018-07-30 04:00:00,1.99,27.77,46.86,160.59,20.54,64.56,1015.63,1.97,52.12,0
2018-07-30 05:00:00,10.18,15.81,65.53,146.84,26.33,54.97,1018.5,1.73,66.79,1
2018-07-30 06:00:00,3.68,11.88,44.27,159.37,41.41,71.09,1007.21,6.25,24.89,0
2018-07-30 07:00:00,5.55,28.41,56.71,255.4,31.15,60.99,1009.36,3.67,80.98,0
2018-07-30 08:00:00,2.12,12.31,55.5,129.95,23.14,63.21,1007.16,12.24,49.9,0
2018-07-30 09:00:00,4.44,18.99,67.06,106.94,23.08,64.93,1002.43,4.59,58.02,0
2018-07-30 10:00:00,10.31,14.01,34.43,107.35,24.23,53.19,1013.07,12.61,51.36,0
2018-07-30 11:00:00,4.0,8.5,54.93,112.69,17.67,59.23,1015.79,15.37,33.9,0
2018-07-30 12:00:00,1.45,6.53,55.51,112.17,23.13,68.55,1007.11,8.15,74.88,0
2018-07-30 13:00:00,19.81,32.85,94.47,135.13,30.54,60.39,1006.4,27.44,54.93,1
2018-07-30 14:00:00,1.89,16.33,91.55,239.89,26.75,60.26,1006.52,9.46,74.66,0
2018-07-30 15:00:00,0.35,15.89,49.24,73.47,25.76,54.98,1016.21,3.11,49.53,0
2018-07-30 16:00:00,2.34,31.7,50.92,181.9,32.59,64.57,1008.59,6.38,69.85,0
2018-07-30 17:00:00,11.85,19.9,35.54,149.77,21.8,45.03,1000.68,10.6,16.02,0
2018-07-30 18:00:00,1.73,4.68,26.32,45.08,30.36,52.31,1012.48,3.08,18.69,0
2018-07-30 19:00:00,0.97,24.29,47.35,140.93,21.73,40.05,1009.16,21.09,50.73,0
2018-07-30 20:00:00,5.05,21.2,47.13,77.11,32.57,47.15,1006.01,7.64,15.64,0
2018-07-30 21:00:00,17.65,39.86,72.5,144.6,28.35,63.62,1010.52,0.92,29.91,0
2018-07-30 22:00:00,7.08,23.19,61.44,132.34,28.9,68.94,1011.75,16.2,39.84,1
2018-07-30 23:00:00,0.74,9.52,49.39,95.87,27.26,64.6,1009.74,23.5,45.85,0
2018-07-31 00:00:00,25.53,34.3,90.39,159.4,30.99,70.86,1008.97,6.48,46.44,1
2018-07-31 01:00:00,6.31,13.59,93.98,260.38,23.31,66.02,1001.18,2.76,77.52,0
2018-07-31 02:00:00,10.84,43.48,83.59,109.23,33.56,81.7,1005.18,14.32,77.67,1
2018-07-31 03:00:00,0.5,53.26,76.35,141.18,26.59,63.82,1011.76,5.32,37.82,0
2018-07-31 04:00:00,22.21,42.6,97.91,124.02,30.72,57.82,1013.14,15.74,86.06,1
2018-07-31 05:00:00,2.94,14.14,67.15,302.18,31.63,80.74,1006.74,5.08,66.34,1
2018-07-31 06:00:00,0.42,8.2,29.5,77.66,23.79,51.25,1021.17,15.58,39.64,1
2018-07-31 07:00:00,5.67,23.83,77.44,122.23,30.72,65.9,1009.17,3.48,84.56,0
2018-07-31 08:00:00,10.83,14.58,16.86,274.18,23.91,67.63,1008.78,28.65,41.62,0
2018-07-31 09:00:00,8.11,28.01,43.55,147.27,19.25,56.12,1012.26,8.45,46.68,0
2018-07-31 10:00:00,7.98,15.37,28.15,164.85,29.06,71.05,1013.71,33.98,35.53,1
2018-07-31 11:00:00,7.46,7.97,24.31,36.88,39.9,60.44,1012.35,11.89,43.04,0
2018-07-31 12:00:00,5.18,43.52,99.63,227.6,24.4,77.9,1009.28,4.42,74.12,0
2018-07-31 13:00:00,0.49,24.26,52.21,104.29,30.81,66.63,1013.9,5.04,61.37,0
2018-07-31 14:00:00,3.62,6.94,67.69,181.24,32.5,64.52,1017.32,39.13,74.33,0
2018-07-31 15:00:00,3.1,29.68,114.75,235.18,21.62,91.15,1004.08,4.0,88.13,0
2018-07-31 16:00:00,14.55,21.84,104.09,123.4,24.6,81.22,1005.22,1.52,72.63,0
2018-07-31 17:00:00,11.87,38.06,58.85,86.28,34.87,48.02,1011.35,2.4,39.07,0
2018-07-31 18:00:00,2.65,15.55,44.4,77.89,31.6,58.32,1015.68,10.7,50.55,0
2018-07-31 19:00:00,9.38,22.97,56.31,177.67,28.39,72.86,1001.82,11.87,72.71,1
2018-07-31 20:00:00,4.21,18.67,111.76,139.89,19.33,51.3,1009.77,14.67,93.12,0
2018-07-31 21:00:00,0.35,13.35,33.81,53.6,24.83,52.71,1020.09,4.34,9.78,0
2018-07-31 22:00:00,8.4,13.88,81.31,118.15,30.86,80.23,1011.41,3.0,81.05,0
2018-07-31 23:00:00,1.17,39.58,85.76,100.65,10.71,73.52,1012.83,29.92,59.4,0
2018-08-01 00:00:00,1.17,21.46,24.84,97.77,32.47,54.11,1012.65,15.22,39.08,0
2018-08-01 01:00:00,1.96,6.29,33.49,80.51,34.23,68.09,1013.27,2.95,25.6,0
2018-08-01 02:00:00,8.57,16.79,31.53,68.79,37.9,82.36,1015.32,6.72,34.06,0
2018-08-01 03:00:00,12.01,50.72,77.21,235.86,35.01,59.48,1006.34,6.28,28.37,1
2018-08-01 04:00:00,11.79,15.01,18.61,90.8,30.21,46.03,1005.68,4.6,25.12,0
2018-08-01 05:00:00,1.85,21.63,118.53,202.21,32.28,93.53,1011.74,13.44,69.41,1
2018-08-01 06:00:00,1.48,6.6,31.18,99.62,26.04,70.69,1012.12,2.02,10.94,0
2018-08-01 07:00:00,8.57,15.68,42.38,139.87,24.96,59.73,1020.89,34.73,69.9,0
2018-08-01 08:00:00,1.89,14.85,105.66,252.14,30.41,74.59,1002.28,24.38,73.25,0
2018-08-01 09:00:00,3.89,22.4,33.29,108.36,23.47,69.45,1016.45,8.88,65.53,0
2018-08-01 10:00:00,9.28,24.09,71.54,182.69,25.65,76.35,1005.58,4.88,56.39,0
2018-08-01 11:00:00,4.74,9.35,28.12,103.63,40.05,69.21,1013.06,12.38,41.23,0
2018-08-01 12:00:00,6.29,43.89,50.16,102.05,23.93,55.84,1014.55,4.85,52.35,0
2018-08-01 13:00:00,3.74,25.69,77.31,171.91,29.3,66.26,1010.29,1.04,52.79,0
2018-08-01 14:00:00,10.96,41.58,118.28,296.88,19.07,95.76,1009.36,11.3,92.68,1
2018-08-01 15:00:00,11.92,24.37,56.27,187.09,23.48,71.66,1010.37,18.29,79.7,0
2018-08-01 16:00:00,7.46,30.5,87.59,114.42,23.52,87.47,1010.13,8.4,74.73,1
2018-08-01 17:00:00,11.96,42.82,63.21,161.15,27.31,68.35,1004.66,10.03,49.78,0
2018-08-01 18:00:00,32.25,49.56,98.15,135.39,23.16,67.58,1004.94,2.96,78.02,0
2018-08-01 19:00:00,9.14,26.05,60.23,147.29,26.42,56.35,1010.72,15.28,64.0,0
2018-08-01 20:00:00,4.36,23.89,46.19,69.05,25.19,59.17,1011.66,9.49,40.52,0
2018-08-01 21:00:00,6.43,25.87,40.04,122.79,26.89,74.44,1011.09,6.94,37.35,0
2018-08-01 22:00:00,13.02,30.64,106.39,148.24,18.81,75.22,1003.88,9.87,73.26,0
2018-08-01 23:00:00,2.9,28.06,63.18,140.52,19.37,51.84,1015.65,6.38,59.97,0
2018-08-02 00:00:00,2.63,14.89,40.16,97.6,32.24,52.43,1013.13,8.77,60.65,0
2018-08-02 01:00:00,6.32,42.15,69.98,133.81,24.79,90.99,1011.91,26.08,60.17,1
2018-08-02 02:00:00,4.28,5.78,55.4,238.29,29.03,56.56,1011.23,9.99,59.25,0
2018-08-02 03:00:00,1.46,24.16,80.0,167.07,30.09,72.05,1005.01,16.25,69.98,0
2018-08-02 04:00:00,5.42,39.84,74.17,141.03,28.35,77.28,1002.19,10.48,27.47,0
2018-08-02 05:00:00,15.34,23.46,70.22,228.46,20.54,64.54,1010.85,15.59,54.58,1
2018-08-02 06:00:00,7.23,17.17,43.6,176.99,16.65,39.09,1008.19,10.49,12.08,0
2018-08-02 07:00:00,1.08,37.41,66.45,110.6,25.63,54.67,1007.74,17.83,41.25,0
2018-08-02 08:00:00,8.33,30.9,83.09,258.87,28.12,60.46,1013.51,9.86,39.27,0
2018-08-02 09:00:00,3.41,27.12,52.83,76.99,35.61,50.24,1010.21,7.99,46.64,0
2018-08-02 10:00:00,24.42,36.14,49.35,91.18,38.75,78.15,1014.52,7.96,36.36,0
2018-08-02 11:00:00,7.74,18.7,69.02,160.65,29.83,75.42,1007.3,4.85,60.35,0
2018-08-02 12:00:00,2.32,14.08,58.4,154.35,27.44,77.92,1009.28,8.45,61.42,0
2018-08-02 13:00:00,8.91,19.65,81.91,250.91,27.44,60.78,1009.45,14.72,58.31,0
2018-08-02 14:00:00,5.81,17.71,67.52,135.44,27.61,64.78,1001.6,7.75,47.06,0
2018-08-02 15:00:00,14.14,35.04,78.51,252.72,24.1,79.37,1006.33,7.94,63.01,1
2018-08-02 16:00:00,2.61,13.03,24.6,295.01,35.33,41.75,1018.9,2.68,40.1,0
2018-08-02 17:00:00,7.73,12.89,46.53,96.85,25.6,81.8,1008.02,26.34,30.82,0
2018-08-02 18:00:00,0.5,33.72,56.91,130.99,29.76,76.78,1011.78,15.65,37.61,0
2018-08-02 19:00:00,5.18,13.24,62.78,105.67,29.68,70.47,1007.08,16.17,68.45,0
2018-08-02 20:00:00,1.04,10.97,107.71,153.15,15.02,68.16,1005.58,16.94,90.61,0
2018-08-02 21:00:00,5.62,9.26,64.36,144.71,22.23,53.32,1011.82,12.66,70.67,0
2018-08-02 22:00:00,6.89,23.98,34.83,91.07,29.79,67.98,1005.82,6.74,47.89,0
2018-08-02 23:00:00,7.45,15.27,57.03,102.44,34.72,80.49,1014.92,7.81,45.17,0
2018-08-03 00:00:00,2.61,7.58,30.88,83.38,28.97,64.26,1015.51,8.56,7.87,0
2018-08-03 01:00:00,5.34,32.15,85.26,135.12,31.65,76.77,1012.95,1.63,67.47,1
2018-08-03 02:00:00,12.7,56.07,115.14,202.79,21.88,82.42,998.36,3.17,100.0,0
2018-08-03 03:00:00,19.23,28.1,61.03,93.5,28.15,67.77,1010.97,7.87,57.12,0
2018-08-03 04:00:00,5.53,28.29,54.22,175.56,21.53,69.79,1020.47,4.86,42.0,0
2018-08-03 05:00:00,13.0,31.05,74.45,205.57,32.26,83.73,1001.06,10.52,34.58,0
2018-08-03 06:00:00,1.64,17.35,38.58,46.66,28.24,67.68,1019.65,20.63,16.6,0
2018-08-03 07:00:00,3.11,7.86,68.09,193.17,37.54,68.65,998.05,5.2,52.41,0
2018-08-03 08:00:00,6.14,22.98,73.05,127.31,27.88,60.17,1013.26,10.82,57.73,1
2018-08-03 09:00:00,4.31,27.75,52.88,107.61,19.32,72.82,1002.88,5.29,38.85,0
2018-08-03 10:00:00,3.85,55.32,70.2,161.42,29.8,68.51,1011.46,2.47,68.9,0
2018-08-03 11:00:00,11.87,13.63,53.96,108.29,25.47,65.75,1016.67,0.92,41.05,0
2018-08-03 12:00:00,1.31,23.87,91.53,175.23,33.24,77.08,1003.33,7.18,53.02,0
2018-08-03 13:00:00,1.5,17.18,74.66,156.79,24.0,68.72,1021.0,19.29,76.27,1
2018-08-03 14:00:00,0.81,12.81,25.82,100.4,34.88,63.52,1006.44,3.92,35.91,0
2018-08-03 15:00:00,6.32,39.76,86.43,205.02,20.36,72.52,1011.71,3.35,64.65,1
2018-08-03 16:00:00,3.4,12.12,62.19,145.13,35.77,62.7,1005.55,14.58,41.28,0
2018-08-03 17:00:00,10.9,53.66,82.98,112.53,20.45,78.82,1016.27,20.05,48.18,1
2018-08-03 18:00:00,5.81,7.32,42.54,150.62,23.67,36.78,1020.11,5.57,23.72,0
2018-08-03 19:00:00,2.54,13.15,68.66,91.66,31.74,73.25,1008.63,16.81,58.84,0
2018-08-03 20:00:00,2.1,29.25,67.19,262.58,39.78,56.9,1018.4,7.55,61.71,1
2018-08-03 21:00:00,4.04,20.35,25.5,65.42,28.46,71.09,1013.43,6.44,19.42,0
2018-08-03 22:00:00,1.06,8.87,27.07,67.88,20.28,41.55,1010.57,10.08,25.74,0
2018-08-03 23:00:00,12.11,21.26,46.06,227.95,15.14,57.98,1005.92,4.64,38.98,0
2018-08-04 00:00:00,3.22,23.19,41.81,109.34,33.24,66.54,1007.68,16.89,33.76,0
2018-08-04 01:00:00,0.6,7.53,67.48,128.56,37.06,65.77,1015.18,12.04,44.32,1
2018-08-04 02:00:00,14.21,51.13,96.6,154.77,34.01,65.27,1005.75,7.49,78.19,0
2018-08-04 03:00:00,4.1,17.4,28.9,97.4,28.93,71.18,1015.37,2.76,26.35,0
2018-08-04 04:00:00,8.29,20.6,65.41,236.44,23.8,53.6,1009.08,7.62,58.52,1
2018-08-04 05:00:00,2.58,20.92,83.92,138.27,30.82,71.1,1017.93,14.74,62.37,0
2018-08-04 06:00:00,14.62,18.28,47.76,221.65,29.92,57.32,1007.97,22.15,43.44,0
2018-08-04 07:00:00,1.76,18.14,60.96,148.38,38.87,73.64,1002.64,5.39,43.73,0
2018-08-04 08:00:00,3.4,60.06,96.85,248.42,30.84,66.66,1003.24,7.73,47.56,0
2018-08-04 09:00:00,0.31,13.3,27.44,82.23,32.87,60.0,1014.41,12.41,26.07,0
2018-08-04 10:00:00,14.33,30.27,75.19,215.16,27.34,65.5,1010.1,2.96,57.03,1
2018-08-04 11:00:00,2.21,26.8,49.66,87.61,22.56,63.3,1011.34,2.85,43.14,0
2018-08-04 12:00:00,6.46,42.74,126.45,214.1,27.77,79.26,1011.91,5.71,74.31,0
2018-08-04 13:00:00,7.35,23.59,36.96,73.32,14.68,62.07,1005.71,13.26,26.82,0
2018-08-04 14:00:00,12.43,24.26,58.24,107.75,27.88,64.89,1007.62,0.95,62.48,0
2018-08-04 15:00:00,6.01,32.51,97.87,132.9,29.71,65.64,1007.39,7.06,52.39,0
2018-08-04 16:00:00,4.36,11.23,36.33,182.14,24.91,63.88,1012.47,19.18,52.32,0
2018-08-04 17:00:00,11.37,47.0,91.35,176.39,29.94,59.66,1005.45,10.13,52.66,0
2018-08-04 18:00:00,7.24,36.3,229.52,351.51,33.9,100.0,1002.62,6.82,100.0,1
2018-08-04 19:00:00,3.69,29.65,91.96,215.36,28.7,71.4,1007.09,40.37,71.78,1
2018-08-04 20:00:00,14.86,33.79,79.72,112.93,27.46,46.96,1002.4,6.99,20.86,0
2018-08-04 21:00:00,7.77,30.04,87.24,187.04,25.82,72.63,1007.35,13.69,97.71,0
2018-08-04 22:00:00,17.12,39.38,86.94,299.65,26.57,87.63,1011.99,10.99,91.87,1
2018-08-04 23:00:00,2.5,20.04,37.6,105.99,38.86,60.79,1005.88,5.61,17.14,0
2018-08-05 00:00:00,12.38,21.16,64.58,156.1,23.62,68.42,1003.38,4.79,65.01,0
2018-08-05 01:00:00,0.61,23.35,145.03,296.92,24.5,73.96,1006.11,10.05,90.08,1
2018-08-05 02:00:00,11.31,15.94,90.46,152.38,33.19,95.02,1006.31,3.16,47.82,1
2018-08-05 03:00:00,1.02,6.61,34.51,165.61,23.75,83.65,1002.25,35.03,22.06,0
2018-08-05 04:00:00,5.85,42.8,73.19,181.86,32.83,85.52,1000.77,2.96,60.24,0
2018-08-05 05:00:00,7.57,13.04,140.01,220.11,22.85,100.0,1012.8,23.3,94.05,0
2018-08-05 06:00:00,3.78,35.19,69.14,161.8,27.94,58.63,1006.65,4.4,66.62,1
2018-08-05 07:00:00,4.91,10.19,35.65,72.91,33.1,48.72,1015.98,5.14,46.31,0
2018-08-05 08:00:00,1.38,13.84,31.84,274.13,21.25,89.1,1014.85,9.17,44.48,0
2018-08-05 09:00:00,10.31,23.81,62.63,129.76,32.03,64.66,1018.97,21.26,71.91,1
2018-08-05 10:00:00,6.16,9.52,33.79,128.34,32.95,52.8,1013.03,12.83,40.06,0
2018-08-05 11:00:00,1.75,22.59,60.29,90.56,26.54,70.49,1007.61,3.3,47.27,0
2018-08-05 12:00:00,6.39,10.38,55.46,166.39,35.05,53.8,1014.23,30.94,52.23,0
2018-08-05 13:00:00,6.58,10.84,91.4,165.12,27.05,74.1,998.92,11.29,98.26,0
2018-08-05 14:00:00,5.16,8.98,38.94,128.26,27.43,53.75,1016.22,13.22,42.39,0
2018-08-05 15:00:00,0.05,1.51,6.47,63.98,31.93,65.22,1021.82,6.37,7.85,0
2018-08-05 16:00:00,3.22,28.81,57.65,168.39,34.79,56.65,1004.97,9.59,45.31,0
2018-08-05 17:00:00,10.18,19.27,48.4,171.27,12.45,51.86,1009.99,0.54,38.29,0
2018-08-05 18:00:00,7.97,19.04,46.45,101.18,16.54,53.96,1011.81,10.08,58.33,0
2018-08-05 19:00:00,7.75,20.08,52.99,92.87,20.92,67.9,1009.2,34.84,36.28,0
2018-08-05 20:00:00,6.11,15.58,22.62,64.2,31.43,52.9,1011.56,11.65,34.12,0
2018-08-05 21:00:00,11.22,16.27,30.14,186.08,29.21,69.22,1007.87,17.23,44.73,0
2018-08-05 22:00:00,2.49,11.1,37.6,88.82,17.64,61.45,1008.5,6.44,59.93,0
2018-08-05 23:00:00,1.9,14.16,76.4,218.81,38.67,74.89,1024.85,7.98,57.17,1
2018-08-06 00:00:00,20.69,25.44,59.95,141.9,31.13,56.35,1011.47,10.52,65.51,0
2018-08-06 01:00:00,2.19,11.08,61.21,123.6,26.58,64.38,997.91,13.2,64.88,0
2018-08-06 02:00:00,0.88,29.07,41.34,60.22,30.77,62.15,1008.63,7.13,23.72,0
2018-08-06 03:00:00,3.71,12.26,32.06,242.9,26.29,52.68,1009.66,9.4,36.98,0
2018-08-06 04:00:00,5.35,23.84,25.11,102.94,34.01,54.54,1020.22,2.17,34.0,0
2018-08-06 05:00:00,11.28,31.75,37.82,97.31,35.42,65.81,1018.96,12.77,80.07,0
2018-08-06 06:00:00,3.22,5.71,120.26,201.0,36.62,59.68,1009.27,4.07,99.76,0
2018-08-06 07:00:00,3.19,24.02,35.59,125.0,30.68,56.92,1006.0,1.96,49.4,0
2018-08-06 08:00:00,4.87,30.62,46.74,96.66,28.61,62.16,1012.45,22.22,23.66,0
2018-08-06 09:00:00,2.64,21.68,40.89,105.09,33.69,49.4,1007.1,2.15,36.23,0
2018-08-06 10:00:00,0.63,10.77,103.89,139.47,37.35,53.02,1010.83,9.74,46.87,0
2018-08-06 11:00:00,0.99,4.76,16.71,68.01,26.57,57.21,1017.31,2.67,0.0,0
2018-08-06 12:00:00,13.96,33.68,64.89,139.08,36.01,56.68,1007.73,1.52,54.68,0
2018-08-06 13:00:00,9.29,18.28,38.72,68.89,24.98,44.81,1012.57,7.34,26.99,0
2018-08-06 14:00:00,4.7,16.1,40.21,108.59,23.68,53.85,1015.34,5.45,37.9,0
2018-08-06 15:00:00,7.94,14.59,24.17,88.41,30.05,61.83,1014.65,12.26,43.33,0
2018-08-06 16:00:00,9.54,21.91,42.86,96.69,23.95,66.63,1003.19,20.62,26.99,0
2018-08-06 17:00:00,2.33,14.14,66.71,196.3,17.57,64.57,1010.33,12.8,61.5,0
2018-08-06 18:00:00,12.78,18.12,49.09,85.38,26.96,75.13,996.49,9.75,53.92,1
2018-08-06 19:00:00,8.06,25.95,69.89,151.2,41.32,74.27,1012.07,8.8,64.96,0
2018-08-06 20:00:00,5.78,42.65,55.85,107.31,17.79,52.85,1015.25,15.37,61.14,1
2018-08-06 21:00:00,11.73,38.92,95.85,179.89,32.78,66.25,1011.81,28.16,79.4,0
2018-08-06 22:00:00,8.33,47.3,79.85,161.89,26.62,48.04,1011.81,3.59,65.93,0
2018-08-06 23:00:00,7.9,16.45,40.99,290.78,24.15,75.86,1013.03,8.63,30.94,0
2018-08-07 00:00:00,1.56,7.52,34.77,342.86,23.38,56.39,1014.67,18.44,28.44,0
2018-08-07 01:00:00,9.86,11.93,47.63,94.57,28.55,85.31,1006.83,4.11,7.44,0
2018-08-07 02:00:00,7.18,17.7,52.38,124.32,26.47,59.85,1007.92,7.43,71.42,0
2018-08-07 03:00:00,1.84,13.54,94.08,140.15,31.34,69.88,1010.31,6.22,100.0,0
2018-08-07 04:00:00,5.83,19.59,56.32,137.54,40.17,70.8,1017.26,15.54,44.84,0
2018-08-07 05:00:00,1.15,6.24,41.98,89.74,29.29,80.28,1014.15,11.25,43.14,0
2018-08-07 06:00:00,4.05,19.73,49.71,95.85,24.66,83.26,1014.82,15.07,60.24,0
2018-08-07 07:00:00,27.56,40.58,81.7,140.24,30.16,69.7,1008.62,5.9,68.54,1
2018-08-07 08:00:00,1.44,17.32,78.08,138.01,24.48,68.16,1010.76,16.38,61.25,0
2018-08-07 09:00:00,0.62,19.09,25.06,38.71,25.48,53.5,1011.73,17.23,39.21,0
2018-08-07 10:00:00,1.01,15.25,20.48,82.86,24.26,77.28,1006.0,13.83,59.98,0
2018-08-07 11:00:00,3.99,30.63,59.74,276.8,33.25,72.44,1012.42,5.39,51.95,0
2018-08-07 12:00:00,8.88,26.43,44.64,92.17,32.81,56.79,1010.56,20.05,50.18,0
2018-08-07 13:00:00,5.01,18.32,52.68,181.68,27.05,73.87,1015.54,0.93,42.15,0
2018-08-07 14:00:00,0.78,8.23,43.18,144.48,19.98,69.43,1003.93,19.04,43.92,0
2018-08-07 15:00:00,8.78,19.54,48.33,106.52,23.11,56.78,1008.9,18.07,60.43,0
2018-08-07 16:00:00,0.93,4.5,76.33,118.78,27.77,63.46,1001.07,6.35,61.27,0
2018-08-07 17:00:00,2.51,25.56,42.32,76.92,34.46,50.86,1013.48,12.77,30.26,0
2018-08-07 18:00:00,12.41,19.9,39.64,82.13,11.37,73.58,1015.67,3.78,16.98,0
2018-08-07 19:00:00,5.22,11.06,96.7,125.99,29.36,66.92,1011.52,6.64,59.48,0
2018-08-07 20:00:00,5.42,9.53,21.04,40.53,31.73,46.6,1022.1,11.55,53.79,0
2018-08-07 21:00:00,0.8,7.8,35.18,74.7,31.86,76.01,1014.52,1.15,36.53,0
2018-08-07 22:00:00,2.82,11.64,36.88,172.71,31.95,64.79,1007.32,7.7,13.73,0
2018-08-07 23:00:00,10.91,41.26,87.41,196.57,33.84,49.12,1016.03,3.08,40.71,0
2018-08-08 00:00:00,6.76,14.12,45.53,98.62,26.78,70.21,1021.7,1.39,51.83,0
2018-08-08 01:00:00,9.07,44.15,54.21,200.25,32.14,45.19,1014.52,7.05,23.36,0
2018-08-08 02:00:00,4.67,35.24,57.58,100.21,17.84,57.09,1007.3,4.89,30.58,0
2018-08-08 03:00:00,11.02,40.8,61.09,86.4,25.56,70.36,1007.63,3.33,59.02,0
2018-08-08 04:00:00,0.79,20.71,72.96,276.66,29.91,72.2,1012.22,34.0,80.89,1
2018-08-08 05:00:00,3.89,6.64,92.02,177.81,25.3,63.76,1007.77,12.86,81.89,0
2018-08-08 06:00:00,7.74,35.25,107.14,209.26,22.43,60.86,1014.69,5.99,57.97,1
2018-08-08 07:00:00,0.43,3.55,34.23,79.51,24.47,79.02,1010.65,9.06,48.57,0
2018-08-08 08:00:00,20.7,26.01,89.15,137.98,31.66,85.86,1014.14,3.66,87.75,0
2018-08-08 09:00:00,5.29,14.08,77.97,132.0,27.4,65.99,1013.76,15.3,47.95,0
2018-08-08 10:00:00,0.35,7.94,105.35,213.71,27.79,73.26,1002.38,10.04,83.9,0
2018-08-08 11:00:00,5.16,29.06,29.69,35.5,30.14,52.84,1011.54,10.79,53.47,1
2018-08-08 12:00:00,0.95,22.79,47.05,82.04,29.5,60.32,1016.55,3.94,57.62,0
2018-08-08 13:00:00,1.56,13.48,63.98,103.96,36.08,66.31,1010.05,8.32,27.04,0
2018-08-08 14:00:00,12.76,32.47,51.36,168.51,34.5,71.62,1012.92,9.52,36.84,0
2018-08-08 15:00:00,2.58,17.19,27.6,320.73,30.36,42.85,1012.88,6.77,30.57,1
2018-08-08 16:00:00,2.56,15.47,28.29,93.44,26.49,63.88,1007.84,6.97,32.86,0
2018-08-08 17:00:00,0.9,10.51,52.82,86.85,35.48,79.74,1019.79,11.65,44.75,0
2018-08-08 18:00:00,3.27,9.96,30.23,62.39,37.32,56.61,1008.18,6.06,16.09,0
2018-08-08 19:00:00,5.64,6.33,19.38,98.51,19.6,48.17,1007.68,1.71,19.53,0
2018-08-08 20:00:00,2.58,26.06,112.9,274.64,27.62,85.94,1014.32,7.73,71.32,0
2018-08-08 21:00:00,25.11,32.28,74.0,201.53,27.05,56.93,1007.68,6.45,63.23,0
2018-08-08 22:00:00,1.28,9.04,87.01,179.92,22.8,57.09,1010.33,13.67,60.05,1
2018-08-08 23:00:00,1.27,8.04,32.78,63.65,25.35,42.1,1013.98,13.04,34.94,0
2018-08-09 00:00:00,3.13,19.04,77.05,156.72,26.01,73.47,1015.4,20.85,31.79,0
2018-08-09 01:00:00,22.8,41.55,56.76,80.41,33.96,52.11,1000.52,5.17,61.45,0
2018-08-09 02:00:00,9.2,17.29,37.54,214.33,20.44,44.35,1010.96,17.1,40.54,1
2018-08-09 03:00:00,2.48,15.77,39.79,85.23,29.44,63.12,1010.12,3.55,49.07,0
2018-08-09 04:00:00,2.48,11.02,31.56,88.46,23.83,49.43,1011.68,13.3,25.58,0
2018-08-09 05:00:00,1.21,24.72,37.01,184.96,34.86,67.22,1015.57,4.04,39.15,1
2018-08-09 06:00:00,3.02,20.0,41.7,96.96,28.67,67.18,1018.93,3.49,44.57,0
2018-08-09 07:00:00,3.77,5.35,13.79,195.97,33.26,57.8,1013.53,8.87,22.24,0
2018-08-09 08:00:00,8.83,27.09,61.32,63.81,28.61,57.74,1006.99,3.92,53.2,0
2018-08-09 09:00:00,7.23,21.22,89.12,130.71,19.17,78.66,1011.03,8.1,81.11,1
2018-08-09 10:00:00,2.91,9.15,27.6,138.29,25.17,45.22,1014.93,10.2,34.06,0
2018-08-09 11:00:00,16.44,21.95,50.62,173.03,37.55,75.11,1012.64,2.65,59.86,1
2018-08-09 12:00:00,2.09,23.76,87.61,131.25,31.26,67.93,1015.23,2.24,78.23,0
2018-08-09 13:00:00,0.6,23.26,111.51,139.97,39.14,73.63,1005.71,7.48,57.23,1
2018-08-09 14:00:00,5.9,20.49,81.05,175.48,36.54,72.81,1007.06,5.71,80.31,0
2018-08-09 15:00:00,11.97,20.19,55.1,122.14,24.7,77.4,1011.95,8.8,46.79,0
2018-08-09 16:00:00,4.48,10.88,57.98,67.06,20.83,68.03,1016.74,18.51,62.32,0
2018-08-09 17:00:00,0.85,7.48,57.59,87.35,34.2,60.37,1019.62,33.92,54.16,0
2018-08-09 18:00:00,5.44,15.25,62.87,174.48,33.8,71.74,1013.5,18.74,42.17,1
2018-08-09 19:00:00,6.14,32.41,52.55,143.62,28.25,75.39,1012.79,9.27,1.96,1
2018-08-09 20:00:00,6.78,9.19,65.0,113.46,20.04,76.55,1006.0,12.73,94.37,0
2018-08-09 21:00:00,5.55,18.55,85.71,112.09,25.08,72.17,1013.65,8.16,55.07,1
2018-08-09 22:00:00,13.35,23.24,26.52,130.3,28.96,61.79,1006.43,12.36,28.8,0
2018-08-09 23:00:00,1.17,18.37,42.56,180.17,32.3,66.28,1016.91,7.18,23.36,0
2018-08-10 00:00:00,0.83,6.04,50.38,144.66,22.56,72.26,1012.1,10.03,31.41,0
2018-08-10 01:00:00,10.24,21.08,59.1,94.26,33.7,64.02,1011.65,3.93,48.88,0
2018-08-10 02:00:00,3.27,25.61,70.59,119.02,32.42,69.19,1017.06,5.18,44.56,0
2018-08-10 03:00:00,17.52,32.23,46.08,264.57,32.5,64.49,1012.1,7.69,36.04,0
2018-08-10 04:00:00,1.05,9.76,12.83,88.19,30.96,43.03,1010.76,18.07,23.36,0
2018-08-10 05:00:00,17.23,23.34,59.37,296.81,16.09,59.28,1012.34,8.34,64.94,1
2018-08-10 06:00:00,1.58,32.2,62.74,112.09,29.75,76.15,1006.58,8.24,58.83,0
2018-08-10 07:00:00,3.77,7.49,73.73,139.21,25.9,87.8,1011.66,9.36,39.57,0
2018-08-10 08:00:00,0.36,33.85,78.56,104.04,31.21,69.76,1009.46,7.51,79.83,0
2018-08-10 09:00:00,15.38,29.8,33.15,64.86,19.26,59.67,1008.49,11.57,26.44,0
2018-08-10 10:00:00,4.34,16.02,61.51,87.38,16.91,60.47,1022.85,9.5,27.78,0
2018-08-10 11:00:00,25.99,51.91,131.24,165.6,31.28,54.39,1007.49,7.48,93.95,1
2018-08-10 12:00:00,12.45,39.18,103.84,207.25,23.11,89.19,1006.46,11.04,68.26,0
2018-08-10 13:00:00,3.67,17.31,62.12,275.93,16.3,58.24,1002.39,6.91,14.04,0
2018-08-10 14:00:00,1.94,19.56,41.61,117.16,22.18,45.8,1007.86,7.76,35.42,0
2018-08-10 15:00:00,10.65,15.26,43.39,59.34,27.1,65.76,1015.28,24.31,58.11,0
2018-08-10 16:00:00,4.83,15.72,43.29,106.8,34.2,62.71,1003.81,6.47,44.29,0
2018-08-10 17:00:00,1.81,9.2,59.53,116.64,28.21,87.04,1005.18,6.36,32.01,0
2018-08-10 18:00:00,5.2,36.16,84.34,200.64,24.83,75.03,1014.94,1.62,73.18,0
2018-08-10 19:00:00,6.9,35.88,69.98,99.27,26.58,83.45,1008.73,5.18,66.7,0
2018-08-10 20:00:00,8.2,12.92,74.37,138.73,32.16,75.55,1008.02,7.28,62.82,1
2018-08-10 21:00:00,0.99,5.44,23.64,178.26,31.03,53.29,1012.56,5.93,57.19,0
2018-08-10 22:00:00,13.66,24.96,83.06,304.48,31.94,95.11,1016.07,10.46,85.02,0
2018-08-10 23:00:00,11.3,45.6,134.92,216.29,37.6,95.6,1003.52,5.07,100.0,1
2018-08-11 00:00:00,6.31,15.43,89.29,187.12,28.26,76.86,1019.66,13.21,51.55,0
2018-08-11 01:00:00,1.43,51.78,110.24,210.78,31.89,86.04,1009.57,1.87,86.53,0
2018-08-11 02:00:00,8.65,12.49,34.08,81.79,16.21,64.69,1011.57,4.82,38.42,0
2018-08-11 03:00:00,3.07,10.23,50.89,165.84,28.99,66.54,1014.39,8.51,41.59,0
2018-08-11 04:00:00,5.69,10.28,60.06,103.72,20.57,70.78,1000.07,8.05,48.49,0
2018-08-11 05:00:00,9.42,23.23,62.44,136.67,24.53,87.37,1012.24,8.73,13.03,0
2018-08-11 06:00:00,0.61,9.54,59.05,73.77,25.48,78.05,1011.87,0.74,54.92,0
2018-08-11 07:00:00,0.33,32.54,138.62,167.17,27.98,79.96,1017.26,10.08,92.88,0
2018-08-11 08:00:00,2.74,11.06,83.3,138.1,24.79,72.32,1021.56,5.65,39.36,0
2018-08-11 09:00:00,22.6,45.57,140.56,203.49,25.9,64.68,1008.97,9.65,84.08,0
2018-08-11 10:00:00,26.85,31.72,101.55,148.1,31.58,74.76,1010.03,9.97,39.02,0
2018-08-11 11:00:00,6.75,17.11,45.54,110.3,28.48,69.5,1010.54,24.52,61.57,0
2018-08-11 12:00:00,11.58,13.56,28.46,48.6,27.63,64.33,1011.81,9.21,66.68,0
2018-08-11 13:00:00,4.54,39.22,67.07,82.28,27.97,69.19,1008.7,26.71,58.02,0
2018-08-11 14:00:00,5.21,16.47,54.42,175.75,26.74,58.21,1016.09,5.76,50.23,0
2018-08-11 15:00:00,3.76,26.62,93.66,216.55,33.45,80.98,1016.63,14.67,51.17,0
2018-08-11 16:00:00,12.82,15.68,75.26,116.84,27.5,78.82,1016.5,2.8,73.28,0
2018-08-11 17:00:00,17.68,21.2,39.29,112.55,40.43,62.97,1018.14,7.66,24.64,0
2018-08-11 18:00:00,5.08,10.07,50.0,98.35,30.5,64.92,1013.73,13.47,35.86,0
2018-08-11 19:00:00,5.18,12.84,92.41,146.63,32.11,71.43,1013.64,7.09,39.21,0
2018-08-11 20:00:00,3.98,30.47,49.11,117.46,26.26,67.03,1014.87,15.05,47.06,1
2018-08-11 21:00:00,18.05,26.68,58.24,115.8,31.05,70.81,1003.57,1.64,36.98,0
2018-08-11 22:00:00,10.35,28.74,55.81,186.91,33.6,48.52,1009.67,5.18,17.91,0
2018-08-11 23:00:00,1.38,41.65,104.45,201.48,29.16,69.12,1006.43,5.22,55.9,0
2018-08-12 00:00:00,22.05,32.02,129.5,184.9,25.87,65.58,1007.92,2.44,100.0,0
2018-08-12 01:00:00,0.04,3.27,28.99,111.31,34.02,54.77,1011.21,4.68,48.66,0
2018-08-12 02:00:00,16.6,21.68,43.17,158.43,38.78,75.01,1014.57,3.91,55.61,0
2018-08-12 03:00:00,11.95,31.59,43.55,86.64,19.81,52.92,1009.3,8.51,12.11,0
2018-08-12 04:00:00,5.1,12.54,49.06,194.02,25.39,47.87,999.79,8.8,49.85,1
2018-08-12 05:00:00,4.97,7.8,73.09,123.64,27.75,54.83,1012.05,13.92,68.32,0
2018-08-12 06:00:00,4.2,68.24,76.22,275.01,26.02,71.4,1009.02,12.18,74.49,1
2018-08-12 07:00:00,1.47,29.41,62.44,146.02,27.66,73.39,1013.16,7.51,51.92,0
2018-08-12 08:00:00,20.67,26.65,71.46,93.37,22.48,68.09,1004.61,39.69,60.5,0
2018-08-12 09:00:00,4.82,52.72,112.24,147.58,33.12,54.32,1011.29,13.23,85.07,1
2018-08-12 10:00:00,1.44,57.16,100.32,130.85,28.15,65.94,1005.23,34.74,91.3,0
2018-08-12 11:00:00,19.67,61.51,75.63,171.39,29.37,84.98,1001.98,1.34,52.27,1
2018-08-12 12:00:00,7.49,17.72,39.99,80.88,26.43,63.16,1009.88,0.72,44.18,0
2018-08-12 13:00:00,7.92,20.13,105.12,188.56,24.2,53.05,1000.58,10.1,100.0,1
2018-08-12 14:00:00,23.34,42.34,96.26,187.94,24.37,64.05,1006.28,10.34,75.31,0
2018-08-12 15:00:00,8.96,15.62,41.03,105.3,36.85,41.53,1012.09,5.28,41.31,0
2018-08-12 16:00:00,2.34,28.76,61.4,222.64,22.59,61.18,1003.99,5.16,81.89,0
2018-08-12 17:00:00,8.94,25.33,41.75,128.86,25.82,63.64,1013.04,8.3,42.97,0
2018-08-12 18:00:00,1.67,27.54,34.53,50.75,18.05,59.59,1004.88,2.39,55.66,0
2018-08-12 19:00:00,2.92,11.65,46.19,133.81,30.66,59.38,1006.53,19.53,66.51,0
2018-08-12 20:00:00,6.54,22.0,42.86,105.89,32.86,83.55,1006.11,10.39,37.03,0
2018-08-12 21:00:00,11.42,15.53,61.42,341.84,18.36,68.26,1013.85,14.39,59.78,0
2018-08-12 22:00:00,2.51,10.54,122.38,133.12,24.02,73.49,1009.64,4.04,85.84,0
2018-08-12 23:00:00,4.07,13.53,57.45,198.71,23.63,73.09,1008.51,4.41,34.5,0
2018-08-13 00:00:00,4.02,23.6,67.51,169.89,26.04,74.97,999.74,10.51,40.66,0
2018-08-13 01:00:00,13.19,37.84,102.5,158.67,31.04,77.57,1008.96,8.7,85.99,0
2018-08-13 02:00:00,4.97,9.78,21.58,65.5,27.85,86.3,1006.14,16.04,41.16,0
2018-08-13 03:00:00,21.82,52.45,102.22,236.01,28.0,65.91,1002.98,7.65,84.38,1
2018-08-13 04:00:00,2.92,20.77,36.84,120.48,20.16,74.28,1014.69,12.11,38.32,0
2018-08-13 05:00:00,2.65,23.45,87.19,94.28,27.77,82.37,1005.54,6.62,52.27,0
2018-08-13 06:00:00,16.35,40.87,84.67,269.95,33.24,55.7,1010.24,24.92,97.09,0
2018-08-13 07:00:00,8.29,14.04,26.98,97.54,28.58,65.34,1007.37,3.58,22.06,0
2018-08-13 08:00:00,15.85,46.1,90.43,245.56,16.97,61.67,1014.17,0.98,75.63,0
2018-08-13 09:00:00,0.94,8.49,18.78,91.38,34.98,59.18,1014.9,3.18,19.1,0
2018-08-13 10:00:00,4.85,16.59,29.15,80.53,35.43,72.68,1016.92,12.87,28.31,0
2018-08-13 11:00:00,6.54,16.83,26.24,104.65,31.12,61.15,1017.93,19.91,25.96,0
2018-08-13 12:00:00,6.1,54.1,120.67,332.81,33.13,54.82,1001.25,4.73,86.26,0
2018-08-13 13:00:00,4.14,10.09,57.13,116.38,30.64,73.21,1020.82,15.84,58.22,0
2018-08-13 14:00:00,5.98,47.93,86.07,123.6,31.62,54.79,997.58,8.22,78.47,0
2018-08-13 15:00:00,6.3,41.19,58.91,135.03,24.85,60.87,1007.92,11.63,29.51,0
2018-08-13 16:00:00,2.56,6.38,56.6,219.27,32.35,77.54,1008.75,6.16,28.58,0
2018-08-13 17:00:00,12.73,20.09,58.99,110.26,15.69,53.94,1002.14,2.43,44.77,0
2018-08-13 18:00:00,19.86,27.34,50.78,381.36,27.12,69.11,1008.6,17.61,46.24,0
2018-08-13 19:00:00,9.64,30.74,72.21,86.6,33.03,60.74,1015.14,13.2,47.08,0
2018-08-13 20:00:00,7.27,37.58,84.89,177.5,36.06,47.68,1010.59,14.16,70.5,0
2018-08-13 21:00:00,4.53,12.03,25.84,95.9,30.29,52.34,1003.98,12.8,31.56,0
2018-08-13 22:00:00,6.48,9.51,87.77,131.71,34.6,64.12,1008.21,9.4,55.02,0
2018-08-13 23:00:00,7.13,28.27,59.46,251.14,27.7,52.79,1015.46,6.12,65.07,0
2018-08-14 00:00:00,1.48,15.57,64.37,152.26,31.52,66.8,1006.67,19.99,61.55,0
2018-08-14 01:00:00,12.2,15.92,45.33,217.39,31.92,63.91,1009.39,5.85,48.86,1
2018-08-14 02:00:00,3.15,22.25,66.48,104.36,15.01,62.65,1012.9,3.8,50.73,0
2018-08-14 03:00:00,17.07,30.36,56.51,125.76,32.3,61.14,1014.83,7.63,39.97,0
2018-08-14 04:00:00,29.18,34.0,61.85,89.47,28.65,72.91,1014.02,3.75,70.13,0
2018-08-14 05:00:00,6.73,15.23,40.99,207.65,29.21,48.56,1009.73,13.33,42.71,0
2018-08-14 06:00:00,7.5,47.61,85.42,128.58,32.93,82.52,1001.64,13.55,47.95,0
2018-08-14 07:00:00,3.04,3.69,59.13,91.22,25.06,59.27,1012.2,10.56,63.5,0
2018-08-14 08:00:00,6.35,11.78,68.01,211.47,28.14,63.64,1003.0,13.37,88.21,0
2018-08-14 09:00:00,2.3,5.67,59.78,234.09,28.39,56.36,1010.16,20.83,40.75,0
2018-08-14 10:00:00,13.66,24.17,64.71,131.52,30.12,54.75,1006.46,11.48,55.82,0
2018-08-14 11:00:00,3.08,18.02,41.75,192.72,16.17,72.73,1010.52,12.65,40.82,0
2018-08-14 12:00:00,4.52,16.51,19.96,108.48,31.69,50.2,1018.44,7.23,40.98,0
2018-08-14 13:00:00,2.64,15.76,70.48,166.53,31.91,72.89,1011.85,6.4,57.87,1
2018-08-14 14:00:00,6.02,21.73,59.26,90.81,20.82,69.77,1016.29,4.61,43.74,0
2018-08-14 15:00:00,20.69,29.13,50.48,88.16,23.93,61.56,1007.4,5.97,57.58,0
2018-08-14 16:00:00,10.87,68.78,99.65,223.31,34.24,84.21,1010.99,8.88,80.73,1
2018-08-14 17:00:00,2.37,16.34,75.35,131.8,22.61,69.57,1004.89,7.13,81.21,0
2018-08-14 18:00:00,8.32,12.4,26.96,42.82,36.19,37.87,1010.85,4.78,54.43,0
2018-08-14 19:00:00,8.59,20.85,101.93,194.42,22.88,66.88,1011.89,7.91,72.79,1
2018-08-14 20:00:00,9.83,31.05,150.78,220.06,33.35,100.0,997.88,7.77,100.0,1
2018-08-14 21:00:00,10.58,34.06,57.89,105.83,22.7,65.89,1010.18,14.96,63.89,0
2018-08-14 22:00:00,1.78,20.83,47.08,66.15,32.56,62.65,1013.76,16.83,63.02,0
2018-08-14 23:00:00,2.2,16.86,46.48,110.59,29.25,73.62,1008.99,20.62,47.33,0
2018-08-15 00:00:00,7.87,13.58,36.66,103.28,29.33,76.22,1015.71,2.0,16.53,0
2018-08-15 01:00:00,2.75,19.68,118.39,191.74,22.32,66.81,1008.25,10.23,68.36,1
2018-08-15 02:00:00,1.62,13.66,43.25,50.9,27.96,62.97,1004.32,1.03,35.7,0
2018-08-15 03:00:00,3.47,10.67,23.99,135.36,23.7,59.3,1013.61,7.88,24.08,1
2018-08-15 04:00:00,5.1,19.07,58.3,146.88,23.13,50.84,1011.2,19.49,62.71,0
2018-08-15 05:00:00,1.75,26.17,44.26,65.13,35.25,60.85,1010.56,15.16,50.02,0
2018-08-15 06:00:00,7.52,10.45,21.01,126.66,43.74,60.99,1011.92,20.64,35.22,0
2018-08-15 07:00:00,0.41,6.09,26.01,125.36,23.79,57.66,1015.68,1.53,36.72,0
2018-08-15 08:00:00,3.06,25.18,46.78,134.86,30.34,83.82,1011.21,12.39,36.45,0
2018-08-15 09:00:00,3.32,7.88,37.61,86.78,33.19,69.65,1014.61,1.89,67.29,0
2018-08-15 10:00:00,0.73,29.92,37.59,164.96,24.53,65.23,1018.99,6.85,44.38,1
2018-08-15 11:00:00,24.72,35.53,129.1,312.0,23.13,78.55,1012.04,24.0,92.89,1
2018-08-15 12:00:00,3.24,22.09,64.83,130.2,28.0,74.36,1010.68,13.41,54.62,0
2018-08-15 13:00:00,7.27,28.73,80.43,108.52,28.09,67.12,1009.87,15.68,44.32,0
2018-08-15 14:00:00,2.67,15.29,51.89,88.65,14.11,48.58,1009.68,10.5,66.4,1
2018-08-15 15:00:00,0.73,31.57,102.69,135.18,29.41,61.01,1009.63,3.4,86.41,0
2018-08-15 16:00:00,0.69,15.01,40.92,126.99,32.43,64.92,1012.1,13.12,73.79,0
2018-08-15 17:00:00,1.6,17.03,53.46,143.48,30.71,77.59,1007.62,18.71,60.44,0
2018-08-15 18:00:00,2.74,6.52,23.28,31.19,26.57,54.78,1009.62,5.71,43.97,0
2018-08-15 19:00:00,0.46,41.46,72.81,116.19,20.0,77.32,1005.97,20.65,52.17,0
2018-08-15 20:00:00,1.0,25.47,59.73,147.84,30.52,70.37,1014.54,0.82,57.73,0
2018-08-15 21:00:00,25.89,31.07,49.13,132.81,23.74,75.73,1012.36,3.21,56.03,1
2018-08-15 22:00:00,4.23,8.05,50.4,96.26,26.26,52.74,1011.05,3.25,18.69,0
2018-08-15 23:00:00,1.59,11.08,55.95,129.69,28.04,53.39,1007.68,6.07,78.1,0
2018-08-16 00:00:00,0.54,11.07,63.43,380.54,32.42,84.44,1013.73,15.49,62.4,0
2018-08-16 01:00:00,0.77,14.17,58.42,132.64,33.71,47.93,1007.67,0.67,70.36,0
2018-08-16 02:00:00,5.11,34.67,66.91,99.5,29.15,70.92,1007.11,15.8,73.71,1
2018-08-16 03:00:00,12.43,43.08,101.93,159.4,28.18,89.42,1013.03,14.12,61.52,1
2018-08-16 04:00:00,6.62,30.67,66.9,208.87,32.22,71.34,1008.6,2.63,45.56,0
2018-08-16 05:00:00,0.59,2.34,8.13,61.69,23.17,70.96,1014.01,3.81,22.28,0
2018-08-16 06:00:00,5.1,42.35,53.44,119.73,24.23,78.24,1008.43,2.89,44.77,0
2018-08-16 07:00:00,15.73,42.07,58.56,226.67,36.03,73.95,1009.71,1.69,56.91,1
2018-08-16 08:00:00,3.44,23.51,43.44,76.4,36.06,66.58,1011.22,4.41,58.71,0
2018-08-16 09:00:00,6.64,17.59,60.06,141.74,18.29,54.39,1016.04,1.55,27.85,0
2018-08-16 10:00:00,3.61,22.49,95.48,152.82,25.25,57.61,1011.49,9.02,68.0,0
2018-08-16 11:00:00,8.08,11.29,58.98,152.3,33.1,63.42,1013.34,4.24,66.66,0
2018-08-16 12:00:00,1.94,20.26,61.24,117.17,30.09,47.26,1013.25,5.13,29.64,0
2018-08-16 13:00:00,2.43,27.91,35.3,59.74,27.18,67.41,1016.82,1.61,48.5,0
2018-08-16 14:00:00,3.73,20.19,24.0,53.88,21.33,83.77,1020.27,7.83,49.5,0
2018-08-16 15:00:00,2.97,13.81,93.48,252.59,25.19,72.27,1012.41,9.57,56.68,0
2018-08-16 16:00:00,4.6,36.04,60.91,139.66,23.36,69.72,1006.29,2.15,58.06,0
2018-08-16 17:00:00,3.11,56.23,99.28,162.17,35.49,60.68,1010.95,7.69,85.16,1
2018-08-16 18:00:00,3.04,22.88,69.38,256.14,23.83,66.15,1017.12,8.79,65.42,0
2018-08-16 19:00:00,12.52,37.65,153.91,249.29,28.71,83.38,1001.24,60.0,100.0,1
2018-08-16 20:00:00,1.37,14.27,109.1,161.9,30.3,72.17,1017.48,8.91,85.76,0
2018-08-16 21:00:00,5.14,14.48,143.91,232.12,27.4,85.0,1011.5,19.79,100.0,0
2018-08-16 22:00:00,0.66,27.21,79.22,236.9,27.78,62.53,1011.81,16.82,67.74,0
2018-08-16 23:00:00,9.65,54.61,139.78,263.33,20.97,81.4,1006.67,14.26,100.0,1
2018-08-17 00:00:00,6.46,14.02,27.95,82.34,25.87,64.85,1009.37,5.24,27.01,0
2018-08-17 01:00:00,25.5,30.83,148.55,230.72,26.22,95.81,1012.88,15.9,100.0,0
2018-08-17 02:00:00,1.3,9.99,67.84,132.99,24.68,68.11,1004.13,3.91,38.13,0
2018-08-17 03:00:00,19.62,26.83,54.74,330.76,35.64,58.78,1022.09,3.44,29.52,0
2018-08-17 04:00:00,1.56,34.59,96.5,218.38,38.56,70.87,1014.2,14.78,34.77,0
2018-08-17 05:00:00,3.41,33.89,107.46,146.28,33.42,79.01,1011.93,18.81,70.84,0
2018-08-17 06:00:00,0.87,9.22,58.2,185.44,36.32,56.18,1012.89,5.83,38.21,1
2018-08-17 07:00:00,25.24,41.01,43.22,61.96,24.53,55.42,1008.07,6.04,40.85,0
2018-08-17 08:00:00,7.43,12.88,89.32,106.42,26.83,72.33,1010.92,8.54,71.08,0
2018-08-17 09:00:00,7.5,19.98,52.72,136.38,23.27,43.91,1003.88,15.96,37.92,0
2018-08-17 10:00:00,1.77,6.97,55.85,137.88,28.63,63.66,1005.76,11.62,62.65,0
2018-08-17 11:00:00,3.26,14.21,30.23,115.07,23.11,55.87,1004.01,23.67,44.12,0
2018-08-17 12:00:00,2.6,7.93,36.06,145.08,22.17,67.31,1012.13,12.54,22.3,0
2018-08-17 13:00:00,3.5,34.76,59.1,118.93,12.98,56.69,1008.72,0.55,21.65,1
2018-08-17 14:00:00,5.15,21.35,34.95,165.83,30.51,56.79,1010.81,5.48,38.16,0
2018-08-17 15:00:00,7.91,25.95,31.73,86.92,34.49,60.24,1012.97,6.07,22.25,0
2018-08-17 16:00:00,0.09,7.57,36.41,121.95,33.88,54.33,1017.96,8.06,55.32,0
2018-08-17 17:00:00,0.95,10.78,27.61,69.98,32.22,49.87,1004.47,4.5,43.56,0
2018-08-17 18:00:00,1.85,17.08,56.95,121.9,32.52,58.49,1018.13,4.67,43.02,1
2018-08-17 19:00:00,13.0,57.8,101.77,155.11,26.3,51.85,1009.98,12.25,81.6,0
2018-08-17 20:00:00,12.79,26.67,122.64,188.28,19.31,66.89,1006.37,14.1,89.89,1
2018-08-17 21:00:00,7.05,42.29,65.57,177.39,22.08,72.65,1012.0,6.92,71.52,0
2018-08-17 22:00:00,3.43,13.91,87.82,215.91,26.32,55.18,1011.94,18.12,57.28,1
2018-08-17 23:00:00,13.69,28.11,70.84,209.17,16.06,56.66,1016.34,5.96,98.85,0
2018-08-18 00:00:00,6.26,36.01,83.61,138.82,31.1,66.98,1009.18,7.21,74.37,0
2018-08-18 01:00:00,13.05,36.23,74.77,167.79,30.29,75.26,1003.94,4.68,63.72,1
2018-08-18 02:00:00,7.36,14.46,80.68,123.12,30.93,56.56,1003.32,4.54,72.47,0
2018-08-18 03:00:00,0.36,18.73,57.1,164.93,33.02,58.4,1014.56,2.98,44.85,0
2018-08-18 04:00:00,3.06,22.27,59.88,83.1,18.08,79.1,1013.45,3.23,50.74,0
2018-08-18 05:00:00,10.72,32.21,48.63,255.25,23.64,65.11,1020.34,1.63,32.36,0
2018-08-18 06:00:00,2.56,10.16,28.89,74.55,21.63,66.65,1004.89,8.67,50.87,0
2018-08-18 07:00:00,15.97,20.5,63.51,161.06,24.86,55.51,1013.1,9.22,51.95,0
2018-08-18 08:00:00,9.88,46.53,72.81,382.86,24.1,61.39,1014.79,11.46,59.11,0
2018-08-18 09:00:00,14.82,68.54,78.61,137.55,16.09,79.09,1011.8,5.64,59.18,0
2018-08-18 10:00:00,3.15,24.32,48.68,147.57,31.8,67.04,1010.46,8.55,43.15,0
2018-08-18 11:00:00,1.44,11.47,70.65,95.71,35.4,73.36,1009.0,8.78,47.87,0
2018-08-18 12:00:00,1.16,34.08,74.26,167.21,23.95,75.1,1008.87,6.28,57.98,0
2018-08-18 13:00:00,8.03,14.43,36.21,68.92,24.52,69.83,1013.0,3.76,0.96,0
2018-08-18 14:00:00,0.43,7.29,41.07,111.76,32.63,58.31,1017.56,4.76,60.96,0
2018-08-18 15:00:00,0.49,38.87,102.21,122.9,27.59,62.29,1003.16,24.94,72.14,0
2018-08-18 16:00:00,2.38,52.99,69.11,160.01,31.08,60.26,1008.72,14.88,49.16,0
2018-08-18 17:00:00,6.03,15.1,30.05,93.35,22.42,56.02,1019.48,5.76,52.05,0
2018-08-18 18:00:00,1.89,9.33,48.56,109.75,31.35,40.99,1004.85,3.63,73.75,0
2018-08-18 19:00:00,12.81,26.92,51.56,69.58,30.17,68.86,1013.42,29.01,28.39,0
2018-08-18 20:00:00,15.0,20.83,60.04,143.2,25.52,74.39,997.39,12.11,72.29,0
2018-08-18 21:00:00,7.5,11.34,46.6,108.45,27.74,64.27,1008.97,3.83,26.98,0
2018-08-18 22:00:00,2.57,6.57,45.71,90.49,16.3,56.36,1006.84,23.3,46.97,0
2018-08-18 23:00:00,11.15,29.13,127.4,163.92,26.47,78.7,1014.17,8.4,100.0,0
2018-08-19 00:00:00,7.74,21.19,33.68,138.13,28.16,43.83,1005.99,11.25,23.64,0
2018-08-19 01:00:00,5.75,35.29,88.84,176.0,25.7,52.84,1004.34,15.23,55.86,0
2018-08-19 02:00:00,4.22,42.69,88.67,163.86,23.3,87.71,1005.48,8.38,88.03,0
2018-08-19 03:00:00,0.5,21.02,72.88,314.45,35.6,47.47,1007.8,1.81,19.83,0
2018-08-19 04:00:00,28.43,34.27,41.17,176.98,34.83,70.39,1009.39,2.84,64.05,0
2018-08-19 05:00:00,0.94,2.86,60.03,165.98,28.23,79.41,1007.94,4.4,33.14,1
2018-08-19 06:00:00,19.79,30.45,59.46,135.29,29.99,65.17,1012.33,12.56,57.67,0
2018-08-19 07:00:00,9.17,18.72,56.78,156.92,18.02,64.2,1005.52,18.62,30.98,1
2018-08-19 08:00:00,2.73,8.85,40.53,229.8,21.83,63.69,1013.79,9.96,40.9,0
2018-08-19 09:00:00,2.27,22.36,40.24,63.03,25.44,40.38,1007.77,14.67,32.5,0
2018-08-19 10:00:00,0.46,21.65,51.36,139.49,22.17,57.59,1000.68,4.38,40.97,0
2018-08-19 11:00:00,5.03,22.55,57.73,155.62,33.53,79.28,1010.16,5.89,38.46,0
2018-08-19 12:00:00,0.42,52.78,101.58,134.96,24.57,74.13,1011.69,4.09,80.17,0
2018-08-19 13:00:00,13.44,17.6,61.18,139.01,21.36,64.09,1006.06,9.93,46.46,0
2018-08-19 14:00:00,6.34,17.52,50.05,164.15,39.01,64.38,1011.66,18.81,56.4,0
2018-08-19 15:00:00,4.69,18.59,54.84,161.78,38.14,57.51,1008.64,13.03,54.01,0
2018-08-19 16:00:00,5.34,15.38,51.32,125.26,32.04,51.54,1008.27,4.28,47.25,0
2018-08-19 17:00:00,6.59,15.58,63.5,149.91,17.32,75.44,1013.76,4.55,62.01,0
2018-08-19 18:00:00,3.34,27.06,83.92,162.74,36.12,60.38,1013.25,8.78,67.32,1
2018-08-19 19:00:00,3.87,11.56,72.1,98.34,35.92,89.92,1004.69,6.65,30.13,0
2018-08-19 20:00:00,21.53,28.04,55.2,111.94,18.48,61.57,1006.12,1.98,55.87,0
2018-08-19 21:00:00,12.33,33.42,62.37,438.09,15.54,69.52,1014.34,4.43,46.39,1
2018-08-19 22:00:00,8.82,29.49,54.87,133.13,24.96,81.26,1005.71,14.2,35.14,0
2018-08-19 23:00:00,2.73,6.28,41.68,94.59,29.99,66.88,1006.96,2.77,24.64,0
2018-08-20 00:00:00,0.18,30.04,145.49,258.22,35.85,67.01,1006.41,6.58,87.16,1
2018-08-20 01:00:00,7.91,54.52,81.52,103.41,17.64,63.42,1007.11,15.28,73.5,0
2018-08-20 02:00:00,5.33,7.85,59.74,115.93,37.97,48.23,1008.26,7.0,22.62,0
2018-08-20 03:00:00,3.77,27.66,80.24,141.63,18.79,67.01,1008.8,2.52,72.68,0
2018-08-20 04:00:00,4.46,21.28,65.97,179.11,32.77,56.12,1009.46,8.22,35.52,0
2018-08-20 05:00:00,1.03,16.6,23.09,101.65,27.84,56.48,1013.21,1.46,32.35,0
2018-08-20 06:00:00,1.54,32.67,65.82,146.91,34.91,80.24,1011.1,1.7,83.75,0
2018-08-20 07:00:00,12.35,28.93,76.52,151.34,30.07,85.39,1018.93,14.48,67.37,1
2018-08-20 08:00:00,10.87,26.95,47.0,85.72,27.64,45.42,1014.44,11.19,37.65,0
2018-08-20 09:00:00,16.57,26.15,33.87,115.67,31.75,42.89,1011.42,3.87,12.81,0
2018-08-20 10:00:00,7.75,39.92,88.21,174.18,23.65,71.17,1018.11,10.21,72.48,0
2018-08-20 11:00:00,7.4,10.8,69.25,130.51,27.34,64.95,1006.11,12.61,45.85,0
2018-08-20 12:00:00,1.52,28.53,60.06,159.38,20.6,51.77,1020.5,4.72,41.98,0
2018-08-20 13:00:00,1.86,9.23,33.07,78.12,32.03,58.08,1024.61,20.19,70.34,0
2018-08-20 14:00:00,3.01,16.5,97.52,156.96,34.47,71.7,1013.9,8.95,72.14,0
2018-08-20 15:00:00,0.72,6.63,66.39,221.92,30.49,62.97,1009.9,1.52,41.87,0
2018-08-20 16:00:00,1.68,12.16,27.58,74.85,29.21,71.72,1016.87,8.02,30.71,0
2018-08-20 17:00:00,5.31,12.11,50.62,106.55,26.35,74.17,1017.33,4.73,34.09,0
2018-08-20 18:00:00,2.8,14.12,31.09,119.66,41.22,58.56,1007.19,8.79,32.48,1
2018-08-20 19:00:00,5.79,34.12,61.76,234.14,27.8,78.06,1014.82,13.38,45.45,0
2018-08-20 20:00:00,12.31,21.69,95.16,217.67,19.39,80.47,1008.52,2.6,75.78,0
2018-08-20 21:00:00,5.74,25.69,99.53,185.3,31.1,73.33,1005.42,10.04,68.48,0
2018-08-20 22:00:00,7.48,16.02,39.28,112.5,28.3,35.47,1013.24,22.16,63.28,0
2018-08-20 23:00:00,0.41,7.2,57.98,75.33,39.41,50.38,1011.42,7.33,67.91,0
2018-08-21 00:00:00,12.12,26.44,42.17,124.74,27.93,57.68,1004.81,3.52,30.35,0
2018-08-21 01:00:00,0.38,1.47,114.09,156.29,20.54,79.59,1016.02,11.11,74.12,0
2018-08-21 02:00:00,2.57,11.51,19.17,58.88,37.34,44.26,1013.29,1.43,16.98,0
2018-08-21 03:00:00,1.11,33.86,60.82,92.13,29.66,76.2,1015.04,2.83,54.87,0
2018-08-21 04:00:00,0.18,19.27,69.94,193.18,24.86,81.49,1015.21,3.64,70.3,0
2018-08-21 05:00:00,5.45,19.16,37.16,88.78,40.42,65.61,1008.25,5.64,37.08,0
2018-08-21 06:00:00,8.1,20.85,36.39,65.31,27.83,65.92,1022.66,8.17,60.21,0
2018-08-21 07:00:00,16.92,45.26,79.18,144.48,24.94,75.93,1020.76,16.41,74.03,1
2018-08-21 08:00:00,6.26,14.84,36.41,198.76,33.25,64.87,1006.95,10.99,50.31,0
2018-08-21 09:00:00,1.67,12.55,19.16,54.88,33.29,58.49,1012.59,12.99,51.22,0
2018-08-21 10:00:00,2.72,3.88,37.75,213.23,33.05,59.7,1012.76,14.79,44.12,0
2018-08-21 11:00:00,0.26,13.09,62.46,155.18,35.4,74.83,1007.71,4.96,60.98,0
2018-08-21 12:00:00,3.08,22.96,52.92,226.97,17.55,72.74,1009.35,14.29,54.45,0
2018-08-21 13:00:00,4.62,13.83,47.05,111.02,32.6,48.81,1023.44,3.97,44.6,0
2018-08-21 14:00:00,7.78,25.73,70.44,188.6,28.45,66.65,1008.21,5.79,48.33,1
2018-08-21 15:00:00,9.83,20.67,114.01,323.06,28.75,79.81,1018.81,8.02,97.41,0
2018-08-21 16:00:00,7.54,26.09,52.01,102.24,25.22,48.79,1017.4,7.55,39.65,0
2018-08-21 17:00:00,1.43,16.53,59.16,126.45,25.69,71.35,1013.34,15.31,50.59,0
2018-08-21 18:00:00,0.92,8.32,41.72,123.08,26.65,60.05,1018.33,23.67,60.1,0
2018-08-21 19:00:00,9.2,20.26,35.01,123.98,28.75,80.35,1016.51,8.46,67.64,0
2018-08-21 20:00:00,0.16,13.03,67.96,74.67,15.92,74.0,1013.78,31.52,84.52,0
2018-08-21 21:00:00,23.94,36.57,115.36,213.43,31.96,76.22,1014.29,9.83,93.69,1
2018-08-21 22:00:00,1.89,40.61,90.03,174.56,33.39,75.17,1007.54,10.26,73.28,0
2018-08-21 23:00:00,13.6,25.96,30.69,87.23,30.58,61.2,1011.16,11.5,51.6,0
2018-08-22 00:00:00,2.36,35.56,62.61,345.03,31.25,50.17,1004.04,13.33,45.31,0
2018-08-22 01:00:00,8.28,13.92,63.22,197.53,33.31,65.27,1014.69,17.48,55.26,0
2018-08-22 02:00:00,0.97,19.05,84.38,261.87,29.3,53.09,1007.11,7.48,92.75,1
2018-08-22 03:00:00,4.92,28.76,38.26,98.41,40.02,58.21,1004.47,9.81,43.47,0
2018-08-22 04:00:00,6.59,10.03,24.44,74.54,28.02,60.34,1015.37,3.36,34.55,0
2018-08-22 05:00:00,0.94,21.23,64.81,166.74,33.36,53.79,1009.62,8.01,54.98,0
2018-08-22 06:00:00,1.19,2.87,39.51,119.12,23.08,60.81,1020.08,3.09,64.18,0
2018-08-22 07:00:00,2.9,11.19,45.14,99.41,27.26,77.47,1016.04,4.79,49.12,0
2018-08-22 08:00:00,3.64,17.75,107.89,162.74,34.1,68.45,1016.41,15.24,67.22,1
2018-08-22 09:00:00,7.79,47.01,142.63,169.3,27.09,70.64,1007.84,18.49,92.39,1
2018-08-22 10:00:00,7.08,27.43,44.53,181.38,24.92,73.55,1013.22,3.72,47.11,0
2018-08-22 11:00:00,5.46,13.53,20.84,142.43,29.89,60.47,1017.3,2.58,14.33,0
2018-08-22 12:00:00,10.84,38.74,71.1,83.03,28.23,67.0,998.37,16.46,57.91,0
2018-08-22 13:00:00,6.89,11.31,65.5,185.79,22.9,71.67,1003.04,14.32,47.77,0
2018-08-22 14:00:00,7.38,9.63,78.92,297.2,25.89,70.38,1010.13,6.51,42.92,1
2018-08-22 15:00:00,1.18,19.06,45.29,170.19,29.2,54.98,1003.19,2.64,49.34,0
2018-08-22 16:00:00,11.58,20.6,40.87,89.36,14.65,50.39,1007.76,26.39,53.73,0
2018-08-22 17:00:00,10.37,24.91,70.17,158.31,28.24,85.11,1013.72,16.29,75.48,0
2018-08-22 18:00:00,5.73,10.06,39.26,57.34,23.02,66.32,1013.63,28.68,41.43,0
2018-08-22 19:00:00,10.03,40.0,75.38,113.63,26.57,83.77,1014.01,17.54,55.33,1
2018-08-22 20:00:00,4.53,32.52,82.12,202.26,21.01,66.91,1004.84,20.85,62.05,1
2018-08-22 21:00:00,17.64,21.0,51.56,88.51,26.02,76.24,1015.92,9.28,73.79,1
2018-08-22 22:00:00,5.22,10.72,21.71,84.91,37.88,50.61,1008.4,10.28,18.36,0
2018-08-22 23:00:00,4.37,37.78,58.47,128.44,22.39,49.31,1014.03,14.52,51.18,0
2018-08-23 00:00:00,6.94,15.84,37.35,155.07,24.32,66.0,1015.47,12.29,29.77,0
2018-08-23 01:00:00,20.72,25.27,46.95,110.88,25.93,72.39,1022.21,3.87,60.09,0
2018-08-23 02:00:00,2.46,18.33,24.49,62.41,16.26,69.5,1021.06,2.54,25.57,0
2018-08-23 03:00:00,6.51,15.92,120.65,211.03,18.39,80.54,1012.59,19.84,61.98,0
2018-08-23 04:00:00,2.69,7.05,21.36,49.48,30.97,51.62,1010.88,5.76,24.89,0
2018-08-23 05:00:00,4.36,44.48,100.7,265.72,24.68,76.56,1010.42,13.66,78.2,0
2018-08-23 06:00:00,1.66,3.84,22.2,49.0,37.83,62.28,1014.34,13.25,45.28,0
2018-08-23 07:00:00,7.19,19.06,45.1,169.89,22.78,61.97,1008.61,17.79,60.88,0
2018-08-23 08:00:00,4.78,29.03,63.77,166.83,38.16,61.53,1014.35,6.83,41.72,1
2018-08-23 09:00:00,9.84,41.25,63.81,187.77,18.29,54.77,1014.85,12.49,48.6,0
2018-08-23 10:00:00,12.37,33.02,117.83,153.19,27.04,77.83,1012.96,19.88,83.24,1
2018-08-23 11:00:00,14.02,39.33,237.66,283.85,22.98,99.75,999.38,7.81,100.0,1
2018-08-23 12:00:00,2.81,25.32,32.2,82.51,32.13,45.69,1011.91,2.53,13.6,0
2018-08-23 13:00:00,6.95,21.06,87.55,150.6,24.31,89.79,1014.94,7.34,66.16,0
2018-08-23 14:00:00,14.8,21.43,60.11,88.02,24.94,51.06,1014.91,5.98,41.42,0
2018-08-23 15:00:00,1.64,11.49,38.56,109.77,27.35,54.77,1011.04,3.51,50.98,0
2018-08-23 16:00:00,5.33,10.49,69.95,142.05,41.99,69.65,1010.49,4.12,83.19,0
2018-08-23 17:00:00,1.79,16.83,87.24,209.21,35.52,74.1,1008.08,10.58,76.55,0
2018-08-23 18:00:00,14.65,21.19,53.49,121.78,25.36,55.96,1014.27,19.38,43.21,1
2018-08-23 19:00:00,8.12,20.27,98.59,115.54,22.62,62.87,1001.52,20.09,72.19,0
2018-08-23 20:00:00,8.0,19.14,24.53,45.86,23.05,57.91,1007.49,7.82,57.57,0
2018-08-23 21:00:00,2.03,19.07,73.03,114.49,21.82,67.39,1007.72,2.29,35.18,0
2018-08-23 22:00:00,16.13,28.25,63.69,125.31,33.57,80.3,1013.68,8.69,58.04,1
2018-08-23 23:00:00,3.45,16.44,56.74,241.23,23.82,53.97,1018.41,9.2,62.13,0
2018-08-24 00:00:00,2.29,6.14,71.69,210.57,34.55,68.13,1012.47,4.31,77.8,0
2018-08-24 01:00:00,12.96,21.05,71.34,128.67,34.51,65.78,1004.7,11.82,30.28,0
2018-08-24 02:00:00,3.09,3.24,109.67,153.06,27.06,78.06,1008.19,16.45,67.39,0
2018-08-24 03:00:00,2.41,22.4,140.41,212.92,19.74,77.05,1003.5,13.99,90.47,1
2018-08-24 04:00:00,10.36,20.95,51.36,123.7,32.2,74.34,1010.0,4.26,44.55,0
2018-08-24 05:00:00,1.04,10.47,23.17,90.77,21.02,65.45,1007.63,8.04,24.34,0
2018-08-24 06:00:00,8.21,23.6,57.8,84.72,27.98,78.03,1009.2,5.86,46.88,0
2018-08-24 07:00:00,5.39,19.13,36.19,87.99,36.25,62.29,1007.63,6.59,36.93,0
2018-08-24 08:00:00,9.61,24.74,49.8,100.29,14.6,63.36,1021.55,25.19,45.66,0
2018-08-24 09:00:00,7.4,24.52,62.31,148.98,26.42,61.77,1012.9,2.24,51.17,0
2018-08-24 10:00:00,31.4,43.29,52.6,190.3,24.38,49.12,1006.85,1.2,56.71,0
2018-08-24 11:00:00,5.9,10.98,59.45,109.9,25.4,69.0,1010.76,8.75,70.22,1
2018-08-24 12:00:00,3.08,7.39,39.79,122.9,20.16,66.15,1020.45,11.53,66.39,0
2018-08-24 13:00:00,4.81,12.36,32.05,36.82,39.41,65.87,1016.25,3.07,34.93,0
2018-08-24 14:00:00,7.33,43.93,47.22,127.41,28.89,59.08,1010.58,4.87,63.49,0
2018-08-24 15:00:00,19.58,32.87,97.05,106.39,16.71,60.36,1006.85,9.27,76.41,0
2018-08-24 16:00:00,8.71,27.43,98.16,131.61,30.02,64.06,1011.25,1.52,57.27,0
2018-08-24 17:00:00,1.89,11.61,77.59,121.75,34.19,70.74,1007.72,17.15,50.69,0
2018-08-24 18:00:00,11.93,23.17,40.13,126.38,27.58,72.82,1017.44,20.68,56.73,0
2018-08-24 19:00:00,1.75,8.45,53.97,126.48,36.95,48.43,1023.89,1.83,61.95,0
2018-08-24 20:00:00,1.19,20.51,92.99,109.03,16.5,87.43,1010.75,8.45,89.36,0
2018-08-24 21:00:00,0.89,11.37,54.07,141.07,34.25,43.16,1011.69,10.21,53.36,0
2018-08-24 22:00:00,4.56,25.25,65.42,246.45,26.59,84.69,1004.88,6.42,37.66,0
2018-08-24 23:00:00,4.76,6.06,103.92,129.94,23.05,62.86,1017.22,19.1,100.0,1
2018-08-25 00:00:00,2.23,23.66,117.16,167.09,32.35,90.24,1011.74,43.29,85.22,1
2018-08-25 01:00:00,0.69,6.49,31.56,92.76,32.23,55.76,1003.36,8.88,30.86,0
2018-08-25 02:00:00,1.23,7.98,29.91,88.28,36.33,74.07,1013.84,13.69,18.88,0
2018-08-25 03:00:00,8.87,33.89,52.46,171.6,36.06,40.86,1011.2,7.41,36.74,1
2018-08-25 04:00:00,3.52,30.98,37.48,139.18,28.39,67.17,1012.52,15.05,50.09,0
2018-08-25 05:00:00,1.44,15.57,100.23,180.76,19.13,82.86,1007.58,6.05,73.54,0
2018-08-25 06:00:00,5.37,31.55,73.81,137.03,17.96,70.95,1011.08,15.53,32.29,1
2018-08-25 07:00:00,6.44,14.56,40.01,142.16,18.49,67.73,1006.35,5.78,32.02,1
2018-08-25 08:00:00,7.13,16.52,53.41,68.0,25.59,74.7,1011.75,13.13,35.83,0
2018-08-25 09:00:00,5.17,37.14,126.69,322.94,29.34,79.39,1012.76,6.71,79.18,1
2018-08-25 10:00:00,4.4,6.28,16.17,138.87,31.02,53.07,1011.62,13.23,31.0,0
2018-08-25 11:00:00,13.88,32.92,115.71,247.2,31.15,62.45,1005.53,10.09,57.69,1
2018-08-25 12:00:00,1.3,13.03,47.57,279.18,23.46,72.64,1018.61,3.37,47.12,1
2018-08-25 13:00:00,3.81,19.42,67.03,187.43,35.53,77.79,1016.49,27.14,92.67,0
2018-08-25 14:00:00,3.28,17.17,66.66,96.61,36.84,73.72,1005.62,4.28,45.33,0
2018-08-25 15:00:00,5.76,21.14,114.0,190.82,22.42,83.01,1007.09,19.83,100.0,0
2018-08-25 16:00:00,10.27,21.79,39.62,157.89,27.4,64.49,1011.93,8.03,33.61,0
2018-08-25 17:00:00,5.59,20.79,152.74,228.45,31.74,77.85,1009.26,8.72,84.25,1
2018-08-25 18:00:00,21.97,40.84,52.85,134.2,36.0,75.77,1014.45,1.74,12.65,0
2018-08-25 19:00:00,7.64,17.46,38.09,179.85,31.29,56.88,1010.33,29.81,56.94,0
2018-08-25 20:00:00,0.98,12.78,67.77,130.41,24.7,68.27,1006.05,6.95,61.74,0
2018-08-25 21:00:00,3.29,18.07,103.88,265.01,22.34,79.09,1010.87,3.38,37.54,0
2018-08-25 22:00:00,7.87,34.2,52.74,98.94,22.03,78.24,1007.63,2.96,49.3,0
2018-08-25 23:00:00,2.36,5.3,15.93,97.67,26.56,28.58,1015.52,17.17,5.34,0
2018-08-26 00:00:00,6.25,11.72,100.52,117.33,25.16,81.74,1012.38,22.43,100.0,0
2018-08-26 01:00:00,5.9,46.78,72.74,89.59,20.93,63.53,1019.55,4.47,59.59,0
2018-08-26 02:00:00,4.49,21.86,49.25,311.63,31.92,68.83,1018.11,7.51,40.98,0
2018-08-26 03:00:00,0.83,17.77,56.21,131.75,26.07,46.2,1014.63,0.75,44.61,0
2018-08-26 04:00:00,2.06,57.25,90.53,152.67,30.4,63.73,1008.19,11.24,75.01,1
2018-08-26 05:00:00,23.75,40.49,96.67,183.47,20.85,84.06,1005.63,5.14,67.1,0
2018-08-26 06:00:00,3.05,11.92,24.49,127.4,33.55,71.07,1017.7,9.6,16.58,0
2018-08-26 07:00:00,3.49,4.54,13.99,47.06,32.57,55.52,1014.74,24.48,35.37,0
2018-08-26 08:00:00,3.47,14.77,61.94,182.34,34.36,83.1,1007.06,12.96,40.12,1
2018-08-26 09:00:00,10.05,23.51,72.53,126.24,27.34,67.94,1011.41,6.94,73.39,0
2018-08-26 10:00:00,3.68,27.27,83.31,334.5,26.7,73.2,1009.45,18.05,84.72,0
2018-08-26 11:00:00,4.59,29.07,83.05,165.16,31.44,61.57,1008.73,7.92,60.1,1
2018-08-26 12:00:00,5.59,25.02,34.64,44.67,35.12,56.56,1012.65,4.84,13.46,0
2018-08-26 13:00:00,11.05,38.09,91.49,142.34,27.87,75.53,1006.82,18.91,65.62,0
2018-08-26 14:00:00,4.62,19.88,71.74,153.5,19.4,44.61,1004.67,12.96,58.76,0
2018-08-26 15:00:00,5.15,8.21,19.39,44.2,25.49,59.41,1021.81,14.38,9.22,0
2018-08-26 16:00:00,2.5,13.15,83.69,178.02,35.44,74.4,1009.21,12.54,34.89,0
2018-08-26 17:00:00,6.39,17.11,35.14,139.16,32.24,61.3,1014.94,4.95,8.74,0
2018-08-26 18:00:00,8.23,22.48,38.74,102.94,29.7,76.3,1004.02,15.4,58.57,0
2018-08-26 19:00:00,8.75,36.46,93.45,102.98,25.66,66.94,1003.15,0.92,83.36,1
2018-08-26 20:00:00,20.92,33.53,47.11,251.01,37.39,61.04,1006.89,21.74,25.57,0
2018-08-26 21:00:00,1.88,14.73,44.65,65.23,22.32,58.95,1006.86,0.68,60.2,0
2018-08-26 22:00:00,4.82,64.75,91.33,145.08,28.1,68.35,1004.89,14.82,73.03,1
2018-08-26 23:00:00,3.71,9.58,32.69,147.92,30.65,59.2,1007.27,21.08,43.32,0
2018-08-27 00:00:00,17.98,34.29,53.5,152.78,30.36,58.97,1015.17,11.95,0.0,0
2018-08-27 01:00:00,9.05,17.3,137.79,178.41,23.65,90.97,1004.56,10.43,84.27,1
2018-08-27 02:00:00,0.48,18.01,72.78,112.8,32.57,81.98,999.68,25.94,76.07,0
2018-08-27 03:00:00,2.25,32.28,53.35,129.91,31.29,75.99,1011.8,1.22,15.12,0
2018-08-27 04:00:00,3.24,24.99,46.53,78.32,29.02,70.43,1009.01,12.12,70.03,1
2018-08-27 05:00:00,0.63,16.7,60.78,136.46,30.36,56.13,1018.53,11.16,63.52,0
2018-08-27 06:00:00,5.19,18.22,44.69,166.34,25.06,62.19,1011.12,13.92,40.65,0
2018-08-27 07:00:00,2.63,29.69,75.73,125.77,38.23,89.41,1016.69,3.78,45.95,1
2018-08-27 08:00:00,21.65,44.34,58.9,124.82,35.46,63.38,1009.71,4.46,63.84,0
2018-08-27 09:00:00,6.34,19.49,57.82,149.72,24.41,69.26,1007.98,10.57,55.96,0
2018-08-27 10:00:00,3.1,58.72,118.13,274.91,27.13,61.23,1011.85,9.4,79.56,1
2018-08-27 11:00:00,1.43,8.73,45.58,142.09,34.36,68.53,1005.21,9.21,53.06,0
2018-08-27 12:00:00,4.4,57.22,85.17,132.37,31.7,63.5,1015.65,7.44,49.89,0
2018-08-27 13:00:00,16.74,44.54,93.85,227.44,28.77,69.17,1007.8,6.99,62.12,1
2018-08-27 14:00:00,3.76,8.14,13.14,130.18,22.67,29.73,1004.77,2.61,21.52,0
2018-08-27 15:00:00,4.44,12.39,71.68,202.69,23.23,67.31,1013.08,4.57,49.83,0
2018-08-27 16:00:00,12.4,28.57,34.5,92.04,28.58,70.12,1010.73,5.58,39.81,1
2018-08-27 17:00:00,6.16,9.56,75.52,222.28,37.36,77.91,1004.33,5.22,58.55,1
2018-08-27 18:00:00,9.87,32.97,60.11,110.72,34.59,61.83,1012.93,3.62,61.77,0
2018-08-27 19:00:00,6.77,19.45,82.03,121.87,31.64,77.4,1007.63,8.25,70.26,1
2018-08-27 20:00:00,6.42,30.24,102.32,250.72,32.29,82.98,1012.97,19.28,92.23,0
2018-08-27 21:00:00,0.44,22.15,50.66,124.25,15.6,56.38,1010.54,5.59,23.14,0
2018-08-27 22:00:00,1.16,12.28,80.81,155.69,29.9,79.18,1012.44,7.78,80.33,0
2018-08-27 23:00:00,5.55,13.67,55.7,87.87,29.85,61.65,1009.6,17.78,42.2,0
2018-08-28 00:00:00,1.61,3.19,52.24,87.67,20.1,51.1,1003.58,11.39,36.63,0
2018-08-28 01:00:00,4.41,58.81,138.26,179.41,40.47,72.86,1012.47,14.34,83.71,0
2018-08-28 02:00:00,1.01,21.71,67.02,121.37,30.76,69.2,1006.92,14.76,42.58,0
2018-08-28 03:00:00,12.48,17.41,80.09,135.6,31.32,54.3,1000.15,10.47,53.42,0
2018-08-28 04:00:00,1.88,14.53,128.88,145.59,24.05,57.55,1006.47,4.67,95.42,0
2018-08-28 05:00:00,1.42,28.29,90.61,206.14,29.67,75.17,1006.39,4.03,91.41,1
2018-08-28 06:00:00,0.7,14.73,41.32,243.1,29.05,65.89,1016.05,15.49,47.94,0
2018-08-28 07:00:00,8.66,12.49,55.49,87.67,38.79,62.2,1007.75,3.01,37.61,0
2018-08-28 08:00:00,4.4,26.98,48.41,118.27,33.51,64.55,1010.72,3.73,25.64,1
2018-08-28 09:00:00,12.1,15.95,60.34,187.91,29.3,72.34,1013.6,10.53,46.55,1
2018-08-28 10:00:00,2.52,27.38,56.76,199.22,19.88,48.02,1011.27,3.76,48.37,0
2018-08-28 11:00:00,1.12,19.03,66.5,119.1,21.3,40.0,1015.74,12.09,44.46,0
2018-08-28 12:00:00,4.2,17.18,80.4,212.31,14.05,77.49,1015.45,10.69,60.74,0
2018-08-28 13:00:00,14.2,26.76,47.6,74.78,26.35,67.19,1006.66,19.61,41.4,0
2018-08-28 14:00:00,0.42,11.1,48.64,55.55,31.03,68.91,1013.11,5.5,67.35,0
2018-08-28 15:00:00,6.03,26.67,43.48,97.68,28.61,54.36,1019.6,19.63,19.45,0
2018-08-28 16:00:00,6.63,11.33,33.03,245.19,31.73,62.72,1007.57,4.85,38.62,0
2018-08-28 17:00:00,16.18,24.8,66.59,138.95,39.97,77.45,1004.92,15.47,53.29,1
2018-08-28 18:00:00,1.71,36.01,63.8,324.38,22.96,68.39,1014.2,18.83,60.94,0
2018-08-28 19:00:00,0.36,50.87,139.6,168.61,22.92,74.78,1004.34,27.46,100.0,1
2018-08-28 20:00:00,2.83,14.51,22.61,69.79,28.86,61.13,1022.14,9.91,51.65,0
2018-08-28 21:00:00,9.75,24.61,125.17,238.51,19.56,90.79,1006.89,7.91,87.55,1
2018-08-28 22:00:00,4.7,10.19,72.6,220.81,27.83,69.51,1005.88,25.07,53.06,0
2018-08-28 23:00:00,7.3,14.47,68.83,167.09,25.64,55.92,1007.94,1.27,62.8,0
2018-08-29 00:00:00,1.23,2.92,62.68,114.61,21.14,83.3,1017.96,3.28,24.35,0
2018-08-29 01:00:00,3.52,6.51,65.45,320.66,21.0,63.57,1004.32,7.15,56.04,0
2018-08-29 02:00:00,4.88,14.5,40.73,107.46,25.25,55.22,1009.84,10.27,46.51,0
2018-08-29 03:00:00,0.54,26.17,90.73,141.71,24.33,64.94,1008.54,4.66,70.86,1
2018-08-29 04:00:00,4.85,17.86,62.06,153.56,26.17,70.99,998.02,13.77,46.83,0
2018-08-29 05:00:00,3.17,36.37,45.84,165.57,35.53,57.0,1008.98,21.45,49.38,1
2018-08-29 06:00:00,36.35,45.03,67.01,114.66,33.91,50.48,1009.7,6.96,59.68,0
2018-08-29 07:00:00,4.51,33.62,50.57,83.22,30.31,68.41,1006.89,1.96,56.39,0
2018-08-29 08:00:00,16.91,78.06,110.04,239.75,31.87,76.76,1012.77,11.68,87.53,0
2018-08-29 09:00:00,7.25,24.81,30.82,36.94,22.53,61.33,1015.89,22.9,40.27,0
2018-08-29 10:00:00,3.96,5.53,63.39,97.21,31.54,55.94,1011.48,3.96,56.06,0
2018-08-29 11:00:00,14.9,16.42,81.13,114.75,22.62,65.3,1004.36,5.0,57.91,0
2018-08-29 12:00:00,0.98,4.17,29.81,76.94,31.39,64.63,1007.44,6.07,43.65,0
2018-08-29 13:00:00,2.75,9.56,57.61,182.83,38.2,66.21,1016.36,12.72,80.7,0
2018-08-29 14:00:00,10.26,34.68,125.59,262.32,33.64,80.6,1020.21,8.55,100.0,0
2018-08-29 15:00:00,0.08,9.43,36.91,107.15,33.05,76.73,1016.34,13.39,33.64,0
2018-08-29 16:00:00,4.36,33.43,60.92,223.33,22.29,68.41,1013.2,10.1,37.65,0
2018-08-29 17:00:00,4.32,12.27,42.87,238.7,28.14,67.49,1006.61,2.3,48.56,1
2018-08-29 18:00:00,5.84,65.54,120.33,182.23,29.76,67.18,1009.27,7.73,100.0,0
2018-08-29 19:00:00,3.56,38.04,65.13,170.53,33.99,55.18,1004.18,23.41,51.4,0
2018-08-29 20:00:00,9.9,18.7,49.71,91.07,24.29,70.55,1014.07,8.24,44.46,0
2018-08-29 21:00:00,1.82,7.89,61.35,75.79,27.75,61.16,1008.97,3.25,47.62,0
2018-08-29 22:00:00,11.14,45.92,97.32,167.38,37.23,54.85,1003.67,5.73,100.0,1
2018-08-29 23:00:00,1.17,5.96,30.58,112.42,28.63,65.25,1009.66,6.44,39.27,0
2018-08-30 00:00:00,6.3,14.54,30.92,131.22,15.95,70.79,1013.88,6.39,48.24,0
2018-08-30 01:00:00,13.45,18.16,46.58,116.0,22.13,52.67,1012.35,0.95,29.8,0
2018-08-30 02:00:00,1.62,17.36,50.69,71.02,24.68,46.79,1011.47,12.79,43.35,0
2018-08-30 03:00:00,2.18,32.64,74.93,129.0,22.78,82.69,1012.02,4.54,93.07,0
2018-08-30 04:00:00,11.48,20.56,57.68,202.02,29.79,78.31,1005.51,5.51,50.79,1
2018-08-30 05:00:00,5.45,31.66,45.0,67.62,34.69,73.23,1006.32,22.88,55.42,0
2018-08-30 06:00:00,0.37,16.96,43.58,111.68,35.69,54.49,1007.01,10.14,25.86,0
2018-08-30 07:00:00,5.66,10.23,16.65,66.67,36.08,55.01,1005.71,7.43,29.38,0
2018-08-30 08:00:00,8.47,16.95,59.08,116.73,25.16,69.61,1010.86,8.91,22.3,1
2018-08-30 09:00:00,11.89,14.9,30.63,162.92,27.18,69.39,1004.46,1.89,29.14,0
2018-08-30 10:00:00,6.15,48.0,58.43,283.36,27.9,64.18,1012.06,16.68,51.72,0
2018-08-30 11:00:00,7.48,22.03,51.41,95.91,44.54,90.73,1003.27,13.02,63.37,1
2018-08-30 12:00:00,18.3,31.15,77.81,104.13,30.65,75.02,1013.89,1.78,60.23,0
2018-08-30 13:00:00,10.53,24.81,61.25,96.64,27.71,67.31,1012.1,1.11,52.4,0
2018-08-30 14:00:00,3.42,9.34,106.5,140.35,23.48,72.64,1001.65,14.88,64.4,0
2018-08-30 15:00:00,3.92,13.35,21.47,93.13,35.1,61.18,1014.53,3.21,29.39,0
2018-08-30 16:00:00,12.99,30.43,38.14,169.03,21.59,65.74,1011.06,18.1,52.06,1
2018-08-30 17:00:00,6.03,8.27,31.48,86.01,29.86,49.45,1017.54,5.53,0.0,0
2018-08-30 18:00:00,5.2,6.33,69.26,108.44,28.03,55.48,1009.89,7.31,70.86,0
2018-08-30 19:00:00,3.3,11.11,35.88,169.04,26.59,54.04,1003.35,9.24,34.11,0
2018-08-30 20:00:00,12.58,19.32,37.37,62.85,38.95,58.53,1009.45,17.32,37.83,0
2018-08-30 21:00:00,1.75,33.59,82.34,155.41,31.45,71.49,1009.12,11.23,58.7,0
2018-08-30 22:00:00,2.76,8.67,35.4,135.68,34.09,56.92,1009.07,22.93,29.83,0
2018-08-30 23:00:00,12.54,30.3,108.4,139.39,21.94,74.27,1011.8,14.83,61.23,1
2018-08-31 00:00:00,12.41,19.13,49.19,122.58,34.11,49.62,1016.37,12.89,33.44,0
2018-08-31 01:00:00,27.66,44.62,108.22,240.68,36.06,86.58,1011.58,21.27,62.74,0
2018-08-31 02:00:00,4.37,19.14,51.01,103.77,29.86,50.36,1006.08,10.33,57.08,0
2018-08-31 03:00:00,3.36,40.84,87.69,189.74,25.88,73.85,1011.67,7.81,90.24,0
2018-08-31 04:00:00,3.74,9.14,78.95,98.17,23.86,59.0,1009.83,10.75,57.22,0
2018-08-31 05:00:00,0.47,5.89,13.54,54.1,28.43,61.43,1008.57,12.45,18.83,0
2018-08-31 06:00:00,0.13,66.38,71.91,102.4,27.22,83.53,1017.66,9.48,57.39,1
2018-08-31 07:00:00,6.13,35.81,44.42,105.39,25.0,71.17,1011.84,14.0,27.26,0
2018-08-31 08:00:00,3.08,11.45,27.86,66.23,30.92,51.14,1007.99,5.04,40.61,0
2018-08-31 09:00:00,1.91,7.61,79.41,258.44,29.41,71.64,1009.56,20.89,61.58,1
2018-08-31 10:00:00,5.12,10.1,115.8,204.54,26.2,72.23,1010.02,38.96,51.23,1
2018-08-31 11:00:00,6.27,35.04,68.56,98.05,26.29,54.17,1018.95,5.13,65.99,0
2018-08-31 12:00:00,4.06,11.25,37.16,86.88,18.88,71.61,1014.28,7.22,20.21,0
2018-08-31 13:00:00,4.17,10.25,55.52,106.13,27.36,88.3,1007.8,5.81,46.91,0
2018-08-31 14:00:00,3.04,8.97,29.66,163.48,21.42,73.28,1015.27,1.54,30.23,0
2018-08-31 15:00:00,9.05,28.87,72.4,167.8,26.12,55.86,1011.19,17.39,70.02,1
2018-08-31 16:00:00,2.54,13.07,83.07,153.51,29.89,90.71,1002.3,14.64,57.86,0
2018-08-31 17:00:00,1.43,30.88,76.42,174.07,18.05,62.57,1003.61,1.74,82.49,0
2018-08-31 18:00:00,2.9,50.88,65.65,210.49,26.63,62.71,1006.73,10.46,72.57,1
2018-08-31 19:00:00,5.87,20.65,53.34,302.75,30.11,57.16,1006.16,8.1,48.05,1
2018-08-31 20:00:00,9.54,25.55,139.13,339.3,19.73,81.64,1002.67,10.54,100.0,1
2018-08-31 21:00:00,21.25,31.3,80.33,158.15,24.78,48.94,1012.44,10.16,57.83,0
2018-08-31 22:00:00,5.15,19.44,43.68,100.66,20.79,53.12,1016.19,11.27,32.26,0
2018-08-31 23:00:00,17.09,18.77,39.02,127.59,32.92,73.73,1005.15,10.32,68.56,1
2018-09-01 00:00:00,2.3,19.47,43.16,162.12,24.63,88.69,1010.76,7.81,55.71,0
2018-09-01 01:00:00,1.83,26.84,85.71,130.8,24.36,48.27,1015.99,8.94,80.5,0
2018-09-01 02:00:00,7.17,11.81,53.01,134.35,32.79,75.1,1015.53,8.53,60.5,0
2018-09-01 03:00:00,8.18,50.66,66.64,157.19,26.68,54.92,1009.07,23.72,68.42,0
2018-09-01 04:00:00,5.68,13.63,81.05,263.16,38.03,64.98,1007.75,2.41,68.17,0
2018-09-01 05:00:00,36.98,71.87,183.25,221.73,30.99,75.33,1014.17,10.13,100.0,1
2018-09-01 06:00:00,2.45,23.61,66.28,85.97,30.56,76.95,1017.55,1.4,33.94,0
2018-09-01 07:00:00,14.51,18.63,94.38,112.89,30.74,77.72,1017.2,17.79,64.75,1
2018-09-01 08:00:00,1.89,30.17,44.36,178.73,35.19,64.19,1010.37,12.37,48.11,0
2018-09-01 09:00:00,8.78,21.73,52.87,213.41,10.95,72.28,1010.04,9.77,65.69,0
2018-09-01 10:00:00,4.93,23.41,36.25,90.5,31.83,67.79,1006.19,19.79,33.32,0
2018-09-01 11:00:00,6.07,16.33,76.85,195.88,23.52,57.51,1011.61,4.42,35.91,0
2018-09-01 12:00:00,7.24,18.84,54.36,202.96,21.5,68.1,1008.96,5.72,70.83,0
2018-09-01 13:00:00,5.12,7.4,12.94,105.48,27.24,50.99,1012.56,6.48,45.59,0
2018-09-01 14:00:00,4.16,23.71,38.11,262.74,27.54,54.27,1000.13,9.93,35.26,0
2018-09-01 15:00:00,0.3,12.99,45.54,110.92,18.37,68.3,1009.35,8.15,50.0,0
2018-09-01 16:00:00,10.9,27.01,35.74,151.4,21.47,74.76,1018.35,13.0,33.41,0
2018-09-01 17:00:00,0.9,19.76,34.93,39.31,20.23,60.54,1012.56,8.51,22.12,0
2018-09-01 18:00:00,3.12,20.95,92.83,285.51,23.38,88.25,996.0,14.52,68.94,1
2018-09-01 19:00:00,6.5,26.66,46.27,129.91,30.78,60.07,1014.79,3.25,21.65,0
2018-09-01 20:00:00,1.18,3.4,45.69,135.84,25.91,46.32,1017.67,22.7,47.97,0
2018-09-01 21:00:00,4.15,14.64,79.75,197.54,29.58,55.89,1002.59,2.6,69.07,0
2018-09-01 22:00:00,9.85,13.88,71.43,213.2,23.65,52.09,1011.65,11.34,46.53,0
2018-09-01 23:00:00,3.04,3.67,96.84,168.19,35.5,76.54,1008.1,2.61,86.43,0
2018-09-02 00:00:00,4.23,22.45,90.87,225.49,25.49,90.66,1012.25,15.57,48.52,0
2018-09-02 01:00:00,1.54,48.91,90.17,152.34,32.92,82.95,1013.34,8.83,52.38,1
2018-09-02 02:00:00,3.46,4.26,14.13,179.3,28.35,66.69,1011.67,0.44,38.98,0
2018-09-02 03:00:00,0.94,20.59,54.28,175.9,23.72,81.19,1011.45,3.09,55.92,1
2018-09-02 04:00:00,5.79,15.32,73.2,107.77,39.92,75.04,1019.45,26.33,52.11,1
2018-09-02 05:00:00,0.63,12.3,29.65,63.06,34.8,71.82,1030.0,9.64,37.88,0
2018-09-02 06:00:00,2.35,21.51,94.07,234.4,26.82,73.02,1013.72,4.68,63.79,0
2018-09-02 07:00:00,4.97,22.17,57.75,72.6,33.07,56.61,1012.49,7.12,43.14,0
2018-09-02 08:00:00,3.87,14.12,71.79,134.36,27.91,55.54,1007.75,9.26,63.38,0
2018-09-02 09:00:00,6.84,14.82,72.23,199.35,26.5,64.11,1010.24,3.08,56.05,0
2018-09-02 10:00:00,4.24,21.58,80.83,129.47,24.14,52.19,1010.65,2.22,57.87,0
2018-09-02 11:00:00,1.15,2.33,26.98,110.56,27.94,56.38,1012.95,4.03,28.96,0
2018-09-02 12:00:00,4.74,23.77,117.76,164.84,29.72,72.97,998.16,6.3,100.0,0
2018-09-02 13:00:00,12.2,21.78,103.39,135.91,29.18,82.47,1006.54,1.02,87.16,0
2018-09-02 14:00:00,10.42,43.01,81.76,239.37,31.19,68.24,1009.08,9.24,56.75,0
2018-09-02 15:00:00,36.23,48.73,62.35,100.76,27.87,78.97,1009.22,9.37,39.03,0
2018-09-02 16:00:00,2.68,34.13,59.59,103.54,20.84,61.19,1012.93,7.66,51.21,0
2018-09-02 17:00:00,9.56,14.74,39.33,99.03,30.2,52.04,1020.76,8.71,15.78,0
2018-09-02 18:00:00,8.97,13.74,23.0,84.9,23.96,77.2,1015.32,21.36,52.26,0
2018-09-02 19:00:00,17.61,24.14,44.98,111.68,18.79,74.79,1013.95,2.61,34.57,0
2018-09-02 20:00:00,13.91,50.59,51.19,203.48,26.58,65.66,1015.23,6.53,46.6,0
2018-09-02 21:00:00,6.21,18.3,69.05,155.9,24.92,61.56,1017.81,3.03,72.01,0
2018-09-02 22:00:00,8.23,15.92,47.17,99.16,23.16,86.42,1025.94,11.33,68.97,0
2018-09-02 23:00:00,6.87,23.97,83.85,149.88,20.6,70.52,1011.75,5.28,56.33,0
2018-09-03 00:00:00,4.56,11.43,39.54,145.23,29.32,70.99,1013.17,0.89,51.8,0
2018-09-03 01:00:00,7.7,24.65,33.39,43.96,24.14,76.18,1013.86,22.34,68.44,0
2018-09-03 02:00:00,5.61,17.64,30.75,91.5,22.6,65.13,1014.09,2.45,13.19,0
2018-09-03 03:00:00,5.38,12.82,47.24,220.12,29.92,52.05,1008.07,5.34,34.67,0
2018-09-03 04:00:00,18.28,30.87,65.07,138.19,26.6,65.01,1011.47,13.46,60.25,0
2018-09-03 05:00:00,6.32,18.92,39.66,119.26,29.7,57.17,1008.28,9.91,28.76,0
2018-09-03 06:00:00,5.15,28.49,48.54,113.77,26.85,63.61,1016.6,2.5,38.41,0
2018-09-03 07:00:00,3.99,7.83,69.77,223.42,29.65,70.95,1026.7,8.99,67.05,0
2018-09-03 08:00:00,3.64,12.19,18.51,204.09,19.65,54.54,1014.26,13.27,51.01,0
2018-09-03 09:00:00,1.1,16.11,60.58,66.37,35.66,62.37,1015.5,8.41,72.17,0
2018-09-03 10:00:00,4.56,10.75,39.47,253.55,18.19,63.73,1018.09,16.19,29.94,0
2018-09-03 11:00:00,12.74,23.61,85.42,111.83,32.37,55.37,1005.09,10.11,64.24,0
2018-09-03 12:00:00,2.59,9.9,127.42,256.17,27.03,74.68,1012.79,7.62,73.77,1
2018-09-03 13:00:00,0.09,9.33,20.92,150.9,39.67,61.63,1014.7,10.32,56.11,0
2018-09-03 14:00:00,7.44,12.25,67.18,98.53,27.99,68.96,1003.43,21.5,63.36,0
2018-09-03 15:00:00,5.82,53.29,106.39,168.39,31.44,66.64,1008.68,8.76,76.71,1
2018-09-03 16:00:00,18.02,19.28,37.47,124.45,16.34,56.73,998.82,4.57,40.64,0
2018-09-03 17:00:00,2.27,9.54,33.58,253.8,34.58,46.0,1003.38,12.25,36.02,0
2018-09-03 18:00:00,0.92,13.35,43.71,127.7,30.32,55.1,1005.24,15.48,36.03,0
2018-09-03 19:00:00,3.78,16.11,67.71,160.51,17.94,48.49,1003.48,1.56,53.16,0
2018-09-03 20:00:00,3.17,32.22,69.76,215.93,24.08,65.14,1017.75,15.74,50.01,0
2018-09-03 21:00:00,0.46,4.25,88.49,135.5,26.06,75.49,1004.0,8.65,76.23,0
2018-09-03 22:00:00,5.2,7.58,24.34,67.04,33.78,52.06,1013.61,11.86,15.9,0
2018-09-03 23:00:00,2.88,11.09,44.77,161.21,26.27,40.4,1010.91,20.04,48.74,0
2018-09-04 00:00:00,15.4,27.84,71.16,169.25,20.69,76.42,1009.87,1.95,32.62,0
2018-09-04 01:00:00,5.28,15.07,42.5,103.2,25.27,64.75,1009.21,7.06,53.15,0
2018-09-04 02:00:00,1.93,26.75,41.43,184.46,30.8,53.71,1008.0,9.86,26.92,0
2018-09-04 03:00:00,4.65,8.97,82.62,271.31,27.18,60.68,1013.88,6.21,56.95,1
2018-09-04 04:00:00,5.71,13.24,55.32,196.6,31.42,73.92,998.75,17.02,45.9,0
2018-09-04 05:00:00,8.11,26.94,33.27,91.23,14.38,65.34,1016.98,1.94,31.75,0
2018-09-04 06:00:00,4.88,17.49,39.09,119.38,37.84,69.07,1009.46,16.35,79.19,1
2018-09-04 07:00:00,23.93,53.4,70.98,118.95,27.64,52.63,1011.6,13.85,46.45,0
2018-09-04 08:00:00,1.05,13.68,111.15,285.25,29.56,80.44,1012.48,1.92,78.45,0
2018-09-04 09:00:00,2.83,6.57,35.7,114.0,32.57,50.9,1018.28,4.16,20.84,0
2018-09-04 10:00:00,1.94,28.91,115.46,136.49,34.77,61.61,1005.25,10.44,100.0,0
2018-09-04 11:00:00,3.33,28.19,76.67,190.63,34.15,68.48,1008.17,4.31,59.56,0
2018-09-04 12:00:00,6.39,23.32,69.92,150.8,23.48,72.41,1002.68,3.84,39.53,0
2018-09-04 13:00:00,5.98,59.24,80.2,152.74,18.64,69.77,1012.11,14.97,87.0,1
2018-09-04 14:00:00,7.93,21.04,49.87,72.1,30.61,64.77,1021.44,6.11,56.93,0
2018-09-04 15:00:00,5.25,19.15,30.3,77.16,34.44,48.78,1009.28,1.12,36.19,0
2018-09-04 16:00:00,5.57,29.98,97.16,182.49,30.64,52.75,1008.39,2.59,73.2,0
2018-09-04 17:00:00,5.36,20.92,88.53,215.86,16.41,75.42,1012.29,0.52,69.36,1
2018-09-04 18:00:00,2.99,16.77,63.39,166.1,39.19,68.81,1010.34,2.33,71.09,0
2018-09-04 19:00:00,2.75,5.06,42.45,84.07,25.04,57.71,1015.54,3.28,62.28,0
2018-09-04 20:00:00,1.9,5.2,37.14,90.46,32.64,57.15,1011.47,7.03,2.4,0
2018-09-04 21:00:00,8.31,11.61,108.63,146.78,17.44,75.49,1014.1,7.13,70.38,0
2018-09-04 22:00:00,0.16,9.56,84.03,148.76,35.63,65.91,1007.74,14.27,66.81,0
2018-09-04 23:00:00,5.45,35.92,78.15,202.51,33.43,76.1,1010.75,17.17,51.49,1
2018-09-05 00:00:00,9.72,51.08,75.47,130.56,25.57,76.05,1005.58,9.25,48.37,0
2018-09-05 01:00:00,12.01,45.32,67.88,131.0,35.03,66.32,1007.4,3.8,64.82,0
2018-09-05 02:00:00,0.06,34.38,126.49,200.9,28.95,75.48,1009.14,7.41,100.0,0
2018-09-05 03:00:00,3.1,8.67,27.56,53.7,32.55,62.61,1012.05,10.17,35.3,0
2018-09-05 04:00:00,2.04,14.64,48.27,136.12,27.32,34.86,1016.22,5.39,41.41,0
2018-09-05 05:00:00,2.82,7.71,60.57,142.5,24.06,65.24,1012.56,17.3,34.64,0
2018-09-05 06:00:00,14.17,30.59,94.28,178.2,37.93,55.88,1009.11,16.07,94.2,0
2018-09-05 07:00:00,2.05,11.53,56.28,94.38,30.58,69.34,1008.67,9.96,56.68,0
2018-09-05 08:00:00,9.7,12.11,50.43,260.62,20.34,73.11,1012.0,5.86,51.49,0
2018-09-05 09:00:00,5.52,23.56,60.18,278.45,28.8,40.36,1015.58,3.66,56.61,0
2018-09-05 10:00:00,2.68,9.39,40.04,102.43,31.83,68.95,1008.21,6.76,56.99,0
2018-09-05 11:00:00,2.38,13.97,28.78,44.21,34.1,59.12,1025.84,12.17,30.59,0
2018-09-05 12:00:00,6.08,14.13,72.7,78.51,39.76,73.05,1003.66,20.67,69.73,1
2018-09-05 13:00:00,4.4,24.26,49.1,83.35,31.41,73.79,1007.24,3.52,42.34,0
2018-09-05 14:00:00,0.4,14.59,27.11,63.24,23.98,62.09,1009.74,18.5,24.7,0
2018-09-05 15:00:00,1.5,13.98,30.07,96.78,26.8,61.81,1016.63,21.03,23.13,0
2018-09-05 16:00:00,6.23,38.76,80.66,127.36,35.17,57.9,1017.48,11.13,49.06,0
2018-09-05 17:00:00,0.98,9.5,66.06,120.13,24.16,58.17,1009.02,10.76,31.23,0
2018-09-05 18:00:00,10.91,28.15,69.02,212.28,29.13,87.46,1006.24,5.08,82.05,0
2018-09-05 19:00:00,0.6,9.39,42.2,93.04,25.35,72.55,1006.99,5.21,59.77,0
2018-09-05 20:00:00,3.56,64.2,99.13,274.3,26.27,77.48,1014.31,17.97,70.01,1
2018-09-05 21:00:00,8.54,36.24,55.62,131.77,26.74,55.43,1004.93,3.43,50.33,0
2018-09-05 22:00:00,1.35,41.11,109.53,189.31,29.25,78.27,1010.66,7.3,81.67,0
2018-09-05 23:00:00,0.88,14.77,31.11,159.76,27.24,56.26,1013.86,5.46,46.38,0
2018-09-06 00:00:00,7.22,35.73,81.34,224.73,19.12,91.91,1011.89,8.38,79.64,1
2018-09-06 01:00:00,9.97,14.41,79.79,180.27,34.75,83.21,1006.27,14.83,72.98,0
2018-09-06 02:00:00,3.84,7.58,50.5,126.3,34.11,55.76,1004.97,1.32,31.65,0
2018-09-06 03:00:00,3.01,13.58,67.38,122.93,29.14,59.8,1010.65,8.04,51.97,0
2018-09-06 04:00:00,0.57,16.64,37.48,54.26,34.89,59.49,1014.79,15.83,34.19,0
2018-09-06 05:00:00,5.05,35.69,80.26,214.88,32.08,82.35,1008.33,2.98,11.79,0
2018-09-06 06:00:00,0.29,13.33,76.13,188.25,32.38,79.71,1013.52,16.94,63.87,1
2018-09-06 07:00:00,14.33,24.8,83.66,137.92,29.8,48.26,1009.34,2.24,27.85,0
2018-09-06 08:00:00,4.04,26.8,90.07,141.25,32.17,75.41,1012.86,4.88,92.88,0
2018-09-06 09:00:00,1.55,39.82,69.04,216.28,22.36,79.06,1005.35,7.57,35.83,0
2018-09-06 10:00:00,2.35,26.23,97.09,102.99,26.22,70.35,1008.49,13.65,72.14,0
2018-09-06 11:00:00,5.44,23.59,63.22,139.67,19.99,71.9,1019.31,17.19,74.11,0
2018-09-06 12:00:00,2.84,31.18,59.25,126.96,21.49,84.64,1007.99,4.86,38.09,0
2018-09-06 13:00:00,4.6,31.42,124.51,259.45,34.89,91.36,1010.44,15.63,92.4,0
2018-09-06 14:00:00,1.27,25.22,31.77,142.8,30.32,65.62,1011.76,15.93,21.7,0
2018-09-06 15:00:00,12.21,39.49,77.05,108.61,25.29,72.27,1007.76,1.47,58.54,1
2018-09-06 16:00:00,2.41,18.86,40.69,90.48,22.7,61.97,1015.73,10.79,31.45,0
2018-09-06 17:00:00,0.14,43.81,102.43,113.65,20.41,79.04,1006.03,10.38,85.42,0
2018-09-06 18:00:00,3.12,6.95,27.43,110.5,21.34,57.98,1017.48,25.59,39.49,0
2018-09-06 19:00:00,2.0,22.51,31.98,83.6,24.58,71.3,1015.45,5.54,44.55,0
2018-09-06 20:00:00,11.54,18.72,45.39,73.08,12.38,52.91,1004.52,6.62,45.69,0
2018-09-06 21:00:00,1.56,16.79,45.59,80.9,32.97,57.07,1015.42,3.11,34.72,0
2018-09-06 22:00:00,2.79,6.92,30.52,222.45,29.72,56.49,1012.47,9.51,44.97,0
2018-09-06 23:00:00,5.58,14.82,27.59,83.09,30.3,72.28,1006.66,19.76,39.55,0
2018-09-07 00:00:00,7.98,18.3,50.88,146.09,31.49,72.18,1008.54,6.15,29.0,1
2018-09-07 01:00:00,15.12,33.86,41.61,54.5,27.82,65.55,1007.45,15.68,55.12,0
2018-09-07 02:00:00,1.73,10.3,42.85,167.11,29.19,66.26,1013.24,7.4,54.15,0
2018-09-07 03:00:00,13.77,24.81,58.34,156.57,27.76,45.58,1020.59,7.19,66.46,0
2018-09-07 04:00:00,11.17,34.66,121.71,252.72,35.99,83.44,1008.64,1.7,93.35,1
2018-09-07 05:00:00,1.96,33.08,74.82,100.56,23.02,57.41,1007.67,1.37,47.42,0
2018-09-07 06:00:00,1.68,11.63,19.78,236.68,32.56,51.74,1012.21,16.83,31.26,1
2018-09-07 07:00:00,6.78,41.33,90.52,245.79,22.06,100.0,1009.25,13.79,49.36,0
2018-09-07 08:00:00,4.49,26.85,122.59,147.24,21.58,81.85,1011.45,3.99,96.82,0
2018-09-07 09:00:00,6.76,40.99,61.64,111.8,19.87,67.31,1008.66,1.78,72.81,0
2018-09-07 10:00:00,3.23,17.71,51.34,149.66,17.38,61.78,996.65,8.85,79.1,0
2018-09-07 11:00:00,4.95,15.82,44.88,71.32,29.38,75.32,1011.89,7.89,38.55,0
2018-09-07 12:00:00,4.07,16.86,51.85,238.83,22.31,53.2,1009.66,7.95,21.41,0
2018-09-07 13:00:00,6.68,25.05,59.22,178.85,29.78,59.79,1005.43,11.9,40.67,0
2018-09-07 14:00:00,1.61,15.85,49.07,99.88,36.98,75.12,1009.95,4.29,35.24,0
2018-09-07 15:00:00,5.34,19.9,42.27,153.0,25.46,62.36,1017.67,30.56,33.91,0
2018-09-07 16:00:00,14.87,37.08,67.75,120.49,30.01,70.86,1006.28,3.51,83.27,0
2018-09-07 17:00:00,14.18,22.85,60.46,254.7,33.67,59.58,1010.26,8.99,56.38,0
2018-09-07 18:00:00,5.95,21.63,62.02,144.67,29.59,71.76,1008.64,12.23,75.28,1
2018-09-07 19:00:00,1.57,5.64,50.69,145.54,28.68,58.52,1004.31,1.96,61.71,0
2018-09-07 20:00:00,20.91,34.31,110.69,145.68,18.74,58.55,1010.4,2.64,93.2,1
2018-09-07 21:00:00,6.68,16.85,70.41,129.64,28.66,77.3,1010.22,0.82,66.74,0
2018-09-07 22:00:00,19.31,29.79,70.28,216.19,31.36,58.36,1021.85,1.34,51.56,0
2018-09-07 23:00:00,6.93,11.94,40.33,103.03,37.96,49.29,1015.12,22.99,50.38,0
2018-09-08 00:00:00,0.04,8.3,130.78,164.14,25.99,68.34,1012.51,4.75,100.0,0
2018-09-08 01:00:00,20.8,39.54,47.42,72.29,34.72,63.8,1007.16,5.29,47.6,0
2018-09-08 02:00:00,9.86,15.93,60.62,149.02,24.59,58.14,1014.59,6.67,58.88,0
2018-09-08 03:00:00,4.77,6.89,67.04,86.01,33.13,85.3,1013.42,11.82,43.53,0
2018-09-08 04:00:00,0.35,21.1,58.95,75.57,23.42,76.43,998.84,9.29,48.01,0
2018-09-08 05:00:00,10.8,61.76,83.14,93.44,28.69,70.85,1015.74,6.11,59.35,0
2018-09-08 06:00:00,6.87,14.72,63.49,154.25,24.4,56.89,1010.22,2.49,80.65,0
2018-09-08 07:00:00,25.6,68.68,84.68,94.46,28.04,79.6,1005.53,2.49,64.25,0
2018-09-08 08:00:00,17.8,19.63,80.03,162.72,28.03,72.32,1009.68,28.22,67.65,0
2018-09-08 09:00:00,5.8,25.67,40.4,114.79,28.51,55.06,1008.48,27.85,66.69,0
2018-09-08 10:00:00,5.55,12.7,94.16,144.1,23.63,74.14,1011.4,0.87,82.85,0
2018-09-08 11:00:00,6.94,57.05,105.93,177.67,27.74,76.01,1007.31,8.51,80.82,0
2018-09-08 12:00:00,2.23,14.07,53.17,158.12,29.89,56.78,1019.72,2.26,53.64,0
2018-09-08 13:00:00,4.91,13.25,45.15,214.48,26.2,48.99,1020.03,3.61,47.12,0
2018-09-08 14:00:00,3.98,4.29,38.83,103.25,23.22,73.86,1012.91,5.29,57.98,0
2018-09-08 15:00:00,13.44,38.12,55.62,139.35,23.88,72.09,1013.91,6.18,44.52,0
2018-09-08 16:00:00,15.78,39.35,76.64,107.98,33.45,67.28,1018.78,16.43,59.02,1
2018-09-08 17:00:00,8.77,42.16,68.83,151.38,28.04,72.52,1008.96,9.34,50.75,0
2018-09-08 18:00:00,1.81,18.2,43.16,109.43,35.68,71.56,1010.61,13.38,60.73,0
2018-09-08 19:00:00,21.86,32.7,150.28,247.6,26.67,77.8,1010.77,1.2,100.0,1
2018-09-08 20:00:00,10.76,40.23,67.29,96.91,27.18,63.74,1010.38,6.98,58.38,0
2018-09-08 21:00:00,6.51,15.78,45.75,271.37,30.95,80.59,1012.74,13.74,49.35,1
2018-09-08 22:00:00,8.05,11.78,80.32,134.85,31.04,62.82,1008.53,4.42,88.77,1
2018-09-08 23:00:00,0.77,20.18,37.59,125.37,35.36,80.48,1006.76,0.85,50.55,0
2018-09-09 00:00:00,3.98,31.16,111.29,117.59,16.1,100.0,1004.05,4.86,69.99,0
2018-09-09 01:00:00,14.41,17.36,46.57,121.41,30.62,66.01,1017.32,19.2,35.86,0
2018-09-09 02:00:00,0.67,16.16,35.81,126.22,22.14,44.25,1013.71,7.5,44.24,0
2018-09-09 03:00:00,10.81,35.56,43.26,181.06,27.32,61.78,1016.04,7.26,65.56,0
2018-09-09 04:00:00,7.55,16.19,90.04,186.42,21.89,71.96,1005.36,6.73,78.05,0
2018-09-09 05:00:00,0.72,43.41,67.24,247.52,29.17,66.27,1012.99,7.8,49.32,1
2018-09-09 06:00:00,3.61,11.46,40.11,184.4,22.12,75.25,1014.66,28.26,60.52,0
2018-09-09 07:00:00,6.51,14.36,43.35,66.39,17.53,57.96,1008.27,1.67,36.81,0
2018-09-09 08:00:00,5.8,15.19,38.96,223.66,21.62,66.52,1009.24,8.71,41.47,0
2018-09-09 09:00:00,7.0,12.75,61.36,121.15,34.25,70.03,1018.19,17.44,90.83,0
2018-09-09 10:00:00,3.33,11.18,74.26,146.53,31.66,72.68,1009.39,10.25,54.07,0
2018-09-09 11:00:00,6.09,21.18,143.1,163.13,34.96,71.36,1011.59,10.73,100.0,0
2018-09-09 12:00:00,8.76,15.25,99.66,232.18,17.2,82.24,1005.38,1.77,80.45,0
2018-09-09 13:00:00,8.17,29.06,67.56,131.63,37.77,57.08,1017.87,22.83,39.57,1
2018-09-09 14:00:00,3.44,6.72,67.5,134.32,41.09,71.09,1008.78,4.26,72.8,0
2018-09-09 15:00:00,9.5,16.07,115.58,193.37,22.23,80.86,1008.21,5.94,84.74,0
2018-09-09 16:00:00,1.55,44.81,111.64,232.89,30.05,65.11,1011.51,7.27,87.49,0
2018-09-09 17:00:00,2.35,9.99,49.98,221.48,24.54,53.22,1025.3,15.11,47.54,0
2018-09-09 18:00:00,10.8,24.1,73.26,92.06,32.26,64.65,1008.05,8.16,43.69,0
2018-09-09 19:00:00,9.32,23.49,104.26,161.62,37.04,84.92,1009.65,1.38,89.8,0
2018-09-09 20:00:00,3.78,9.11,14.93,50.84,22.59,61.94,1018.87,11.51,48.2,0
2018-09-09 21:00:00,2.3,9.34,41.06,177.65,20.75,72.84,1012.32,12.05,26.66,0
2018-09-09 22:00:00,2.67,20.38,24.7,138.71,26.56,70.69,1012.7,10.47,35.61,0
2018-09-09 23:00:00,8.42,16.1,30.1,126.4,45.0,67.9,1022.76,3.65,53.05,0
2018-09-10 00:00:00,7.07,14.38,17.06,85.31,32.62,57.71,1019.11,6.87,25.95,0
2018-09-10 01:00:00,2.13,9.13,38.96,161.15,30.75,29.51,1022.88,24.28,40.67,0
2018-09-10 02:00:00,9.27,42.31,136.35,219.16,33.65,86.38,1005.53,1.02,100.0,0
2018-09-10 03:00:00,3.61,32.16,106.83,210.93,34.42,97.67,1013.98,13.95,75.12,0
2018-09-10 04:00:00,1.62,16.9,36.54,197.36,29.84,54.16,1012.38,12.21,46.13,0
2018-09-10 05:00:00,3.0,14.65,63.55,167.97,27.71,66.05,1010.61,8.42,46.47,0
2018-09-10 06:00:00,5.29,19.94,36.55,102.94,24.82,79.36,1012.06,6.54,44.64,0
2018-09-10 07:00:00,8.98,27.64,66.28,109.1,29.2,72.24,1014.68,8.47,52.85,0
2018-09-10 08:00:00,8.48,27.23,113.93,156.5,34.29,80.22,1009.62,1.14,85.81,1
2018-09-10 09:00:00,4.37,12.13,24.62,77.64,33.96,55.26,1008.32,9.41,41.55,0
2018-09-10 10:00:00,5.91,15.82,59.86,154.42,24.98,68.61,1007.16,3.71,42.83,0
2018-09-10 11:00:00,3.99,13.1,72.53,242.68,27.37,70.05,1005.08,1.42,51.6,0
2018-09-10 12:00:00,2.13,18.4,41.32,79.98,21.42,66.56,1011.96,12.47,43.76,0
2018-09-10 13:00:00,4.54,36.48,80.25,236.5,33.91,57.97,1013.74,7.45,46.41,0
2018-09-10 14:00:00,0.35,13.7,32.78,81.85,30.85,85.04,1017.79,15.78,30.46,0
2018-09-10 15:00:00,16.02,30.35,70.45,242.18,26.49,67.85,1013.34,7.94,43.69,0
2018-09-10 16:00:00,5.77,12.26,52.37,101.75,25.68,54.4,1012.74,22.28,48.02,0
2018-09-10 17:00:00,7.32,10.08,20.91,66.95,22.67,51.72,1018.41,24.02,41.6,0
2018-09-10 18:00:00,2.25,11.92,20.97,42.37,28.45,47.71,1005.64,9.08,46.1,1
2018-09-10 19:00:00,5.72,27.29,34.97,92.32,36.23,58.75,1014.77,19.82,60.04,0
2018-09-10 20:00:00,6.66,13.28,64.32,116.65,23.7,63.36,1013.29,0.09,58.3,0
2018-09-10 21:00:00,3.8,5.96,51.41,156.39,20.43,74.1,1005.67,7.03,31.21,1
2018-09-10 22:00:00,4.01,23.28,60.62,100.87,28.66,53.14,1001.85,14.72,35.72,0
2018-09-10 23:00:00,0.96,18.78,49.26,133.46,34.51,50.01,1011.28,9.61,53.58,0
2018-09-11 00:00:00,20.3,28.33,90.94,143.11,33.28,51.22,1013.47,3.2,64.86,0
2018-09-11 01:00:00,2.21,9.43,37.29,164.73,34.69,65.34,1005.23,0.86,27.85,0
2018-09-11 02:00:00,2.56,12.88,33.39,150.2,25.16,67.8,1008.85,13.81,52.52,0
2018-09-11 03:00:00,16.85,25.39,39.07,148.61,32.88,27.95,1011.59,20.98,65.33,0
2018-09-11 04:00:00,7.63,45.15,80.83,89.14,30.05,73.73,1015.57,2.47,71.58,1
2018-09-11 05:00:00,9.05,19.13,60.54,99.99,26.56,58.76,1013.26,13.2,67.1,0
2018-09-11 06:00:00,0.87,17.75,52.1,186.35,28.16,74.75,1013.47,16.4,41.75,0
2018-09-11 07:00:00,5.65,17.02,74.36,121.66,32.51,87.6,1009.23,9.87,54.89,0
2018-09-11 08:00:00,0.89,18.21,46.77,172.95,31.15,46.28,1019.08,13.96,0.57,0
2018-09-11 09:00:00,1.84,10.1,150.84,174.51,31.02,76.36,1009.92,9.13,100.0,0
2018-09-11 10:00:00,22.63,30.64,66.43,168.0,31.7,77.26,1008.1,6.49,67.6,0
2018-09-11 11:00:00,1.45,14.73,39.55,133.29,25.77,72.49,1009.62,4.9,42.21,0
2018-09-11 12:00:00,8.68,15.78,42.4,138.09,20.71,61.14,1010.97,10.07,63.13,0
2018-09-11 13:00:00,1.63,11.31,57.4,240.11,24.2,74.59,1009.71,18.35,58.55,1
2018-09-11 14:00:00,1.89,22.8,143.61,179.16,32.86,85.57,999.58,16.1,100.0,1
2018-09-11 15:00:00,33.68,62.94,83.68,211.72,20.16,79.89,1007.5,16.19,83.69,1
2018-09-11 16:00:00,4.39,50.25,104.09,188.55,28.06,84.25,1011.79,6.2,70.72,1
2018-09-11 17:00:00,0.78,20.54,64.59,274.07,28.82,65.38,1006.91,18.41,48.94,0
2018-09-11 18:00:00,9.0,25.27,113.63,168.22,31.99,83.82,1009.68,2.03,76.38,0
2018-09-11 19:00:00,13.59,19.46,39.34,184.04,20.99,60.96,1006.15,7.55,24.72,0
2018-09-11 20:00:00,9.73,36.7,85.89,281.99,15.61,79.21,999.39,24.69,94.9,1
2018-09-11 21:00:00,4.01,40.42,108.51,145.79,24.86,67.11,1007.76,2.79,65.78,1
2018-09-11 22:00:00,4.15,13.46,66.71,118.23,31.09,71.47,1011.73,12.79,53.04,1
2018-09-11 23:00:00,2.74,46.08,109.41,237.72,35.64,78.94,1006.61,6.78,85.42,0
2018-09-12 00:00:00,1.23,30.14,57.78,164.01,24.32,74.89,1006.03,12.55,60.12,0
2018-09-12 01:00:00,6.54,26.47,68.69,133.93,23.39,66.24,1013.82,1.54,67.28,0
2018-09-12 02:00:00,3.81,15.42,92.81,180.63,29.35,62.3,1009.61,8.3,48.61,0
2018-09-12 03:00:00,0.91,5.2,14.54,78.02,39.47,56.86,1015.73,3.03,8.75,0
2018-09-12 04:00:00,4.5,42.12,70.17,134.95,30.54,53.14,1020.05,7.42,64.78,0
2018-09-12 05:00:00,2.22,6.07,24.81,72.2,30.95,55.26,1014.47,18.04,57.2,0
2018-09-12 06:00:00,6.23,45.02,63.07,176.2,38.77,50.63,1013.17,7.43,77.55,0
2018-09-12 07:00:00,5.67,47.41,92.27,143.05,33.13,72.38,1006.2,7.89,88.22,0
2018-09-12 08:00:00,3.28,9.26,53.55,74.85,28.92,75.61,1011.02,15.98,46.9,0
2018-09-12 09:00:00,4.71,8.53,37.5,114.52,21.83,71.18,1005.52,21.06,34.3,0
2018-09-12 10:00:00,5.12,14.2,54.42,149.03,28.4,47.84,1006.15,5.76,32.56,0
2018-09-12 11:00:00,10.8,23.06,57.25,89.22,31.98,67.81,1012.46,4.16,59.84,0
2018-09-12 12:00:00,4.55,12.99,20.91,106.55,22.27,83.85,1010.77,24.82,44.76,0
2018-09-12 13:00:00,2.82,11.77,25.26,56.56,33.14,53.96,1009.18,4.13,37.96,0
2018-09-12 14:00:00,3.64,16.26,70.22,111.8,27.39,72.34,1011.17,14.86,75.33,0
2018-09-12 15:00:00,19.12,55.79,72.0,117.01,26.84,80.1,1007.72,1.94,70.29,1
2018-09-12 16:00:00,1.71,13.11,41.73,150.84,22.88,47.57,1010.26,6.59,49.93,0
2018-09-12 17:00:00,3.89,24.99,72.28,107.03,29.93,71.71,1011.92,9.39,59.79,0
2018-09-12 18:00:00,3.83,8.29,52.21,193.12,31.76,73.97,1008.83,9.12,24.13,0
2018-09-12 19:00:00,4.0,17.98,39.77,192.39,22.11,58.86,1006.89,5.69,42.23,0
2018-09-12 20:00:00,1.17,10.85,46.8,88.49,30.84,48.78,1017.61,4.15,26.03,0
2018-09-12 21:00:00,3.61,24.23,52.03,158.08,32.93,76.99,1020.87,20.29,48.67,0
2018-09-12 22:00:00,2.66,6.77,39.46,134.2,32.63,44.38,1011.62,2.31,2.28,0
2018-09-12 23:00:00,6.2,37.35,123.75,213.99,29.26,54.64,1007.83,7.66,84.57,0
2018-09-13 00:00:00,12.13,21.48,70.43,228.62,26.23,53.39,1010.71,9.76,67.46,1
2018-09-13 01:00:00,6.65,13.5,46.16,106.68,26.55,59.13,1007.91,15.77,21.93,0
2018-09-13 02:00:00,5.3,46.73,83.34,169.32,20.34,54.22,1015.88,6.39,73.97,0
2018-09-13 03:00:00,7.26,23.08,27.32,128.48,24.54,47.86,1016.77,6.14,22.31,0
2018-09-13 04:00:00,5.78,18.17,178.13,191.89,26.39,79.99,1004.43,21.87,100.0,0
2018-09-13 05:00:00,4.68,8.75,85.51,207.36,23.55,83.67,1008.36,6.21,64.29,0
2018-09-13 06:00:00,10.46,16.36,42.81,246.12,28.8,67.29,1013.42,19.27,40.64,0
2018-09-13 07:00:00,3.51,7.76,15.36,31.35,36.2,60.06,1018.35,3.99,46.9,0
2018-09-13 08:00:00,1.15,14.44,41.88,130.74,37.19,79.11,1013.73,3.72,53.6,0
2018-09-13 09:00:00,2.56,31.2,99.77,167.02,24.78,90.11,1012.35,5.18,46.85,0
2018-09-13 10:00:00,2.2,18.95,82.47,177.53,37.68,60.35,1012.23,16.12,52.74,0
2018-09-13 11:00:00,23.26,37.19,72.73,194.54,34.22,57.96,1011.5,14.43,52.21,0
2018-09-13 12:00:00,12.72,25.37,131.59,179.42,24.17,72.21,1010.33,25.19,100.0,1
2018-09-13 13:00:00,5.37,29.35,60.19,156.3,30.74,68.41,1014.89,23.64,46.73,0
2018-09-13 14:00:00,2.26,13.18,41.88,200.22,27.88,76.67,1013.2,6.38,26.61,0
2018-09-13 15:00:00,10.37,13.6,60.72,193.66,16.66,55.09,1009.88,7.47,48.25,1
2018-09-13 16:00:00,5.17,31.65,51.79,166.48,20.97,63.51,1023.03,6.59,40.33,0
2018-09-13 17:00:00,3.52,8.52,32.56,94.0,31.9,59.51,1003.99,1.27,29.27,0
2018-09-13 18:00:00,5.21,8.0,62.65,119.07,19.45,80.99,1015.28,10.93,55.12,0
2018-09-13 19:00:00,3.62,19.82,38.27,128.49,37.91,70.97,1009.29,11.9,52.12,0
2018-09-13 20:00:00,7.19,8.91,56.01,147.32,33.5,54.44,1002.86,2.37,59.34,0
2018-09-13 21:00:00,1.01,13.84,79.31,213.3,31.75,77.63,1000.07,10.43,86.87,0
2018-09-13 22:00:00,7.14,21.84,48.5,137.57,19.43,60.77,1010.4,1.32,53.61,0
2018-09-13 23:00:00,3.62,21.8,52.25,174.55,33.75,67.19,1021.44,5.71,57.31,0
2018-09-14 00:00:00,10.56,27.41,66.06,86.74,33.28,53.94,1019.9,10.11,59.61,1
2018-09-14 01:00:00,12.96,16.79,35.19,147.7,32.95,40.76,1009.02,4.17,30.22,0
2018-09-14 02:00:00,15.29,39.31,65.25,180.25,33.17,63.69,1007.77,1.92,47.98,0
2018-09-14 03:00:00,24.6,37.11,47.34,199.78,37.6,53.46,1009.43,4.7,30.22,0
2018-09-14 04:00:00,14.87,24.42,39.91,55.53,23.99,60.21,1012.7,20.68,15.56,0
2018-09-14 05:00:00,10.29,14.39,47.77,226.35,26.91,56.78,1021.05,8.26,54.59,0
2018-09-14 06:00:00,1.22,28.81,73.71,144.72,23.15,68.75,1015.25,3.83,64.54,0
2018-09-14 07:00:00,11.49,37.23,82.38,140.93,32.3,72.32,1013.45,9.93,47.46,0
2018-09-14 08:00:00,1.83,10.25,32.06,158.94,26.67,68.18,1013.23,2.35,42.3,0
2018-09-14 09:00:00,38.16,56.41,78.53,143.57,20.65,76.44,1000.76,13.72,67.44,1
2018-09-14 10:00:00,0.65,22.26,46.65,56.46,28.41,76.75,1001.79,5.2,55.97,0
2018-09-14 11:00:00,9.92,20.35,55.87,157.3,16.96,66.06,1007.25,19.61,44.96,0
2018-09-14 12:00:00,5.76,31.71,47.11,149.59,28.4,50.86,1005.33,22.96,35.36,0
2018-09-14 13:00:00,0.78,27.67,36.52,319.57,28.67,71.74,1003.47,7.69,30.36,0
2018-09-14 14:00:00,5.73,8.07,47.51,307.91,25.55,66.38,1016.21,9.25,58.06,0
2018-09-14 15:00:00,2.12,23.16,45.96,191.74,33.53,71.23,1010.28,13.14,58.44,0
2018-09-14 16:00:00,4.41,13.01,58.35,103.85,18.04,73.89,1006.74,17.76,39.32,0
2018-09-14 17:00:00,4.47,10.69,120.14,226.03,28.52,73.86,1002.4,11.19,86.37,0
2018-09-14 18:00:00,2.16,3.93,27.36,63.17,29.08,57.02,1015.75,16.4,29.4,0
2018-09-14 19:00:00,3.29,17.13,64.9,141.75,27.75,87.15,1010.46,13.36,47.28,0
2018-09-14 20:00:00,1.92,12.12,17.64,81.36,34.77,44.88,1005.0,7.95,35.75,0
2018-09-14 21:00:00,0.38,8.63,35.41,247.23,24.46,56.69,1009.52,4.31,41.63,0
2018-09-14 22:00:00,5.29,27.32,65.16,134.78,27.48,75.53,1020.13,10.15,19.96,0
2018-09-14 23:00:00,14.81,94.88,99.4,237.49,28.59,70.92,1014.68,10.55,77.86,1
2018-09-15 00:00:00,2.06,20.45,100.97,185.53,25.84,67.39,1009.77,7.1,97.42,0
2018-09-15 01:00:00,21.05,31.22,50.18,189.51,19.36,72.24,1013.13,3.41,47.94,0
2018-09-15 02:00:00,24.52,51.04,110.56,123.93,36.33,88.82,1006.91,2.47,100.0,1
2018-09-15 03:00:00,3.0,8.32,58.73,132.9,23.69,67.37,1009.6,17.73,56.76,0
2018-09-15 04:00:00,3.82,12.49,104.81,241.7,23.79,58.08,1003.66,11.41,100.0,0
2018-09-15 05:00:00,3.07,17.63,23.22,160.95,15.66,60.41,1008.77,4.2,62.78,0
2018-09-15 06:00:00,1.24,15.93,57.95,176.72,28.31,69.63,1013.43,12.45,81.86,0
2018-09-15 07:00:00,3.84,28.37,60.91,118.82,28.96,55.57,1018.02,11.93,63.74,1
2018-09-15 08:00:00,3.4,39.22,43.3,163.28,34.9,78.31,1013.24,24.95,47.44,0
2018-09-15 09:00:00,5.2,29.32,59.94,169.67,25.94,71.36,1015.78,9.37,34.35,0
2018-09-15 10:00:00,5.48,41.51,69.67,158.23,29.4,57.61,1000.29,29.06,37.9,0
2018-09-15 11:00:00,1.12,38.26,50.72,181.76,33.51,69.9,1013.63,4.38,68.83,0
2018-09-15 12:00:00,8.28,24.45,53.62,94.39,35.6,70.23,1012.81,8.05,36.74,0
2018-09-15 13:00:00,3.79,15.35,42.54,116.49,30.05,56.39,1007.64,8.99,66.4,0
2018-09-15 14:00:00,1.44,21.91,45.46,70.01,26.07,50.34,1011.09,18.54,33.89,0
2018-09-15 15:00:00,3.7,6.33,49.29,77.73,34.62,60.96,1017.94,6.8,16.14,0
2018-09-15 16:00:00,5.68,30.14,85.77,129.81,34.76,64.01,1012.13,8.07,54.31,0
2018-09-15 17:00:00,17.09,39.41,58.57,253.36,18.47,68.24,1009.31,7.97,31.05,1
2018-09-15 18:00:00,14.95,20.09,51.5,187.21,29.92,61.44,1020.38,6.52,70.12,0
2018-09-15 19:00:00,2.73,36.36,127.12,177.12,33.38,82.95,1008.68,2.03,85.83,1
2018-09-15 20:00:00,4.06,31.59,62.73,128.81,31.97,68.69,1018.39,1.34,49.95,0
2018-09-15 21:00:00,1.85,21.48,40.15,99.97,26.52,69.98,1009.66,18.98,34.19,1
2018-09-15 22:00:00,6.57,18.01,32.13,141.99,25.37,66.85,1012.07,4.3,37.34,0
2018-09-15 23:00:00,2.9,37.38,86.21,128.74,35.58,80.8,1017.4,5.25,71.7,0
2018-09-16 00:00:00,3.92,6.81,26.71,240.77,29.35,50.93,1007.18,6.57,26.23,0
2018-09-16 01:00:00,11.83,24.3,41.26,262.89,26.99,73.25,1023.4,10.09,18.29,0
2018-09-16 02:00:00,1.11,22.33,69.02,166.78,27.23,87.32,1006.84,9.73,34.36,0
2018-09-16 03:00:00,14.98,44.35,55.23,116.08,28.0,77.48,1014.43,6.71,36.15,0
2018-09-16 04:00:00,7.18,34.17,79.05,243.52,27.17,54.08,1012.92,16.34,41.11,0
2018-09-16 05:00:00,14.42,19.16,33.9,165.41,34.34,77.96,1006.2,3.27,58.04,0
2018-09-16 06:00:00,9.43,27.51,44.59,82.5,30.41,70.93,1003.8,8.87,37.58,0
2018-09-16 07:00:00,10.95,25.81,36.41,114.86,30.04,71.99,1005.33,7.33,14.02,0
2018-09-16 08:00:00,4.95,7.36,25.14,101.2,26.9,51.33,1011.12,27.13,40.08,0
2018-09-16 09:00:00,1.39,5.75,74.8,86.24,31.18,53.68,1013.82,5.83,49.79,1
2018-09-16 10:00:00,2.5,4.29,155.36,280.5,23.04,98.02,1006.15,20.55,100.0,0
2018-09-16 11:00:00,1.99,4.38,33.82,96.87,28.98,56.22,1009.1,8.61,28.21,0
2018-09-16 12:00:00,0.23,4.98,30.71,125.84,19.07,52.03,1008.72,5.78,30.7,0
2018-09-16 13:00:00,11.81,23.57,79.53,235.94,26.64,53.34,1009.18,12.88,97.4,0
2018-09-16 14:00:00,4.42,16.7,62.1,148.29,25.14,48.52,1009.11,8.45,55.61,0
2018-09-16 15:00:00,1.8,19.45,83.17,212.55,27.84,69.98,1007.79,6.38,66.01,1
2018-09-16 16:00:00,23.79,31.35,73.84,148.0,25.72,77.56,1005.3,7.38,62.49,0
2018-09-16 17:00:00,32.03,62.48,131.98,155.65,30.85,81.8,1004.25,2.92,83.03,1
2018-09-16 18:00:00,0.92,26.76,67.66,250.79,24.25,65.75,1014.78,16.6,88.57,0
2018-09-16 19:00:00,3.83,20.94,111.8,301.88,32.78,88.78,1005.64,4.12,68.13,0
2018-09-16 20:00:00,3.58,43.28,98.18,133.98,36.55,87.73,1013.63,12.71,92.91,1
2018-09-16 21:00:00,1.63,17.6,103.28,329.18,22.05,64.22,1009.96,14.32,71.38,0
2018-09-16 22:00:00,11.58,14.92,40.73,107.97,31.41,64.26,1021.14,6.56,35.57,0
2018-09-16 23:00:00,0.23,21.0,49.52,129.57,26.52,65.19,1012.04,13.07,38.1,0
2018-09-17 00:00:00,19.19,33.35,72.38,194.18,33.13,64.9,1013.37,8.15,29.3,1
2018-09-17 01:00:00,5.16,14.54,55.13,158.31,22.03,69.6,1005.79,7.34,44.2,0
2018-09-17 02:00:00,22.27,32.78,65.21,81.87,34.64,81.65,1003.84,1.93,68.22,1
2018-09-17 03:00:00,4.75,23.33,58.13,225.56,25.94,45.26,1020.48,4.32,51.3,0
2018-09-17 04:00:00,3.56,20.18,48.06,121.24,26.78,66.0,1015.89,4.95,29.18,0
2018-09-17 05:00:00,12.36,57.69,96.52,153.06,26.79,73.87,1003.17,13.65,82.27,0
2018-09-17 06:00:00,22.15,37.23,61.22,178.35,21.85,63.57,1014.1,12.09,51.99,0
2018-09-17 07:00:00,19.39,35.37,103.17,198.07,32.33,81.25,1013.1,18.34,72.57,1
2018-09-17 08:00:00,0.5,14.52,67.43,252.23,24.72,64.47,1018.69,8.97,33.12,0
2018-09-17 09:00:00,15.52,29.4,68.58,244.56,30.73,60.06,1006.31,2.59,48.19,0
2018-09-17 10:00:00,3.38,8.42,17.17,73.08,26.58,66.06,1011.63,7.76,27.57,0
2018-09-17 11:00:00,4.26,12.65,20.31,89.04,26.84,45.99,1009.75,11.02,29.03,0
2018-09-17 12:00:00,3.3,21.52,56.42,92.77,33.52,58.16,1012.12,23.17,63.7,0
2018-09-17 13:00:00,2.5,5.84,21.88,198.32,19.74,50.5,1010.27,1.07,2.87,0
2018-09-17 14:00:00,3.88,14.77,63.31,210.73,15.38,83.37,1014.36,17.7,41.44,0
2018-09-17 15:00:00,1.55,33.51,37.91,94.44,24.13,63.3,1004.72,6.4,35.71,0
2018-09-17 16:00:00,15.6,25.99,126.54,263.4,27.45,63.94,1009.43,9.83,96.15,0
2018-09-17 17:00:00,9.31,47.46,59.52,104.0,26.64,68.25,1003.93,15.65,53.55,0
2018-09-17 18:00:00,6.14,16.73,80.75,180.21,23.82,58.27,1016.02,4.87,61.26,0
2018-09-17 19:00:00,3.3,30.35,57.37,163.42,37.2,68.17,1009.68,3.33,66.54,0
2018-09-17 20:00:00,2.7,17.1,25.43,120.89,34.9,46.19,1011.29,6.4,89.63,0
2018-09-17 21:00:00,7.45,12.59,41.17,68.44,13.34,47.09,1015.7,26.17,39.63,0
2018-09-17 22:00:00,6.33,50.74,130.81,258.52,24.3,85.68,1009.46,3.3,100.0,0
2018-09-17 23:00:00,13.1,17.76,44.46,93.62,30.12,56.72,1011.47,2.21,71.36,0
2018-09-18 00:00:00,2.75,11.72,87.36,117.55,29.79,83.31,1006.95,0.59,58.85,0
2018-09-18 01:00:00,2.46,50.59,83.78,208.94,23.55,48.01,1009.04,6.53,68.7,1
2018-09-18 02:00:00,8.98,24.89,77.06,265.84,35.29,74.65,1005.46,9.58,33.1,0
2018-09-18 03:00:00,10.7,17.69,38.7,68.0,22.97,57.05,1006.62,15.91,36.21,0
2018-09-18 04:00:00,0.46,14.41,32.05,43.0,27.85,68.11,1013.6,7.36,46.99,0
2018-09-18 05:00:00,16.3,36.73,49.54,105.54,27.58,59.71,1004.57,4.07,42.09,0
2018-09-18 06:00:00,5.66,16.02,55.39,156.22,29.34,71.08,1009.99,4.97,52.85,0
2018-09-18 07:00:00,2.93,37.17,83.68,128.51,24.83,67.29,1011.23,7.68,73.49,0
2018-09-18 08:00:00,7.54,15.0,43.08,146.21,30.67,63.73,1013.22,11.68,47.98,0
2018-09-18 09:00:00,7.3,9.1,28.62,82.08,23.4,73.27,1000.49,5.9,39.52,0
2018-09-18 10:00:00,3.03,28.13,117.51,151.34,29.83,76.73,1005.57,14.63,88.76,0
2018-09-18 11:00:00,0.52,12.65,45.96,59.44,24.84,57.01,1015.49,3.31,50.82,0
2018-09-18 12:00:00,16.35,43.35,86.94,249.58,35.66,61.09,1012.85,1.47,70.5,0
2018-09-18 13:00:00,2.22,12.18,35.93,144.91,26.64,66.35,1011.96,9.1,29.51,0
2018-09-18 14:00:00,1.83,20.07,28.76,154.44,28.95,71.41,1009.37,13.91,18.42,0
2018-09-18 15:00:00,2.48,12.04,29.22,36.06,33.97,66.95,1011.0,1.45,36.39,0
2018-09-18 16:00:00,10.26,21.47,53.11,118.76,29.16,81.99,1013.04,43.6,39.45,0
2018-09-18 17:00:00,3.45,7.03,17.35,196.07,32.42,61.07,1010.54,10.87,50.92,0
2018-09-18 18:00:00,2.53,7.5,56.28,349.88,21.37,59.52,1013.55,11.65,25.84,0
2018-09-18 19:00:00,7.09,23.95,56.26,199.0,31.04,78.77,1015.77,11.32,43.45,0
2018-09-18 20:00:00,6.19,31.29,60.98,142.11,26.9,52.51,1009.16,6.26,64.29,0
2018-09-18 21:00:00,2.6,20.68,25.7,73.49,32.71,51.57,1014.91,8.51,13.52,0
2018-09-18 22:00:00,0.5,6.44,37.89,143.66,30.66,62.6,1009.06,7.28,29.55,0
2018-09-18 23:00:00,10.06,29.44,66.17,85.16,30.88,56.67,1008.89,9.69,50.96,0
2018-09-19 00:00:00,6.3,12.38,27.79,65.32,31.86,65.4,1014.98,5.1,61.94,0
2018-09-19 01:00:00,0.26,16.92,39.29,109.96,33.65,57.75,1021.33,13.98,34.94,0
2018-09-19 02:00:00,18.28,25.79,62.0,203.64,16.66,76.74,1009.76,7.56,60.77,0
2018-09-19 03:00:00,0.24,12.02,28.53,114.82,23.73,65.02,1023.9,14.17,32.83,0
2018-09-19 04:00:00,2.01,10.18,32.2,152.17,27.9,79.74,1009.16,8.18,31.24,0
2018-09-19 05:00:00,2.17,22.14,40.61,143.12,21.54,44.66,1016.87,2.59,62.1,0
2018-09-19 06:00:00,2.64,11.93,59.1,116.67,26.69,70.36,1016.12,25.28,36.07,0
2018-09-19 07:00:00,2.55,22.97,88.47,112.03,29.09,72.25,1016.16,2.06,69.56,0
2018-09-19 08:00:00,1.05,2.18,39.05,86.05,36.7,63.25,1009.81,9.59,43.95,0
2018-09-19 09:00:00,5.75,31.77,57.69,151.76,31.99,61.21,1013.57,2.4,70.82,0
2018-09-19 10:00:00,11.54,17.43,69.68,117.04,31.97,70.81,1011.48,19.83,55.15,0
2018-09-19 11:00:00,5.67,41.97,50.39,141.99,28.3,44.36,1010.5,16.46,26.08,0
2018-09-19 12:00:00,6.63,16.48,47.42,261.03,18.5,43.49,1011.0,7.65,27.01,0
2018-09-19 13:00:00,3.53,35.2,103.04,124.09,24.03,65.23,1002.52,4.01,62.13,0
2018-09-19 14:00:00,5.46,7.78,27.66,149.63,19.04,39.86,1011.69,3.48,48.01,0
2018-09-19 15:00:00,7.1,35.68,79.1,99.08,31.1,73.07,1008.18,11.57,57.55,0
2018-09-19 16:00:00,9.32,16.12,70.81,177.43,28.56,57.73,1009.39,4.04,67.49,0
2018-09-19 17:00:00,2.32,30.73,66.63,187.57,29.16,66.19,1004.6,12.8,82.36,0
2018-09-19 18:00:00,1.98,15.25,32.03,82.06,30.77,63.55,1010.37,16.4,48.75,0
2018-09-19 19:00:00,0.1,10.79,32.89,189.54,25.44,59.17,1013.28,6.18,50.97,0
2018-09-19 20:00:00,22.64,54.84,102.48,210.02,20.84,79.88,1004.94,1.84,80.75,1
2018-09-19 21:00:00,21.53,30.11,77.06,312.99,25.61,63.92,1011.92,7.93,48.06,1
2018-09-19 22:00:00,4.59,42.69,76.87,132.11,30.51,67.96,1010.88,18.83,92.89,0
2018-09-19 23:00:00,4.86,15.93,22.13,80.19,18.59,53.64,1010.51,12.9,22.41,0
2018-09-20 00:00:00,17.25,31.35,42.65,67.75,29.1,71.78,1014.41,16.17,57.32,0
2018-09-20 01:00:00,1.1,16.44,46.68,327.31,21.39,49.77,1016.22,4.64,60.13,1
2018-09-20 02:00:00,1.74,6.49,25.7,188.36,31.25,63.11,1009.88,30.05,14.23,0
2018-09-20 03:00:00,18.11,35.61,49.08,82.2,20.98,78.93,1007.79,5.93,24.6,1
2018-09-20 04:00:00,3.49,10.29,23.91,143.58,32.32,63.77,1015.28,10.27,41.35,0
2018-09-20 05:00:00,1.44,7.05,123.72,325.63,20.32,71.02,1005.68,4.33,73.13,0
2018-09-20 06:00:00,7.49,13.02,51.51,109.67,22.78,67.35,1005.19,13.93,69.43,1
2018-09-20 07:00:00,2.33,12.16,59.43,111.44,31.73,58.87,1014.43,5.72,44.1,0
2018-09-20 08:00:00,15.68,48.78,75.83,95.97,27.03,79.26,1007.7,3.42,78.95,1
2018-09-20 09:00:00,5.42,12.97,73.28,223.42,17.18,72.48,1013.01,44.78,76.65,0
2018-09-20 10:00:00,2.44,19.59,64.06,111.91,31.89,67.91,1004.14,15.33,59.72,0
2018-09-20 11:00:00,2.6,33.84,69.96,96.89,16.36,81.43,1011.76,12.98,57.38,0
2018-09-20 12:00:00,7.16,18.28,54.94,169.38,27.02,65.33,1011.11,1.77,57.98,1
2018-09-20 13:00:00,3.96,19.09,36.9,58.75,39.41,46.77,1015.76,2.76,37.8,0
2018-09-20 14:00:00,3.43,38.29,55.24,153.42,28.45,65.28,1002.39,20.68,46.19,0
2018-09-20 15:00:00,9.63,29.29,67.25,97.08,26.08,64.04,1004.16,4.49,38.16,0
2018-09-20 16:00:00,17.44,35.39,91.32,214.84,27.6,70.88,1015.91,44.53,83.0,1
2018-09-20 17:00:00,8.5,21.76,91.93,125.65,21.99,76.24,1009.3,4.27,64.34,1
2018-09-20 18:00:00,2.12,39.48,89.66,140.07,28.95,77.85,1004.11,13.83,78.3,1
2018-09-20 19:00:00,1.33,11.22,86.63,169.47,39.93,59.47,1011.98,2.5,75.25,0
2018-09-20 20:00:00,9.15,17.98,85.81,141.14,25.66,70.35,1007.46,12.64,46.66,0
2018-09-20 21:00:00,8.48,18.8,47.69,335.18,23.54,61.33,1007.78,6.92,52.23,0
2018-09-20 22:00:00,3.17,24.03,111.03,150.03,30.61,76.83,1017.38,8.36,91.59,0
2018-09-20 23:00:00,4.04,20.39,53.33,81.12,32.1,68.49,1008.83,30.2,49.74,0
2018-09-21 00:00:00,2.27,8.41,39.79,251.0,28.57,61.2,1001.64,5.73,48.33,0
2018-09-21 01:00:00,1.37,24.01,71.49,135.1,26.3,55.4,1008.78,21.18,64.65,0
2018-09-21 02:00:00,2.5,21.92,91.99,208.96,31.05,70.35,1005.76,10.87,96.34,1
2018-09-21 03:00:00,0.04,7.63,27.85,73.35,19.93,71.39,1000.14,6.92,36.66,0
2018-09-21 04:00:00,13.36,30.66,63.48,123.94,25.31,55.01,1014.05,3.3,70.03,0
2018-09-21 05:00:00,0.85,27.19,55.9,153.41,15.29,78.4,1017.27,2.59,28.89,0
2018-09-21 06:00:00,4.69,15.46,30.98,123.09,27.41,43.4,1013.62,2.81,32.98,0
2018-09-21 07:00:00,0.16,2.55,22.72,185.79,26.83,60.8,1011.27,1.14,41.32,0
2018-09-21 08:00:00,8.23,20.59,36.71,63.32,33.78,55.16,1009.37,19.21,36.63,0
2018-09-21 09:00:00,10.54,20.79,66.73,155.34,23.3,66.5,1009.6,4.07,64.7,0
2018-09-21 10:00:00,5.12,6.82,34.56,46.83,33.71,68.2,1016.0,11.18,47.35,0
2018-09-21 11:00:00,4.42,13.4,37.96,106.85,26.85,70.9,1001.11,2.76,48.55,1
2018-09-21 12:00:00,2.26,7.27,49.75,195.39,31.52,76.44,1011.03,29.82,34.34,0
2018-09-21 13:00:00,13.09,44.9,88.14,451.24,32.24,55.04,1015.07,11.31,75.49,0
2018-09-21 14:00:00,0.59,32.65,100.51,203.24,28.26,63.97,1002.71,9.16,65.02,0
2018-09-21 15:00:00,2.95,21.41,27.3,180.65,29.51,53.84,1016.54,13.39,29.56,0
2018-09-21 16:00:00,1.95,13.72,73.04,128.59,24.83,60.26,1018.39,1.92,86.35,0
2018-09-21 17:00:00,1.87,11.7,26.5,82.39,34.59,63.66,1009.09,0.66,48.14,0
2018-09-21 18:00:00,12.8,37.8,78.23,155.84,42.82,76.67,1003.4,13.5,64.12,0
2018-09-21 19:00:00,4.14,15.25,29.13,105.54,19.98,41.3,1008.79,2.41,35.28,0
2018-09-21 20:00:00,2.24,15.08,64.84,159.59,28.38,55.38,1012.4,11.68,68.43,1
2018-09-21 21:00:00,6.5,22.42,43.8,72.92,26.41,60.83,1023.82,29.94,62.05,0
2018-09-21 22:00:00,6.0,43.06,87.98,276.06,30.46,70.36,1005.96,7.74,75.05,1
2018-09-21 23:00:00,10.38,13.16,32.02,116.11,19.13,76.18,1008.17,1.59,54.97,0
2018-09-22 00:00:00,7.17,14.97,22.81,146.58,22.2,46.38,1011.57,1.32,32.17,0
2018-09-22 01:00:00,4.34,8.26,27.59,183.93,37.49,54.1,1012.62,4.16,43.66,0
2018-09-22 02:00:00,4.65,22.74,66.0,101.18,36.05,79.5,1010.56,8.11,47.75,0
2018-09-22 03:00:00,6.88,9.76,37.02,214.16,19.19,56.08,1003.33,6.82,41.11,0
2018-09-22 04:00:00,1.6,8.35,61.97,167.8,38.84,72.98,1004.66,10.97,28.91,0
2018-09-22 05:00:00,5.89,20.75,50.83,162.77,23.91,58.99,1015.24,3.29,38.41,1
2018-09-22 06:00:00,17.12,39.64,78.72,152.93,32.6,66.07,1016.64,8.23,55.37,0
2018-09-22 07:00:00,5.13,17.38,26.7,239.84,27.4,65.02,1005.39,8.99,33.44,0
2018-09-22 08:00:00,3.27,10.12,53.5,230.93,29.44,61.41,1017.19,1.9,43.54,0
2018-09-22 09:00:00,3.22,13.38,70.96,120.82,28.87,59.86,998.87,4.99,30.19,0
2018-09-22 10:00:00,6.63,16.39,22.22,91.59,33.33,65.53,1013.52,10.21,49.38,0
2018-09-22 11:00:00,5.58,30.28,41.96,139.74,25.31,53.03,1009.83,3.37,44.22,0
2018-09-22 12:00:00,8.58,16.07,111.67,185.8,38.4,82.15,1010.82,14.49,90.46,0
2018-09-22 13:00:00,2.41,26.05,64.06,229.59,34.25,62.51,1003.93,16.86,64.18,0
2018-09-22 14:00:00,3.9,15.96,43.6,221.54,26.2,53.2,1015.47,1.71,31.2,0
2018-09-22 15:00:00,9.87,37.67,62.75,122.46,28.42,74.23,1009.19,6.57,50.44,0
2018-09-22 16:00:00,10.55,24.63,27.17,78.65,28.87,54.98,1008.13,3.51,38.73,1
2018-09-22 17:00:00,10.62,18.89,68.13,144.79,25.97,64.79,1008.26,5.42,64.09,1
2018-09-22 18:00:00,8.99,36.44,62.88,161.88,26.35,45.99,1014.41,6.47,71.2,0
2018-09-22 19:00:00,9.26,58.33,92.45,192.02,32.62,59.4,1009.37,4.49,89.92,1
2018-09-22 20:00:00,5.88,20.68,78.69,117.26,31.46,80.22,1011.8,7.54,85.72,1
2018-09-22 21:00:00,0.8,25.7,55.58,85.11,25.24,66.39,1014.44,5.78,48.68,0
2018-09-22 22:00:00,0.93,15.25,80.44,236.32,28.58,80.45,1006.5,4.62,38.75,1
2018-09-22 23:00:00,5.03,12.29,20.33,73.48,22.65,57.2,1009.06,10.82,44.82,0
2018-09-23 00:00:00,5.25,33.87,75.46,145.49,37.55,68.86,1023.23,12.55,66.7,0
2018-09-23 01:00:00,1.82,6.35,28.26,168.06,32.36,76.24,1005.23,14.0,19.68,0
2018-09-23 02:00:00,1.97,5.9,48.67,137.41,27.66,67.54,1000.55,6.77,33.52,0
2018-09-23 03:00:00,4.31,33.17,60.49,131.07,29.08,81.87,1006.87,5.98,47.45,0
2018-09-23 04:00:00,25.28,35.77,103.9,139.75,32.58,68.67,1007.7,9.39,74.82,1
2018-09-23 05:00:00,1.43,6.52,57.92,111.86,25.15,62.47,1014.56,12.06,40.06,0
2018-09-23 06:00:00,3.09,41.32,63.82,109.89,28.03,58.35,1007.35,8.91,65.93,0
2018-09-23 07:00:00,10.36,32.02,53.14,118.06,31.93,69.65,1014.89,7.28,58.63,0
2018-09-23 08:00:00,8.81,21.07,62.28,105.16,21.43,56.76,1008.31,58.78,56.42,0
2018-09-23 09:00:00,6.31,23.21,51.92,82.52,31.08,80.8,1013.64,8.41,32.53,0
2018-09-23 10:00:00,0.35,15.81,53.11,127.5,41.78,47.84,1016.57,7.06,54.42,0
2018-09-23 11:00:00,3.68,25.09,71.71,180.17,18.96,67.45,1007.25,16.48,55.04,0
2018-09-23 12:00:00,20.16,32.05,91.03,109.49,33.05,65.16,1013.95,13.69,41.77,0
2018-09-23 13:00:00,1.89,24.61,50.38,88.23,21.29,66.25,1005.34,27.28,55.9,0
2018-09-23 14:00:00,1.8,16.49,33.23,151.7,20.42,52.99,1012.06,9.26,24.99,0
2018-09-23 15:00:00,16.51,18.37,87.03,180.46,25.85,72.49,1010.8,9.37,60.58,0
2018-09-23 16:00:00,4.31,12.97,70.92,170.82,30.93,71.43,1011.07,21.13,55.33,0
2018-09-23 17:00:00,0.4,20.3,63.56,179.82,31.13,71.55,1011.89,21.52,29.88,1
2018-09-23 18:00:00,1.2,5.04,53.71,186.41,27.36,81.95,1012.02,5.8,55.91,0
2018-09-23 19:00:00,2.49,17.19,48.41,114.95,22.13,62.85,996.1,0.86,46.95,0
2018-09-23 20:00:00,6.03,16.54,64.2,140.92,27.22,63.41,1011.53,10.17,57.32,0
2018-09-23 21:00:00,3.83,42.56,118.71,151.19,18.03,74.12,1000.41,13.62,75.26,0
2018-09-23 22:00:00,1.7,24.97,40.06,112.04,32.64,47.35,1008.5,4.9,46.29,0
2018-09-23 23:00:00,3.89,7.93,26.12,138.75,25.85,68.98,1015.99,12.06,39.29,0
2018-09-24 00:00:00,1.88,22.49,74.06,138.3,34.09,58.23,1012.81,2.05,60.42,0
2018-09-24 01:00:00,21.09,31.43,36.05,99.41,22.65,71.74,1018.94,3.96,48.0,1
2018-09-24 02:00:00,1.11,14.87,93.92,129.28,30.96,62.77,1011.53,2.86,70.45,0
2018-09-24 03:00:00,2.86,13.3,102.53,160.09,18.27,56.49,1005.36,8.78,51.9,0
2018-09-24 04:00:00,2.43,41.96,58.82,130.62,35.42,41.2,1004.25,2.62,44.8,0
2018-09-24 05:00:00,2.47,39.89,56.95,182.76,30.42,73.75,1016.8,16.02,45.03,1
2018-09-24 06:00:00,1.29,8.75,11.04,56.93,26.01,69.58,1007.04,4.86,30.99,0
2018-09-24 07:00:00,15.5,43.29,60.02,111.91,25.6,69.28,1004.85,5.46,45.24,0
2018-09-24 08:00:00,26.81,35.28,67.85,188.24,26.27,56.63,1010.74,6.74,52.93,0
2018-09-24 09:00:00,6.75,13.83,21.23,32.6,27.99,46.79,1018.04,3.13,38.81,0
2018-09-24 10:00:00,6.21,20.92,82.83,217.83,19.23,65.05,1010.25,7.53,76.08,1
2018-09-24 11:00:00,0.56,13.75,72.78,132.06,26.18,76.95,1008.68,5.22,65.96,0
2018-09-24 12:00:00,15.19,21.27,59.69,114.41,26.29,62.71,1006.96,4.42,56.57,0
2018-09-24 13:00:00,1.88,4.89,26.57,158.5,33.6,44.78,1013.78,9.5,39.52,0
2018-09-24 14:00:00,0.45,14.19,33.69,121.79,25.14,51.89,1002.66,3.12,72.13,0
2018-09-24 15:00:00,7.91,13.99,63.79,139.48,22.33,68.17,1003.44,5.71,60.9,0
2018-09-24 16:00:00,12.01,23.02,93.79,151.03,27.62,83.72,1005.5,6.27,68.3,0
2018-09-24 17:00:00,15.07,44.75,66.31,87.77,31.22,73.03,1006.6,9.16,53.88,0
2018-09-24 18:00:00,2.91,14.54,86.66,126.91,28.52,61.88,1006.8,7.7,88.72,0
2018-09-24 19:00:00,2.54,5.38,49.24,184.03,28.32,63.33,1015.87,9.6,36.32,0
2018-09-24 20:00:00,5.75,33.14,106.52,204.04,28.26,84.1,1015.57,4.43,78.18,0
2018-09-24 21:00:00,3.83,22.53,48.29,77.04,27.12,62.96,1006.48,4.83,55.71,1
2018-09-24 22:00:00,8.06,32.44,44.31,191.74,24.92,46.66,1009.9,0.84,57.28,0
2018-09-24 23:00:00,5.8,18.81,92.24,107.63,23.68,64.53,1005.71,5.23,44.75,0
2018-09-25 00:00:00,1.7,14.63,34.82,78.97,28.15,28.66,1008.61,5.94,43.85,0
2018-09-25 01:00:00,15.47,66.58,129.44,164.32,29.79,81.15,1010.92,7.91,72.79,0
2018-09-25 02:00:00,8.1,26.9,31.57,49.09,28.36,73.63,1017.34,3.63,80.3,0
2018-09-25 03:00:00,11.77,38.86,72.74,148.35,18.11,82.68,1016.47,22.2,55.82,0
2018-09-25 04:00:00,1.73,81.07,125.25,179.01,33.11,76.72,1008.63,10.3,83.38,0
2018-09-25 05:00:00,7.89,57.97,96.04,153.22,20.44,63.25,1000.31,2.95,100.0,0
2018-09-25 06:00:00,9.93,14.71,53.31,151.13,20.74,62.26,1004.14,4.07,43.63,0
2018-09-25 07:00:00,5.59,11.45,42.05,72.09,22.24,63.87,1002.73,5.02,30.56,0
2018-09-25 08:00:00,1.27,5.2,34.02,125.43,25.64,73.4,1016.71,11.29,59.56,0
2018-09-25 09:00:00,5.09,17.89,59.29,290.0,27.38,69.17,1007.56,6.32,88.84,0
2018-09-25 10:00:00,9.13,66.83,136.22,184.58,33.38,62.6,1008.69,20.12,95.22,0
2018-09-25 11:00:00,12.46,12.78,32.89,287.47,33.46,68.82,1019.23,5.61,38.52,0
2018-09-25 12:00:00,0.64,9.06,60.36,170.21,18.44,46.62,1005.31,10.1,35.69,1
2018-09-25 13:00:00,5.48,18.46,30.66,150.73,18.13,62.31,1010.2,7.9,59.4,0
2018-09-25 14:00:00,0.9,6.27,52.7,128.34,33.89,81.16,1011.34,3.4,43.86,0
2018-09-25 15:00:00,9.24,19.92,43.18,76.87,27.03,46.37,1004.03,4.36,32.58,0
2018-09-25 16:00:00,11.43,22.71,40.4,104.49,22.34,60.93,1015.46,2.66,59.44,0
2018-09-25 17:00:00,1.54,5.09,45.91,154.1,31.2,62.49,1017.21,23.86,23.15,0
2018-09-25 18:00:00,1.19,25.05,101.7,141.8,34.19,73.24,1012.66,20.89,84.79,0
2018-09-25 19:00:00,2.4,13.19,28.88,114.2,30.29,68.31,1015.28,11.88,4.33,0
2018-09-25 20:00:00,3.98,8.95,22.18,162.03,23.75,52.12,1012.54,19.66,43.1,0
2018-09-25 21:00:00,2.05,15.19,48.79,93.7,16.14,70.43,1012.92,7.88,46.39,0
2018-09-25 22:00:00,9.97,33.24,51.52,204.75,30.86,61.5,1017.07,4.33,61.65,0
2018-09-25 23:00:00,12.52,24.76,59.16,102.06,27.31,66.83,1016.23,6.15,33.2,0
2018-09-26 00:00:00,5.26,10.69,36.22,229.33,23.38,47.42,1013.65,4.42,38.12,0
2018-09-26 01:00:00,2.13,17.2,30.58,141.13,19.38,71.15,1007.51,22.22,21.98,0
2018-09-26 02:00:00,3.83,51.6,71.93,153.63,29.23,69.49,997.35,4.17,40.11,0
2018-09-26 03:00:00,5.26,13.38,76.76,234.07,24.97,74.67,1016.91,16.95,69.67,0
2018-09-26 04:00:00,3.66,9.88,37.64,159.08,28.91,72.96,1019.98,1.93,54.58,0
2018-09-26 05:00:00,4.35,13.56,46.19,144.73,33.01,60.43,1008.32,9.28,8.38,0
2018-09-26 06:00:00,11.69,18.33,36.03,80.83,24.26,58.94,1017.36,4.24,56.88,0
2018-09-26 07:00:00,1.97,8.85,49.48,133.68,39.65,46.01,1000.4,3.52,69.33,0
2018-09-26 08:00:00,22.48,26.93,79.73,178.71,27.39,71.08,1013.69,11.04,95.35,1
2018-09-26 09:00:00,5.41,32.42,68.74,198.9,32.14,81.05,1012.54,7.57,27.63,0
2018-09-26 10:00:00,3.46,25.27,52.11,109.13,25.09,63.79,1007.86,14.84,69.5,0
2018-09-26 11:00:00,1.91,12.09,71.05,118.96,31.21,59.47,1020.3,7.18,62.07,0
2018-09-26 12:00:00,2.12,9.97,43.42,95.87,23.04,71.66,1010.13,19.3,39.71,0
2018-09-26 13:00:00,4.79,22.36,90.69,212.83,31.61,56.95,1014.46,6.89,97.55,0
2018-09-26 14:00:00,5.38,20.24,68.53,121.39,41.7,61.22,1019.91,10.48,56.32,0
2018-09-26 15:00:00,3.33,17.79,44.15,166.66,22.02,56.22,1010.84,2.1,44.48,0
2018-09-26 16:00:00,0.89,33.77,43.41,140.21,15.2,71.7,1015.87,8.48,18.23,0
2018-09-26 17:00:00,4.79,23.91,73.06,177.86,24.64,70.43,1010.2,2.04,32.21,0
2018-09-26 18:00:00,2.16,102.6,171.19,373.68,29.63,79.92,1008.61,13.38,100.0,1
2018-09-26 19:00:00,0.4,8.9,24.15,156.32,28.49,54.23,1007.28,5.93,63.1,0
2018-09-26 20:00:00,8.34,57.44,88.66,248.35,25.68,72.67,1010.55,0.39,85.11,0
2018-09-26 21:00:00,0.52,18.96,67.74,120.77,33.91,69.2,1011.48,10.63,71.8,1
2018-09-26 22:00:00,3.18,8.4,34.92,68.1,25.51,62.77,1012.34,14.17,17.53,0
2018-09-26 23:00:00,4.23,11.43,45.22,85.42,32.84,56.45,1017.2,8.33,53.76,0
2018-09-27 00:00:00,13.94,34.85,120.57,153.85,25.92,87.46,1010.16,5.49,100.0,1
2018-09-27 01:00:00,0.44,4.52,44.74,89.11,23.07,79.02,1006.28,18.9,50.57,0
2018-09-27 02:00:00,9.14,21.36,39.64,109.16,28.65,76.29,1014.29,3.9,15.12,0
2018-09-27 03:00:00,10.42,71.77,105.18,168.29,28.94,86.16,1006.35,15.72,100.0,0
2018-09-27 04:00:00,17.49,18.06,51.87,163.91,38.26,88.12,1012.09,12.7,54.44,0
2018-09-27 05:00:00,12.15,24.3,39.76,86.39,30.36,55.17,1012.25,18.23,21.12,0
2018-09-27 06:00:00,4.37,11.57,118.35,175.86,29.53,69.94,1012.4,2.75,100.0,1
2018-09-27 07:00:00,9.5,59.89,63.49,169.84,28.64,52.52,1011.75,1.82,52.02,0
2018-09-27 08:00:00,14.5,25.95,35.7,122.3,24.9,59.06,1014.75,12.43,50.27,0
2018-09-27 09:00:00,0.26,6.48,21.63,84.56,26.66,46.51,1012.97,17.82,23.26,0
2018-09-27 10:00:00,0.88,5.03,14.86,197.28,25.12,70.92,1023.98,9.41,15.18,0
2018-09-27 11:00:00,5.92,10.63,17.54,161.28,28.73,60.39,1010.7,11.29,42.47,0
2018-09-27 12:00:00,10.32,55.71,141.54,377.91,19.55,77.22,1005.36,6.42,78.11,0
2018-09-27 13:00:00,8.07,9.16,59.99,267.55,18.47,54.95,1014.0,24.91,79.77,0
2018-09-27 14:00:00,6.43,25.37,86.05,109.6,23.85,57.74,1007.85,11.16,66.2,0
2018-09-27 15:00:00,17.3,52.38,77.63,172.27,23.23,63.8,1014.28,4.79,62.98,1
2018-09-27 16:00:00,3.32,15.35,86.0,157.04,29.6,86.74,1003.94,12.52,67.1,0
2018-09-27 17:00:00,2.06,6.86,56.02,174.17,24.84,76.59,1011.88,24.39,58.39,0
2018-09-27 18:00:00,2.67,21.56,46.0,272.95,30.89,70.91,1013.77,8.25,32.11,1
2018-09-27 19:00:00,6.04,11.91,57.61,175.1,24.44,43.66,1005.5,37.13,50.8,0
2018-09-27 20:00:00,4.21,11.91,22.79,102.74,40.05,58.17,1014.22,5.62,63.55,0
2018-09-27 21:00:00,10.82,17.39,58.5,131.47,26.49,63.1,1001.23,6.45,63.96,0
2018-09-27 22:00:00,2.2,9.04,38.31,187.9,30.12,54.96,1011.9,9.44,34.12,0
2018-09-27 23:00:00,6.79,32.63,117.82,247.43,24.41,76.79,1014.88,6.81,70.81,0
2018-09-28 00:00:00,9.53,20.46,84.14,153.23,25.6,61.16,1005.84,8.15,42.81,0
2018-09-28 01:00:00,14.49,34.28,44.97,72.86,30.28,57.74,1011.15,9.9,55.81,0
2018-09-28 02:00:00,1.13,20.88,37.39,124.18,27.98,53.09,1007.55,4.43,26.36,0
2018-09-28 03:00:00,2.61,15.44,125.17,177.44,31.99,71.18,1012.15,3.24,100.0,0
2018-09-28 04:00:00,3.9,40.4,65.57,111.99,33.58,33.84,1014.82,12.97,57.26,0
2018-09-28 05:00:00,0.71,6.13,16.59,37.07,39.32,58.76,1015.18,15.1,31.97,0
2018-09-28 06:00:00,6.38,18.08,70.56,263.45,31.94,73.99,1014.35,3.56,54.85,0
2018-09-28 07:00:00,6.29,8.2,85.58,331.38,28.2,62.39,1006.71,5.96,57.57,0
2018-09-28 08:00:00,5.8,19.31,47.71,112.63,25.74,74.8,1010.9,2.58,35.43,0
2018-09-28 09:00:00,3.66,28.36,73.02,146.49,24.13,59.47,1004.7,3.58,67.43,1
2018-09-28 10:00:00,13.21,16.74,48.16,137.63,25.73,51.47,1006.81,17.49,32.42,0
2018-09-28 11:00:00,2.69,10.67,63.6,126.69,29.18,76.97,1009.88,9.53,46.96,0
2018-09-28 12:00:00,12.22,18.9,37.12,138.09,34.41,56.42,1017.69,15.09,27.93,0
2018-09-28 13:00:00,2.62,3.13,42.12,149.05,30.02,64.93,1007.27,6.05,66.62,0
2018-09-28 14:00:00,1.09,5.83,68.44,254.06,26.43,52.7,1012.24,6.87,27.74,0
2018-09-28 15:00:00,4.41,25.29,49.79,84.99,21.4,62.39,1006.95,8.2,56.66,0
2018-09-28 16:00:00,5.27,17.65,77.27,176.09,23.67,65.69,1004.37,3.41,94.42,0
2018-09-28 17:00:00,6.89,23.29,74.51,141.37,29.18,64.62,1017.33,9.49,30.06,1
2018-09-28 18:00:00,3.25,28.03,41.15,103.88,31.07,58.81,1017.31,3.34,50.46,0
2018-09-28 19:00:00,21.22,63.95,82.68,97.2,33.19,71.75,1006.25,5.72,52.15,1
2018-09-28 20:00:00,2.41,7.12,62.6,109.91,33.19,67.44,1009.19,4.2,66.99,0
2018-09-28 21:00:00,10.44,29.62,48.19,158.13,22.44,68.85,1012.22,20.42,27.74,0
2018-09-28 22:00:00,38.84,46.54,50.29,99.51,24.17,44.21,1006.26,15.21,62.57,0
2018-09-28 23:00:00,24.33,29.47,66.38,154.29,32.69,81.95,1013.25,4.83,47.91,0
2018-09-29 00:00:00,1.34,11.39,46.41,52.09,33.72,61.16,1003.42,20.28,26.84,0
2018-09-29 01:00:00,9.7,29.54,83.1,153.18,27.94,64.75,1007.49,5.79,64.62,0
2018-09-29 02:00:00,10.23,23.55,97.23,182.27,36.8,75.94,1007.86,3.35,62.41,0
2018-09-29 03:00:00,8.4,17.41,52.59,98.25,34.3,62.65,1013.45,0.96,13.22,0
2018-09-29 04:00:00,1.05,22.44,64.29,130.32,31.71,67.74,1017.04,9.15,35.66,0
2018-09-29 05:00:00,5.75,25.95,35.94,130.82,29.9,57.72,1006.48,12.22,60.65,0
2018-09-29 06:00:00,5.71,14.26,39.9,97.77,18.62,67.9,1010.86,16.21,38.41,1
2018-09-29 07:00:00,0.85,19.9,148.13,254.87,22.87,65.58,1010.63,14.16,100.0,0
2018-09-29 08:00:00,3.46,16.48,64.48,117.38,27.48,69.0,1010.25,50.52,41.09,0
2018-09-29 09:00:00,6.0,12.71,88.27,215.64,36.89,65.79,1008.84,4.94,76.91,0
2018-09-29 10:00:00,4.28,24.39,49.88,74.41,35.29,45.8,1015.19,5.27,49.51,0
2018-09-29 11:00:00,8.95,29.55,52.21,127.01,24.13,75.44,1001.74,13.63,68.86,0
2018-09-29 12:00:00,3.36,7.71,29.89,135.93,33.35,56.61,1010.73,8.91,37.77,0
2018-09-29 13:00:00,5.2,24.15,85.52,162.43,23.09,80.53,1010.16,14.65,63.68,0
2018-09-29 14:00:00,11.02,38.14,67.28,193.46,13.6,74.38,1010.38,21.12,52.92,1
2018-09-29 15:00:00,19.28,24.09,33.78,95.36,38.61,53.69,1007.76,2.21,35.77,0
2018-09-29 16:00:00,1.02,15.94,46.98,110.3,15.74,75.11,1015.67,5.98,52.96,0
2018-09-29 17:00:00,8.65,13.57,36.65,54.94,12.34,59.25,1013.05,2.93,47.19,0
2018-09-29 18:00:00,2.81,8.2,72.04,196.98,29.35,61.25,993.73,3.12,41.73,0
2018-09-29 19:00:00,6.97,9.55,115.21,254.97,26.25,65.82,1011.9,7.74,100.0,0
2018-09-29 20:00:00,0.91,30.57,40.54,172.13,29.92,54.29,1010.71,5.61,25.66,0
2018-09-29 21:00:00,13.45,40.75,89.81,145.54,38.2,74.87,1014.16,8.22,66.11,0
2018-09-29 22:00:00,1.89,30.32,100.12,123.56,33.33,65.65,1016.08,11.23,73.31,0
2018-09-29 23:00:00,11.19,20.49,76.0,276.02,31.03,72.96,1010.65,10.41,59.19,0
2018-09-30 00:00:00,1.1,25.83,48.69,120.43,23.19,58.64,1007.41,10.52,48.2,0
2018-09-30 01:00:00,0.65,5.76,32.8,61.17,25.24,70.41,1016.35,25.09,24.21,0
2018-09-30 02:00:00,3.75,8.03,42.34,207.19,31.18,58.77,1018.87,6.28,44.93,0
2018-09-30 03:00:00,5.8,15.25,35.26,51.17,25.62,59.47,1013.38,31.97,34.29,0
2018-09-30 04:00:00,26.05,52.17,91.46,281.54,32.4,70.08,1009.52,9.86,92.2,1
2018-09-30 05:00:00,5.67,20.95,99.8,124.03,29.23,74.8,1014.22,10.96,71.11,0
2018-09-30 06:00:00,1.33,9.83,58.45,128.78,26.92,65.89,1006.67,3.44,75.41,0
2018-09-30 07:00:00,9.69,17.82,25.53,96.4,34.17,50.03,1012.6,8.11,38.81,0
2018-09-30 08:00:00,15.33,45.03,76.54,166.72,26.66,87.82,1008.1,17.51,56.9,1
2018-09-30 09:00:00,1.76,23.64,122.49,229.35,20.48,83.59,1011.57,10.6,100.0,1
2018-09-30 10:00:00,10.85,41.64,59.76,112.42,34.83,75.02,1009.87,16.18,79.34,1
2018-09-30 11:00:00,13.78,43.11,98.53,162.26,28.04,84.5,1008.69,14.55,67.83,0
2018-09-30 12:00:00,9.89,11.95,25.14,77.08,26.76,57.4,1014.96,2.63,37.04,0
2018-09-30 13:00:00,2.26,29.16,77.49,225.86,27.32,77.21,1017.2,12.2,73.84,0
2018-09-30 14:00:00,5.86,28.04,55.1,154.05,24.86,78.42,1014.27,12.06,52.26,0
2018-09-30 15:00:00,6.96,12.58,97.92,242.85,42.39,86.88,1013.67,4.37,68.68,0
2018-09-30 16:00:00,13.12,22.52,107.51,167.24,20.87,83.71,1014.48,2.46,72.84,1
2018-09-30 17:00:00,2.45,13.6,23.9,83.61,29.98,57.1,1010.64,6.27,55.86,0
2018-09-30 18:00:00,11.08,53.12,83.98,113.2,29.14,83.61,1011.1,6.09,87.31,1
2018-09-30 19:00:00,4.12,17.56,42.63,165.93,32.42,49.89,1010.97,25.86,36.96,1
2018-09-30 20:00:00,3.25,24.74,79.15,159.83,26.04,62.85,1010.28,17.79,60.13,0
2018-09-30 21:00:00,5.02,31.63,164.45,237.79,34.82,61.52,1005.45,9.79,100.0,1
2018-09-30 22:00:00,0.17,9.06,38.61,92.69,26.17,59.49,1010.84,8.63,64.45,0
2018-09-30 23:00:00,0.31,29.47,108.9,170.75,25.29,70.44,1007.8,6.02,75.16,0
2018-10-01 00:00:00,7.25,19.54,47.56,147.72,28.47,58.84,1007.68,17.24,51.59,0
2018-10-01 01:00:00,3.67,65.61,103.35,220.75,29.92,71.42,997.1,6.45,94.03,0
2018-10-01 02:00:00,2.27,7.81,37.75,84.04,34.02,50.82,1011.85,8.97,11.6,0
2018-10-01 03:00:00,4.58,15.94,70.59,185.77,20.88,73.96,1018.31,1.0,59.45,0
2018-10-01 04:00:00,11.3,38.8,127.65,203.27,33.06,75.75,1011.15,12.46,65.36,0
2018-10-01 05:00:00,4.37,11.32,73.65,168.53,33.43,65.0,1009.67,5.51,84.54,0
2018-10-01 06:00:00,1.28,24.47,51.01,117.11,32.04,50.78,1004.58,2.96,22.2,1
2018-10-01 07:00:00,29.33,39.18,52.19,112.26,27.65,54.19,1006.82,3.38,17.85,0
2018-10-01 08:00:00,4.82,9.58,29.52,95.36,25.33,50.94,1002.84,8.07,62.51,0
2018-10-01 09:00:00,13.88,17.79,92.89,122.6,30.75,76.46,1011.75,23.85,61.8,0
2018-10-01 10:00:00,9.97,24.83,63.49,120.54,29.29,94.04,1006.77,12.32,35.61,0
2018-10-01 11:00:00,3.02,21.2,62.59,80.71,19.86,68.67,1016.38,4.73,32.29,0
2018-10-01 12:00:00,19.05,24.32,84.3,203.84,33.02,78.0,998.41,13.96,72.2,1
2018-10-01 13:00:00,2.5,21.87,56.74,84.44,24.29,73.77,1008.3,8.5,56.13,0
2018-10-01 14:00:00,7.13,10.72,75.94,180.52,24.48,52.4,1015.28,11.06,70.53,0
2018-10-01 15:00:00,6.28,15.29,45.45,83.3,33.91,74.68,1004.83,7.74,42.26,0
2018-10-01 16:00:00,6.85,18.91,44.51,206.21,28.96,65.53,1004.8,5.82,75.0,1
2018-10-01 17:00:00,16.55,27.84,42.27,57.92,27.13,73.31,1008.48,9.75,45.15,0
2018-10-01 18:00:00,4.95,19.24,24.01,93.3,26.0,49.06,1006.35,22.77,29.76,0
2018-10-01 19:00:00,5.92,17.6,56.88,222.12,26.71,67.97,1008.77,5.42,33.83,0
2018-10-01 20:00:00,6.2,16.63,74.06,181.2,27.87,75.27,998.9,6.1,38.95,0
2018-10-01 21:00:00,25.2,35.59,92.75,149.89,37.09,70.81,1015.46,7.7,100.0,1
2018-10-01 22:00:00,13.02,20.55,97.55,318.22,17.42,61.02,1013.32,6.65,51.58,1
2018-10-01 23:00:00,0.6,20.26,53.37,120.7,41.85,47.16,1008.14,5.42,32.05,0
2018-10-02 00:00:00,2.61,13.11,89.38,155.18,40.9,78.15,1000.38,10.59,69.08,0
2018-10-02 01:00:00,5.3,12.1,48.23,182.26,26.02,69.45,1006.57,23.59,70.35,0
2018-10-02 02:00:00,16.27,35.03,49.26,112.55,29.04,56.93,1014.68,22.1,31.42,0
2018-10-02 03:00:00,17.57,34.33,81.88,147.04,29.03,77.86,1013.73,1.99,62.37,0
2018-10-02 04:00:00,4.66,9.71,24.73,75.06,33.89,53.84,1008.69,3.19,39.65,0
2018-10-02 05:00:00,2.51,35.51,68.59,169.3,28.78,57.45,1012.57,15.61,61.34,0
2018-10-02 06:00:00,4.02,13.11,81.4,193.37,30.12,73.85,1002.18,4.31,84.89,0
2018-10-02 07:00:00,5.49,14.92,17.83,66.87,34.53,40.78,1011.62,1.18,37.81,0
2018-10-02 08:00:00,3.74,16.12,53.56,205.44,17.37,66.66,1004.36,3.41,85.42,0
2018-10-02 09:00:00,14.18,30.54,50.95,101.31,27.15,47.19,1012.71,6.3,56.93,0
2018-10-02 10:00:00,3.36,16.21,84.74,126.46,29.29,58.53,1007.51,10.31,72.76,0
2018-10-02 11:00:00,1.79,8.07,102.12,135.67,26.24,69.48,1007.76,17.53,57.18,1
2018-10-02 12:00:00,3.93,6.19,34.71,175.02,18.67,68.22,1011.39,5.38,44.86,0
2018-10-02 13:00:00,6.59,39.14,91.91,128.89,28.26,51.04,1000.51,1.85,57.9,0
2018-10-02 14:00:00,14.4,19.96,30.4,231.22,25.02,67.73,1011.74,9.34,34.01,0
2018-10-02 15:00:00,1.62,19.41,62.13,94.05,25.67,77.98,1016.27,21.26,59.03,0
2018-10-02 16:00:00,6.63,19.39,35.57,103.43,27.97,63.78,1012.03,14.71,48.25,0
2018-10-02 17:00:00,6.82,8.5,26.4,62.55,18.73,57.94,1017.17,8.21,37.18,0
2018-10-02 18:00:00,8.04,15.44,46.89,100.87,26.43,63.14,1009.22,7.96,30.15,0
2018-10-02 19:00:00,3.36,41.32,59.41,132.24,24.28,51.29,1012.03,4.58,36.78,0
2018-10-02 20:00:00,7.92,10.38,54.34,249.61,20.96,64.22,1012.8,18.93,32.19,0
2018-10-02 21:00:00,9.76,19.49,54.46,176.44,30.78,67.85,1014.18,3.38,58.49,0
2018-10-02 22:00:00,3.32,19.67,41.21,53.55,20.96,99.09,1016.18,16.49,39.95,0
2018-10-02 23:00:00,5.91,11.51,31.76,102.08,31.04,73.52,1004.87,2.47,41.99,0
2018-10-03 00:00:00,4.19,18.04,67.02,139.23,32.85,65.37,1006.74,4.92,39.79,0
2018-10-03 01:00:00,2.11,21.08,77.95,133.7,27.4,58.98,1012.69,1.79,53.21,0
2018-10-03 02:00:00,0.95,18.19,55.58,142.62,34.04,68.36,1012.88,10.7,69.68,0
2018-10-03 03:00:00,2.5,16.32,70.24,320.05,40.76,67.03,1010.4,4.5,53.65,0
2018-10-03 04:00:00,2.71,13.76,28.46,78.93,31.16,63.73,1025.08,2.7,59.91,0
2018-10-03 05:00:00,0.92,6.73,23.35,128.98,26.33,48.76,1012.65,19.71,42.8,0
2018-10-03 06:00:00,7.45,26.0,48.2,76.26,34.51,46.98,1012.76,10.08,39.49,0
2018-10-03 07:00:00,10.37,22.94,36.62,53.64,17.35,65.43,1004.96,2.82,57.73,0
2018-10-03 08:00:00,4.07,45.48,48.78,116.91,40.89,58.85,1016.0,15.59,51.05,1
2018-10-03 09:00:00,4.72,26.76,55.87,175.19,28.56,64.84,1011.5,7.05,34.27,0
2018-10-03 10:00:00,2.92,11.37,30.67,96.83,29.57,49.64,1012.24,2.76,37.59,0
2018-10-03 11:00:00,4.45,19.5,45.1,159.82,19.42,74.01,1020.91,7.95,45.81,0
2018-10-03 12:00:00,7.97,12.28,30.04,144.86,33.04,47.51,1011.1,0.68,25.42,1
2018-10-03 13:00:00,6.64,8.78,33.42,367.07,28.68,69.38,1017.41,19.56,30.65,0
2018-10-03 14:00:00,4.42,12.65,47.4,145.14,27.27,62.84,1016.85,3.78,18.05,0
2018-10-03 15:00:00,2.71,6.24,58.5,128.39,24.58,63.1,1009.99,9.36,54.03,0
2018-10-03 16:00:00,9.63,30.07,103.03,204.81,23.13,75.16,1002.21,13.01,69.71,0
2018-10-03 17:00:00,3.03,41.94,70.06,116.79,23.95,65.4,1007.36,13.23,50.64,0
2018-10-03 18:00:00,1.04,27.98,46.99,158.64,19.07,60.29,1016.89,14.91,57.07,0
2018-10-03 19:00:00,5.58,14.97,22.65,127.24,29.12,58.68,1010.25,5.87,76.24,0
2018-10-03 20:00:00,0.43,21.51,136.91,307.88,36.73,74.59,1001.96,2.98,89.02,1
2018-10-03 21:00:00,6.39,14.26,70.35,109.91,30.18,70.68,1011.25,8.29,64.36,0
2018-10-03 22:00:00,6.83,36.21,74.69,157.56,23.49,81.29,1005.0,8.87,76.92,1
2018-10-03 23:00:00,2.47,21.45,32.55,232.62,29.8,86.11,1007.18,22.38,44.26,0
2018-10-04 00:00:00,2.89,15.31,19.29,71.37,13.41,68.46,1007.26,5.87,31.37,0
2018-10-04 01:00:00,10.84,22.64,30.02,38.88,37.38,67.13,1016.84,13.46,42.83,0
2018-10-04 02:00:00,23.34,42.3,65.13,145.13,24.92,45.91,1017.0,14.24,60.64,0
2018-10-04 03:00:00,4.98,16.86,36.61,111.57,30.82,60.03,1004.9,2.13,32.27,0
2018-10-04 04:00:00,2.53,28.45,47.03,120.65,27.69,56.65,1012.38,1.09,57.11,0
2018-10-04 05:00:00,6.89,16.12,36.94,127.54,31.2,46.31,1014.23,6.43,42.16,0
2018-10-04 06:00:00,4.25,15.13,77.27,195.28,40.82,79.2,1006.81,3.1,62.07,0
2018-10-04 07:00:00,6.47,17.86,28.88,388.26,16.23,43.61,1007.94,3.51,32.08,0
2018-10-04 08:00:00,5.6,15.85,30.01,81.7,29.42,52.17,1020.15,0.91,45.67,0
2018-10-04 09:00:00,5.73,11.89,26.49,72.48,29.57,42.27,1005.74,7.41,32.6,0
2018-10-04 10:00:00,0.21,8.89,31.23,146.75,25.92,59.21,1014.9,7.09,58.37,0
2018-10-04 11:00:00,2.88,15.14,22.72,65.44,23.92,70.46,1014.41,0.44,20.49,0
2018-10-04 12:00:00,2.58,14.14,60.83,119.18,33.25,53.71,1022.81,23.37,56.9,1
2018-10-04 13:00:00,2.54,37.96,56.81,119.74,27.81,59.9,1016.64,25.66,83.99,0
2018-10-04 14:00:00,8.51,24.93,54.42,218.05,28.0,72.81,1003.21,4.32,48.28,0
2018-10-04 15:00:00,1.18,31.55,65.07,241.28,26.34,79.29,1004.55,4.99,36.61,0
2018-10-04 16:00:00,0.21,3.3,28.69,44.28,27.13,60.33,1008.5,24.53,46.67,0
2018-10-04 17:00:00,2.48,26.11,82.85,102.19,31.36,57.51,1010.47,6.45,49.16,0
2018-10-04 18:00:00,1.93,18.35,89.98,166.61,31.13,67.99,1001.1,2.16,93.98,0
2018-10-04 19:00:00,5.01,16.43,28.46,171.31,23.73,55.86,1013.74,6.94,32.4,0
2018-10-04 20:00:00,3.64,9.36,27.49,233.51,26.33,53.88,1013.31,9.78,32.42,0
2018-10-04 21:00:00,3.12,23.27,38.62,118.73,33.6,48.74,1009.44,3.96,38.47,0
2018-10-04 22:00:00,13.8,31.98,41.62,216.11,37.25,69.66,1017.35,6.29,36.41,1
2018-10-04 23:00:00,1.97,22.67,73.58,120.02,37.26,64.77,1013.32,16.48,57.78,0
2018-10-05 00:00:00,8.07,16.56,60.45,123.45,36.83,47.65,1016.82,2.72,48.74,0
2018-10-05 01:00:00,4.4,30.23,48.83,135.68,29.09,69.53,1024.36,6.58,45.55,0
2018-10-05 02:00:00,11.05,30.25,48.27,106.01,33.69,80.41,1006.75,18.02,52.77,0
2018-10-05 03:00:00,17.34,26.44,64.16,261.3,30.02,69.31,1013.33,22.3,51.59,0
2018-10-05 04:00:00,4.33,37.36,64.07,122.87,23.94,56.27,1007.86,7.53,100.0,0
2018-10-05 05:00:00,0.45,15.17,53.41,146.58,27.33,85.73,1014.68,16.65,51.77,0
2018-10-05 06:00:00,1.19,3.63,24.64,77.21,26.87,59.15,1010.12,15.64,47.11,0
2018-10-05 07:00:00,0.83,9.92,45.54,99.98,33.09,70.89,1009.58,16.65,33.79,0
2018-10-05 08:00:00,2.9,28.53,87.13,125.11,32.38,66.76,1004.7,7.45,65.7,0
2018-10-05 09:00:00,2.42,11.73,41.35,174.31,27.43,55.9,1014.15,15.93,36.63,0
2018-10-05 10:00:00,5.86,18.78,102.53,217.9,26.75,80.74,1017.97,0.84,100.0,0
2018-10-05 11:00:00,10.33,36.49,75.31,196.86,24.25,58.86,1005.17,8.17,67.34,0
2018-10-05 12:00:00,0.37,9.78,14.43,70.24,26.2,53.24,1002.32,6.33,20.15,0
2018-10-05 13:00:00,4.74,26.44,54.28,118.53,27.42,63.56,1014.54,10.3,26.02,0
2018-10-05 14:00:00,2.04,6.5,54.92,162.21,29.81,77.56,1017.53,10.94,59.96,1
2018-10-05 15:00:00,4.9,20.92,62.83,101.03,28.62,52.22,1023.72,2.98,62.08,0
2018-10-05 16:00:00,2.91,18.25,66.1,135.35,23.58,77.5,1010.08,1.93,74.35,0
2018-10-05 17:00:00,8.89,25.93,60.72,168.33,25.32,73.65,1010.24,10.59,49.3,1
2018-10-05 18:00:00,1.31,19.85,100.85,148.19,27.4,79.01,1012.5,15.43,80.83,1
2018-10-05 19:00:00,2.2,15.53,67.62,289.35,30.79,74.15,1006.29,3.6,69.15,0
2018-10-05 20:00:00,4.03,16.21,49.05,150.1,25.26,52.52,1007.71,9.09,33.01,1
2018-10-05 21:00:00,3.26,16.13,55.04,127.61,19.94,50.86,1015.62,1.22,68.43,0
2018-10-05 22:00:00,4.0,36.2,145.16,204.37,21.87,62.95,1001.09,21.09,75.58,1
2018-10-05 23:00:00,0.56,14.89,91.48,203.75,29.76,67.54,1004.76,9.07,78.5,1
2018-10-06 00:00:00,15.29,64.07,91.34,141.27,30.55,74.46,1002.42,2.07,63.57,0
2018-10-06 01:00:00,2.67,21.16,60.7,175.31,24.77,56.0,1007.24,10.95,49.59,0
2018-10-06 02:00:00,1.43,15.76,96.27,130.86,22.55,78.01,1007.9,15.13,84.85,0
2018-10-06 03:00:00,4.12,8.96,23.07,95.51,20.28,57.41,1010.88,10.79,52.95,0
2018-10-06 04:00:00,4.78,27.51,50.77,178.15,20.54,64.05,1010.1,7.76,52.71,0
2018-10-06 05:00:00,20.88,31.5,92.65,139.5,25.88,77.7,1013.56,12.48,67.65,0
2018-10-06 06:00:00,11.77,36.95,54.46,101.42,19.35,64.79,1010.24,13.12,40.08,0
2018-10-06 07:00:00,3.18,10.43,37.48,114.48,28.89,49.78,1007.65,14.74,19.77,0
2018-10-06 08:00:00,18.05,30.87,68.87,153.0,30.82,82.88,1004.66,7.43,49.07,0
2018-10-06 09:00:00,15.32,25.6,81.12,223.16,20.5,74.93,1008.29,7.36,73.66,0
2018-10-06 10:00:00,1.45,23.0,33.92,147.03,22.31,49.84,1021.43,18.78,45.55,0
2018-10-06 11:00:00,24.73,58.67,116.79,183.09,27.49,73.76,1010.21,0.8,81.86,0
2018-10-06 12:00:00,2.73,15.35,50.93,118.94,23.54,65.76,1019.75,12.41,44.53,0
2018-10-06 13:00:00,5.34,14.99,52.3,171.46,29.05,52.35,1000.77,7.97,65.9,0
2018-10-06 14:00:00,13.46,18.53,26.43,59.27,33.41,67.45,1007.35,14.27,45.1,0
2018-10-06 15:00:00,0.37,9.18,40.48,81.43,26.87,50.98,1002.46,20.3,48.24,0
2018-10-06 16:00:00,4.01,38.24,50.64,105.5,18.63,81.01,1010.57,9.24,29.35,0
2018-10-06 17:00:00,6.16,18.92,104.5,128.2,28.92,83.07,1011.65,7.01,73.85,0
2018-10-06 18:00:00,11.41,29.27,54.77,191.85,26.13,57.95,1015.72,8.65,72.24,0
2018-10-06 19:00:00,4.55,8.24,81.95,112.89,30.92,58.99,1013.83,11.19,71.77,0
2018-10-06 20:00:00,0.38,3.92,40.58,299.77,40.79,63.62,1016.36,14.02,13.9,0
2018-10-06 21:00:00,20.76,23.89,98.38,203.69,22.72,58.63,1008.41,5.8,76.29,0
2018-10-06 22:00:00,4.72,33.34,38.74,94.26,23.97,60.14,1008.84,2.19,53.82,0
2018-10-06 23:00:00,6.39,19.52,36.18,102.59,29.58,61.2,1007.07,18.97,34.64,0
2018-10-07 00:00:00,0.67,7.69,78.67,262.56,32.76,72.82,1018.04,1.81,68.91,0
2018-10-07 01:00:00,14.77,37.98,134.89,195.68,39.22,88.99,1012.18,5.96,100.0,1
2018-10-07 02:00:00,2.77,12.96,41.17,95.34,25.68,70.78,1009.62,6.84,19.96,0
2018-10-07 03:00:00,2.05,27.16,48.49,113.5,23.21,73.28,1011.56,9.5,27.66,0
2018-10-07 04:00:00,12.18,24.77,35.0,97.66,23.64,64.98,1016.89,7.2,28.93,0
2018-10-07 05:00:00,0.8,26.15,33.0,112.9,25.59,62.44,1008.34,7.64,17.65,0
2018-10-07 06:00:00,6.48,12.8,19.06,81.64,26.64,51.73,1013.67,2.2,36.87,0
2018-10-07 07:00:00,1.97,19.38,52.65,218.62,28.93,44.66,1010.2,5.12,53.97,0
2018-10-07 08:00:00,7.2,27.72,59.52,132.21,28.17,67.04,1017.28,2.38,52.02,0
2018-10-07 09:00:00,9.01,12.32,24.66,67.24,20.97,47.19,1010.59,10.9,31.54,0
2018-10-07 10:00:00,2.66,15.81,34.7,62.48,19.57,62.32,1015.26,14.69,40.43,0
2018-10-07 11:00:00,14.07,19.03,44.94,78.2,27.4,40.43,1006.5,16.88,45.46,0
2018-10-07 12:00:00,4.72,8.38,13.44,133.47,23.81,45.18,1007.03,13.45,15.48,0
2018-10-07 13:00:00,21.0,31.79,69.77,174.37,24.72,59.87,1004.44,4.44,60.34,0
2018-10-07 14:00:00,12.3,30.24,71.68,160.75,32.84,99.46,1015.38,2.76,77.61,0
2018-10-07 15:00:00,5.26,12.52,61.24,181.11,31.61,58.49,1014.09,5.55,60.54,1
2018-10-07 16:00:00,5.23,16.42,62.14,182.82,25.99,61.73,1017.5,16.54,41.1,0
2018-10-07 17:00:00,0.93,9.08,38.72,144.19,33.59,62.47,1014.81,6.74,41.82,0
2018-10-07 18:00:00,12.16,36.09,121.07,146.42,33.96,84.6,1009.42,1.44,57.52,0
2018-10-07 19:00:00,2.38,32.37,54.47,75.83,35.52,57.46,1009.72,26.47,16.36,0
2018-10-07 20:00:00,5.83,60.87,105.97,176.59,36.57,54.44,1014.43,3.05,75.8,1
2018-10-07 21:00:00,20.85,48.17,59.87,208.65,26.87,50.12,1014.03,13.25,63.06,0
2018-10-07 22:00:00,13.86,32.94,44.88,114.2,34.1,59.63,1007.43,3.08,55.94,0
2018-10-07 23:00:00,1.57,25.49,68.21,141.81,26.32,82.42,1007.8,12.69,13.21,0
2018-10-08 00:00:00,4.75,12.98,27.87,140.66,34.68,49.84,1012.85,6.13,73.95,0
2018-10-08 01:00:00,6.4,17.02,59.4,68.3,26.7,73.35,1011.0,12.28,48.1,0
2018-10-08 02:00:00,15.28,30.82,74.83,148.47,28.1,63.31,1014.35,2.43,62.42,0
2018-10-08 03:00:00,13.48,16.67,107.41,173.12,22.48,72.29,1012.63,8.95,75.59,0
2018-10-08 04:00:00,8.01,15.71,26.71,102.95,22.43,48.17,1008.25,1.06,44.97,0
2018-10-08 05:00:00,7.34,57.2,66.64,268.51,30.24,70.72,1005.27,8.43,42.15,0
2018-10-08 06:00:00,4.66,15.35,49.89,108.85,33.33,69.64,1003.02,3.2,23.98,0
2018-10-08 07:00:00,6.23,8.9,78.53,193.23,22.31,52.22,1010.25,4.36,97.24,1
2018-10-08 08:00:00,3.63,12.58,45.92,107.14,35.29,54.85,1020.43,7.31,48.21,0
2018-10-08 09:00:00,9.76,24.53,179.92,223.94,34.67,86.1,1005.66,10.19,100.0,1
2018-10-08 10:00:00,7.69,26.03,67.78,134.16,30.19,72.32,1010.53,1.45,59.53,0
2018-10-08 11:00:00,11.8,24.42,64.07,220.51,33.22,90.22,1012.04,2.66,83.75,0
2018-10-08 12:00:00,11.52,28.54,54.31,187.74,25.11,58.1,1011.18,11.1,68.94,0
2018-10-08 13:00:00,2.36,9.97,56.33,116.21,20.19,38.23,1004.94,0.82,65.08,0
2018-10-08 14:00:00,0.11,30.68,98.81,131.54,25.12,66.87,1006.1,12.35,58.72,0
2018-10-08 15:00:00,2.15,28.36,65.13,192.92,34.54,70.14,1009.47,7.04,45.18,0
2018-10-08 16:00:00,6.19,8.43,72.23,195.94,34.95,72.74,1018.35,6.95,63.01,1
2018-10-08 17:00:00,3.64,9.21,45.68,119.61,21.49,61.1,1017.42,8.04,54.07,0
2018-10-08 18:00:00,3.48,26.78,37.01,69.36,21.41,50.82,1005.99,4.98,68.31,0
2018-10-08 19:00:00,2.0,18.24,26.56,159.92,23.1,63.42,1018.77,14.98,26.28,0
2018-10-08 20:00:00,7.02,22.65,75.47,158.01,17.34,69.49,1019.08,1.48,66.85,0
2018-10-08 21:00:00,7.95,22.1,59.6,140.28,24.64,68.08,1013.14,12.54,64.62,1
2018-10-08 22:00:00,8.08,35.48,102.04,288.99,30.65,65.98,1006.41,6.56,79.19,1
2018-10-08 23:00:00,11.58,27.45,81.58,164.65,11.47,78.12,1010.48,21.04,81.44,0
2018-10-09 00:00:00,41.71,60.21,68.48,195.85,27.58,69.2,1018.45,1.71,99.08,1
2018-10-09 01:00:00,0.08,14.53,37.3,202.89,35.79,60.64,1006.05,3.11,52.99,0
2018-10-09 02:00:00,7.76,13.81,29.14,85.19,33.01,70.61,1009.92,3.29,7.95,0
2018-10-09 03:00:00,9.18,33.58,65.88,105.83,30.19,63.29,1012.71,2.89,68.94,0
2018-10-09 04:00:00,2.16,12.16,42.3,137.18,28.59,71.45,1009.77,9.71,59.58,0
2018-10-09 05:00:00,3.91,13.83,21.29,259.39,34.23,53.04,1003.83,7.24,20.77,0
2018-10-09 06:00:00,2.81,14.37,35.43,110.36,30.77,49.94,1005.98,28.09,42.73,1
2018-10-09 07:00:00,8.21,12.66,33.79,75.11,26.49,60.88,1004.97,8.8,24.57,1
2018-10-09 08:00:00,12.66,57.64,101.86,147.57,33.15,52.76,1007.21,13.59,99.07,1
2018-10-09 09:00:00,1.12,24.34,55.52,117.59,20.5,68.42,1020.07,0.52,69.52,0
2018-10-09 10:00:00,7.11,12.79,31.46,106.01,32.36,70.95,1018.82,4.01,33.22,0
2018-10-09 11:00:00,14.9,50.84,67.16,180.32,31.01,91.23,1010.83,25.15,65.83,0
2018-10-09 12:00:00,2.36,11.01,18.29,119.89,29.1,68.51,1015.6,5.31,17.38,0
2018-10-09 13:00:00,1.72,11.6,64.29,237.22,28.52,84.61,1011.63,5.92,29.73,0
2018-10-09 14:00:00,1.48,10.05,63.71,143.09,37.25,69.45,1009.81,2.65,66.38,0
2018-10-09 15:00:00,1.84,33.47,104.18,212.5,33.96,87.72,1009.54,5.08,57.13,0
2018-10-09 16:00:00,20.56,48.72,68.84,251.46,35.55,69.28,1008.98,8.47,40.92,0
2018-10-09 17:00:00,24.4,36.22,121.1,208.62,30.68,90.98,1002.4,1.89,84.05,1
2018-10-09 18:00:00,16.5,29.08,82.4,94.52,34.32,48.22,1010.27,14.01,58.16,1
2018-10-09 19:00:00,3.56,26.11,84.07,154.01,30.47,58.99,1006.06,9.06,33.51,0
2018-10-09 20:00:00,17.02,39.13,63.64,140.45,27.22,62.73,1008.19,11.77,49.97,1
2018-10-09 21:00:00,1.37,14.52,37.76,80.34,32.34,70.62,1013.98,3.85,33.96,0
2018-10-09 22:00:00,9.97,23.42,72.34,99.0,26.54,75.26,1002.5,16.47,71.36,0
2018-10-09 23:00:00,2.61,26.09,98.43,129.38,34.49,63.31,1003.99,4.21,96.01,0
2018-10-10 00:00:00,1.14,4.05,89.14,275.11,21.35,56.87,1009.83,6.77,81.38,0
2018-10-10 01:00:00,6.91,24.54,102.0,219.15,26.65,72.04,1003.5,7.55,62.67,0
2018-10-10 02:00:00,7.06,23.9,67.44,95.68,24.28,62.43,1007.42,4.23,66.79,0
2018-10-10 03:00:00,7.71,39.5,51.19,111.79,40.87,60.15,1015.48,7.97,59.82,0
2018-10-10 04:00:00,8.53,27.3,28.74,37.84,24.44,57.4,1010.59,7.88,32.28,0
2018-10-10 05:00:00,6.59,26.81,83.01,150.33,27.72,67.61,1006.32,10.36,56.64,0
2018-10-10 06:00:00,4.31,12.13,28.37,52.49,16.68,69.78,1015.92,3.64,14.11,0
2018-10-10 07:00:00,5.16,13.44,117.43,275.07,37.45,85.11,1000.21,7.75,65.79,1
2018-10-10 08:00:00,10.09,27.43,103.1,299.55,23.57,69.16,1002.1,8.53,78.06,1
2018-10-10 09:00:00,6.36,8.07,41.27,243.61,36.29,58.55,1004.66,10.98,52.23,0
2018-10-10 10:00:00,2.95,13.39,49.22,86.72,22.29,71.81,1007.86,23.18,50.43,0
2018-10-10 11:00:00,2.12,6.87,56.46,83.71,22.68,67.89,1003.15,20.5,64.95,0
2018-10-10 12:00:00,5.12,13.75,48.75,112.6,32.6,73.07,1020.49,12.36,38.34,0
2018-10-10 13:00:00,14.85,17.05,68.85,131.45,19.52,72.41,997.59,8.11,45.04,0
2018-10-10 14:00:00,8.64,13.91,46.64,60.51,30.39,63.09,1013.43,10.05,47.79,0
2018-10-10 15:00:00,15.5,44.99,68.07,114.22,23.84,69.29,1008.56,3.02,69.01,0
2018-10-10 16:00:00,3.49,8.42,24.74,92.56,39.9,40.51,1012.42,3.73,26.54,0
2018-10-10 17:00:00,5.92,12.52,36.63,60.78,37.96,55.32,1008.84,8.91,20.43,0
2018-10-10 18:00:00,6.79,16.0,54.17,91.54,35.01,79.48,1009.93,3.7,68.0,0
2018-10-10 19:00:00,10.5,30.83,46.02,135.6,40.86,73.7,1006.4,9.86,37.31,0
2018-10-10 20:00:00,3.5,15.07,76.65,164.86,24.63,66.26,1016.22,14.76,79.5,0
2018-10-10 21:00:00,8.62,11.67,50.02,190.14,32.34,52.9,1004.65,6.18,57.54,0
2018-10-10 22:00:00,14.16,16.07,43.79,58.42,22.85,69.46,1010.65,2.65,37.84,0
2018-10-10 23:00:00,4.56,14.96,29.57,109.79,32.86,40.97,1023.9,14.91,26.6,0
2018-10-11 00:00:00,1.81,13.2,78.71,192.06,29.92,73.96,1014.16,23.45,63.31,0
2018-10-11 01:00:00,14.56,39.08,121.66,311.53,21.26,77.4,1002.55,22.2,50.05,1
2018-10-11 02:00:00,9.34,14.76,17.89,75.56,27.73,55.49,1018.74,21.65,55.74,0
2018-10-11 03:00:00,0.79,35.09,71.32,139.59,28.58,78.41,1012.07,19.81,61.92,0
2018-10-11 04:00:00,4.67,7.75,81.09,138.17,28.4,78.64,1007.88,7.69,76.22,0
2018-10-11 05:00:00,21.55,24.67,74.64,150.21,37.9,76.15,1014.36,8.03,40.32,0
2018-10-11 06:00:00,8.02,18.17,26.56,172.4,22.16,75.36,1018.67,3.81,59.45,0
2018-10-11 07:00:00,5.11,29.08,55.55,188.27,24.3,59.45,1007.36,23.29,42.53,1
2018-10-11 08:00:00,1.53,17.11,30.3,72.26,11.69,55.1,1009.61,4.22,33.41,0
2018-10-11 09:00:00,1.52,6.76,21.77,92.83,31.72,59.58,1009.71,3.88,31.73,0
2018-10-11 10:00:00,9.95,56.3,90.19,146.61,32.51,89.28,1012.64,1.26,55.69,0
2018-10-11 11:00:00,1.71,16.78,62.73,117.24,32.85,49.85,1015.21,2.72,44.83,0
2018-10-11 12:00:00,6.84,22.98,43.83,150.57,27.8,57.6,1014.64,0.78,60.94,0
2018-10-11 13:00:00,4.54,26.93,58.52,116.4,23.94,59.35,1006.1,12.11,65.45,0
2018-10-11 14:00:00,6.46,23.01,68.9,177.81,21.43,72.36,1020.04,7.25,61.79,1
2018-10-11 15:00:00,4.16,13.01,21.64,80.88,31.11,47.45,1008.1,7.37,16.06,0
2018-10-11 16:00:00,7.69,45.32,60.17,111.17,23.47,66.5,1012.22,1.88,45.93,0
2018-10-11 17:00:00,11.52,43.6,60.71,129.96,18.8,83.05,1009.97,5.43,56.92,1
2018-10-11 18:00:00,4.23,46.18,70.65,332.6,33.71,55.36,1005.25,6.23,63.36,0
2018-10-11 19:00:00,10.68,20.35,47.22,85.71,25.99,54.87,1012.56,2.58,58.07,0
2018-10-11 20:00:00,16.05,52.7,87.22,132.88,28.93,71.97,1010.32,13.79,50.02,1
2018-10-11 21:00:00,6.79,11.78,32.7,52.76,10.0,70.05,1015.37,10.41,40.33,0
2018-10-11 22:00:00,9.73,23.07,71.3,120.9,27.77,69.73,1010.32,12.69,81.78,1
2018-10-11 23:00:00,1.14,23.04,45.37,62.27,26.7,72.75,1012.57,12.48,47.67,0
2018-10-12 00:00:00,4.32,8.27,20.04,37.41,38.23,68.05,1021.34,6.75,44.65,0
2018-10-12 01:00:00,0.65,40.64,59.63,154.45,26.64,54.4,1009.99,17.2,38.38,0
2018-10-12 02:00:00,2.88,11.77,24.9,142.39,11.33,58.06,1003.91,5.67,44.74,0
2018-10-12 03:00:00,4.38,37.42,41.54,254.67,26.68,42.43,1016.2,5.38,40.81,0
2018-10-12 04:00:00,23.02,27.38,124.27,163.76,28.04,82.64,1012.99,3.45,59.25,0
2018-10-12 05:00:00,2.15,15.27,19.32,57.56,35.23,79.78,1005.31,13.23,69.59,0
2018-10-12 06:00:00,4.88,12.38,35.81,186.71,27.73,55.55,1005.62,11.72,45.7,0
2018-10-12 07:00:00,1.71,9.26,40.46,120.26,25.56,59.13,1009.06,11.16,64.05,0
2018-10-12 08:00:00,4.01,8.88,39.24,79.83,27.17,55.03,1007.0,5.75,54.4,0
2018-10-12 09:00:00,7.81,12.35,15.9,135.87,44.21,72.77,1010.68,16.47,11.0,0
2018-10-12 10:00:00,8.96,14.4,48.11,121.73,30.88,70.09,1009.81,4.74,39.47,0
2018-10-12 11:00:00,3.48,8.76,74.1,146.17,26.34,65.37,1009.91,14.56,61.44,0
2018-10-12 12:00:00,2.54,30.88,39.43,219.55,33.79,48.37,1017.97,12.44,87.12,0
2018-10-12 13:00:00,17.76,48.97,82.11,181.12,21.43,66.98,1020.6,3.17,70.24,0
2018-10-12 14:00:00,3.21,6.97,40.67,141.72,23.65,51.69,1005.3,6.34,24.16,0
2018-10-12 15:00:00,0.19,11.06,39.18,158.49,24.83,61.01,1012.18,11.38,27.13,0
2018-10-12 16:00:00,14.23,42.15,148.04,219.32,17.74,83.09,1013.3,7.35,100.0,1
2018-10-12 17:00:00,0.31,20.43,47.96,165.97,33.71,55.03,1017.5,38.66,40.65,0
2018-10-12 18:00:00,14.24,24.48,44.04,229.76,23.4,59.03,1004.21,12.92,33.96,0
2018-10-12 19:00:00,0.68,8.43,14.83,87.1,28.72,67.5,1012.49,6.35,29.29,0
2018-10-12 20:00:00,0.92,4.75,76.58,169.41,24.67,62.46,1014.91,3.42,99.39,0
2018-10-12 21:00:00,1.32,39.88,52.83,94.06,29.9,80.35,1006.96,21.23,51.83,0
2018-10-12 22:00:00,2.93,19.27,56.21,103.17,39.12,70.33,1007.92,20.26,69.15,0
2018-10-12 23:00:00,14.36,28.66,105.81,170.44,25.91,77.54,1013.96,15.46,86.25,1
2018-10-13 00:00:00,1.37,7.55,50.83,118.66,25.17,68.92,1008.86,0.25,39.33,0
2018-10-13 01:00:00,7.79,20.09,28.04,50.31,20.6,37.79,1015.05,9.96,31.6,0
2018-10-13 02:00:00,6.32,34.54,84.54,277.4,26.29,79.61,1018.57,10.06,77.55,1
2018-10-13 03:00:00,5.33,8.76,27.28,149.97,16.83,71.64,1013.16,5.87,0.0,0
2018-10-13 04:00:00,12.23,18.31,65.6,152.52,36.51,72.29,1008.99,11.27,42.29,0
2018-10-13 05:00:00,5.77,9.95,106.32,145.94,24.14,60.27,1012.58,6.26,63.28,0
2018-10-13 06:00:00,6.2,39.49,83.93,174.96,22.41,74.69,1012.24,4.89,74.54,0
2018-10-13 07:00:00,9.65,12.94,42.78,103.52,26.89,52.38,1009.04,15.76,33.62,0
2018-10-13 08:00:00,3.05,18.8,20.94,127.18,31.77,65.9,1012.76,3.57,23.6,0
2018-10-13 09:00:00,4.93,9.15,25.83,57.09,26.49,65.78,1016.04,6.28,37.33,0
2018-10-13 10:00:00,6.78,21.34,33.68,190.42,34.52,57.41,1013.17,11.27,9.56,0
2018-10-13 11:00:00,11.26,15.35,59.3,126.53,25.3,68.2,1006.52,5.12,25.92,0
2018-10-13 12:00:00,4.32,12.63,86.73,236.68,23.32,73.68,1014.06,18.2,80.05,0
2018-10-13 13:00:00,4.84,41.73,82.56,363.79,27.61,82.68,1009.1,13.55,56.76,0
2018-10-13 14:00:00,7.62,25.68,58.99,98.34,27.01,70.52,1009.37,9.31,26.81,0
2018-10-13 15:00:00,4.4,18.39,51.39,117.98,33.4,54.59,1003.07,13.9,53.84,0
2018-10-13 16:00:00,2.22,19.38,48.31,79.94,32.77,46.13,1018.1,5.18,42.39,0
2018-10-13 17:00:00,9.64,48.59,117.22,164.83,25.18,89.93,1011.64,0.44,100.0,1
2018-10-13 18:00:00,5.8,20.5,72.86,157.33,18.71,55.01,1008.51,8.13,65.31,0
2018-10-13 19:00:00,3.31,30.26,112.48,139.41,31.45,63.72,1012.24,11.32,63.28,0
2018-10-13 20:00:00,1.31,28.84,105.78,282.04,20.74,69.5,1014.89,7.14,69.77,0
2018-10-13 21:00:00,0.32,25.4,142.29,196.93,27.35,76.24,1012.46,5.53,100.0,0
2018-10-13 22:00:00,7.98,65.03,124.17,228.75,30.93,61.65,1006.97,2.64,98.06,0
2018-10-13 23:00:00,2.16,22.69,75.97,261.51,38.75,69.34,1005.6,10.25,76.06,0
2018-10-14 00:00:00,0.61,26.38,56.6,86.64,40.91,52.76,1008.24,10.86,40.56,1
2018-10-14 01:00:00,1.85,10.3,44.43,155.75,30.43,66.96,1013.24,1.95,55.83,0
2018-10-14 02:00:00,6.75,19.93,83.55,209.65,16.26,74.97,1003.62,7.13,99.95,0
2018-10-14 03:00:00,2.13,14.82,39.71,68.58,21.36,73.19,1020.63,8.18,57.09,0
2018-10-14 04:00:00,6.87,12.92,83.55,117.94,27.03,74.63,1011.71,18.06,75.69,1
2018-10-14 05:00:00,2.71,9.36,39.33,124.97,25.88,68.58,1017.01,16.04,36.0,0
2018-10-14 06:00:00,4.9,17.43,53.02,227.71,28.66,49.78,1006.69,21.08,62.78,0
2018-10-14 07:00:00,5.33,20.57,112.45,248.63,28.76,67.02,1009.86,5.74,59.49,0
2018-10-14 08:00:00,9.19,47.19,101.36,145.51,20.96,71.72,1006.54,9.35,78.29,1
2018-10-14 09:00:00,9.45,15.49,51.93,173.9,31.53,72.94,1002.15,14.32,34.16,0
2018-10-14 10:00:00,5.06,10.8,118.9,299.18,22.58,75.92,1011.87,10.71,76.82,1
2018-10-14 11:00:00,1.63,5.16,26.07,75.52,28.93,56.96,1018.42,14.25,45.69,0
2018-10-14 12:00:00,13.36,36.09,53.37,107.17,38.68,70.46,1023.05,4.02,13.68,0
2018-10-14 13:00:00,3.24,47.14,63.6,87.2,22.14,47.28,1012.27,23.02,34.45,0
2018-10-14 14:00:00,6.51,18.49,58.28,97.31,28.87,55.26,1008.9,19.89,42.22,0
2018-10-14 15:00:00,6.76,22.55,57.38,139.29,25.65,67.11,1015.52,6.49,12.2,0
2018-10-14 16:00:00,3.38,15.56,60.29,109.96,22.07,66.2,1007.36,8.51,55.23,0
2018-10-14 17:00:00,0.68,21.87,28.7,51.2,28.71,64.89,1009.06,16.12,27.01,0
2018-10-14 18:00:00,0.47,5.45,12.97,62.41,23.47,59.99,1012.19,4.28,37.39,0
2018-10-14 19:00:00,3.66,21.76,39.01,278.15,32.62,66.0,1007.05,2.24,45.18,0
2018-10-14 20:00:00,1.42,13.59,53.46,232.14,31.74,58.81,1006.74,8.38,45.26,0
2018-10-14 21:00:00,11.23,34.54,59.02,157.88,37.85,78.97,1018.57,8.63,40.01,0
2018-10-14 22:00:00,3.51,26.24,38.82,132.85,32.53,51.42,1007.26,3.23,59.11,0
2018-10-14 23:00:00,3.06,19.69,34.99,207.06,31.83,58.91,1014.66,2.47,47.9,0
2018-10-15 00:00:00,21.17,31.85,87.43,188.48,16.47,71.06,1005.76,0.95,85.46,0
2018-10-15 01:00:00,4.85,11.1,93.42,175.12,33.28,78.19,1008.98,4.79,68.24,0
2018-10-15 02:00:00,0.34,22.72,48.8,160.2,32.48,54.46,1013.08,14.59,39.57,0
2018-10-15 03:00:00,14.52,28.04,40.99,84.86,23.74,61.54,1012.14,1.07,34.62,0
2018-10-15 04:00:00,0.59,13.88,55.21,138.04,38.32,75.35,1006.88,5.35,77.65,0
2018-10-15 05:00:00,7.02,16.38,116.4,208.39,33.37,75.9,1013.39,15.2,100.0,1
2018-10-15 06:00:00,6.12,40.13,76.92,144.36,29.26,70.5,1010.93,5.81,66.41,1
2018-10-15 07:00:00,0.33,35.38,74.42,159.91,32.33,64.57,1001.88,7.1,38.83,1
2018-10-15 08:00:00,7.07,17.05,47.71,106.24,30.72,63.61,1015.89,7.7,49.41,0
2018-10-15 09:00:00,2.7,9.73,56.93,92.86,29.13,64.96,1011.38,16.23,56.42,0
2018-10-15 10:00:00,8.36,19.08,58.17,110.28,26.92,69.58,1010.16,3.31,66.75,1
2018-10-15 11:00:00,2.49,10.03,15.96,103.75,35.09,45.55,1013.74,1.29,11.58,0
2018-10-15 12:00:00,7.09,24.9,71.25,152.52,19.88,66.45,1002.1,23.67,65.59,0
2018-10-15 13:00:00,4.38,17.55,54.62,142.67,29.17,66.23,1007.03,20.96,100.0,1
2018-10-15 14:00:00,7.07,28.71,42.73,107.56,36.44,70.69,1012.39,13.13,24.86,0
2018-10-15 15:00:00,8.23,18.31,38.3,57.06,28.7,68.58,1006.67,0.93,51.78,0
2018-10-15 16:00:00,3.9,63.81,72.77,177.88,32.51,82.06,1013.95,19.5,71.12,0
2018-10-15 17:00:00,3.25,6.97,58.36,132.08,28.03,65.74,1004.57,0.94,35.16,1
2018-10-15 18:00:00,8.03,20.85,81.52,187.16,22.33,56.65,1009.34,7.49,75.8,0
2018-10-15 19:00:00,2.74,54.95,96.46,180.34,33.18,71.62,1016.46,6.31,72.81,0
2018-10-15 20:00:00,3.99,25.84,51.07,103.37,36.34,47.99,1006.87,4.16,57.93,0
2018-10-15 21:00:00,16.88,28.29,62.43,139.67,24.86,49.96,1010.88,8.33,51.61,0
2018-10-15 22:00:00,4.91,22.01,62.79,320.34,31.13,59.94,1006.22,11.01,59.47,1
2018-10-15 23:00:00,9.45,13.97,54.18,198.4,29.65,67.09,1003.38,21.98,54.93,1
2018-10-16 00:00:00,2.28,15.72,70.61,163.95,25.91,56.99,1013.6,12.76,55.11,0
2018-10-16 01:00:00,7.0,11.43,32.17,349.22,34.53,74.09,1011.62,10.98,34.14,0
2018-10-16 02:00:00,4.1,6.55,43.52,90.11,26.64,65.05,1011.83,3.67,42.68,0
2018-10-16 03:00:00,3.35,35.85,52.76,117.27,22.18,76.89,1012.64,3.33,43.51,0
2018-10-16 04:00:00,0.28,8.16,59.57,141.01,25.93,83.11,1006.74,7.94,47.69,0
2018-10-16 05:00:00,1.45,5.58,23.83,61.91,27.09,69.16,1006.12,14.01,12.07,0
2018-10-16 06:00:00,1.76,11.99,120.19,344.72,24.21,71.82,1009.71,14.23,75.15,0
2018-10-16 07:00:00,3.74,24.6,59.29,296.83,24.9,55.16,1018.32,16.35,28.68,0
2018-10-16 08:00:00,3.84,8.3,33.29,152.31,21.48,51.52,1013.43,28.84,53.98,0
2018-10-16 09:00:00,10.24,19.01,40.45,56.91,26.24,63.65,1004.51,3.22,49.27,0
2018-10-16 10:00:00,3.85,26.59,60.89,85.93,28.95,61.54,1025.56,5.24,60.91,0
2018-10-16 11:00:00,7.54,21.49,114.24,210.71,22.88,65.19,1002.82,6.78,75.29,1
2018-10-16 12:00:00,4.18,37.3,51.77,231.14,21.87,70.24,1002.03,3.47,34.89,0
2018-10-16 13:00:00,10.89,33.88,85.94,143.99,22.26,75.56,1018.79,26.84,60.28,0
2018-10-16 14:00:00,2.94,22.17,39.63,142.53,27.11,52.91,1007.55,22.99,30.33,0
2018-10-16 15:00:00,1.3,23.73,36.33,202.58,25.04,55.95,1009.25,9.68,14.12,1
2018-10-16 16:00:00,7.55,11.14,56.05,100.34,18.74,50.34,1016.84,3.71,50.26,1
2018-10-16 17:00:00,7.79,20.48,46.13,203.19,20.84,64.13,1019.73,18.02,35.51,0
2018-10-16 18:00:00,5.0,52.3,84.88,149.64,27.34,65.7,1009.12,7.23,67.27,0
2018-10-16 19:00:00,4.21,13.68,56.04,126.23,25.72,74.88,1014.75,25.71,35.97,0
2018-10-16 20:00:00,7.86,20.72,113.46,206.35,27.33,75.22,1018.09,4.71,61.57,0
2018-10-16 21:00:00,1.25,9.26,60.13,96.25,36.49,58.12,1004.99,9.4,52.77,0
2018-10-16 22:00:00,6.72,14.67,40.28,147.69,29.26,62.31,1013.04,7.85,10.76,0
2018-10-16 23:00:00,17.64,42.39,97.32,146.65,17.56,69.43,1007.67,3.28,89.89,0
2018-10-17 00:00:00,2.36,48.3,59.35,99.66,24.32,57.91,1004.88,9.4,54.23,1
2018-10-17 01:00:00,3.8,39.9,68.8,130.62,29.74,65.7,1015.24,14.83,51.0,1
2018-10-17 02:00:00,14.01,16.17,38.94,72.18,24.1,48.53,1017.62,14.26,38.87,0
2018-10-17 03:00:00,5.01,17.22,138.07,175.36,22.35,81.04,1011.37,6.07,100.0,0
2018-10-17 04:00:00,10.11,19.75,36.88,165.43,32.81,63.59,1014.59,4.23,37.83,1
2018-10-17 05:00:00,7.1,11.99,62.51,164.43,25.51,76.63,1009.43,14.63,55.01,0
2018-10-17 06:00:00,7.65,33.14,54.79,125.24,23.02,66.22,1012.69,12.99,38.98,0
2018-10-17 07:00:00,2.21,12.43,28.68,68.38,23.08,49.96,1014.8,5.24,56.66,0
2018-10-17 08:00:00,2.13,7.6,26.52,140.67,37.07,28.78,1023.79,19.69,40.22,0
2018-10-17 09:00:00,8.98,26.18,62.73,216.38,21.53,54.98,1002.73,8.47,73.95,1
2018-10-17 10:00:00,0.79,5.21,36.73,362.19,26.69,64.57,1008.67,5.14,9.66,1
2018-10-17 11:00:00,3.98,33.56,59.01,221.14,27.02,77.58,1009.98,5.04,35.56,0
2018-10-17 12:00:00,7.86,39.03,101.34,159.72,31.59,73.97,1011.85,10.97,76.12,1
2018-10-17 13:00:00,3.78,25.89,53.4,88.42,23.35,56.16,1018.57,2.56,60.88,0
2018-10-17 14:00:00,4.25,22.91,81.95,155.78,23.18,71.94,1015.24,20.68,80.58,0
2018-10-17 15:00:00,10.55,22.67,55.83,209.09,32.25,40.68,1009.59,13.1,50.57,0
2018-10-17 16:00:00,15.43,31.81,45.89,104.09,41.45,63.47,1014.61,12.22,32.16,0
2018-10-17 17:00:00,29.43,41.31,76.92,98.3,24.7,74.67,1009.74,14.44,49.5,1
2018-10-17 18:00:00,14.36,17.78,53.13,156.52,24.33,56.53,1012.42,5.94,69.63,0
2018-10-17 19:00:00,2.99,24.34,161.14,222.22,41.48,93.69,1012.52,6.93,100.0,0
2018-10-17 20:00:00,1.78,36.0,112.78,151.76,25.84,89.34,995.76,3.68,97.12,1
2018-10-17 21:00:00,3.04,11.06,97.02,262.12,26.05,78.05,1008.26,8.09,100.0,0
2018-10-17 22:00:00,7.98,31.99,63.45,104.53,28.99,70.12,1005.9,4.93,8.68,0
2018-10-17 23:00:00,3.39,16.54,37.95,94.88,30.24,27.03,1007.26,3.4,25.37,0
2018-10-18 00:00:00,2.31,10.88,38.78,89.9,29.36,64.98,1008.58,19.31,22.51,0
2018-10-18 01:00:00,16.99,18.62,45.31,67.69,33.29,72.79,1002.06,3.73,12.96,0
2018-10-18 02:00:00,3.27,25.13,85.37,154.44,20.32,69.12,1016.43,11.96,73.9,1
2018-10-18 03:00:00,7.43,26.21,48.71,68.87,26.74,71.91,1024.06,11.15,29.25,1
2018-10-18 04:00:00,7.25,12.62,68.07,101.89,33.98,68.64,1011.58,2.88,47.07,0
2018-10-18 05:00:00,0.29,10.97,77.42,116.32,15.36,69.37,1018.38,14.29,62.08,1
2018-10-18 06:00:00,16.16,29.23,76.37,103.47,20.76,73.57,1007.06,2.65,61.83,1
2018-10-18 07:00:00,1.15,18.15,30.01,128.51,31.89,58.52,1018.61,13.23,59.23,0
2018-10-18 08:00:00,0.67,28.19,73.24,157.71,28.46,60.53,1008.13,11.83,66.51,0
2018-10-18 09:00:00,2.88,14.42,25.16,130.83,24.44,56.99,1009.26,10.01,1.35,0
2018-10-18 10:00:00,1.81,4.7,39.49,62.92,29.73,58.57,1012.44,26.36,31.15,0
2018-10-18 11:00:00,14.12,27.69,56.13,191.45,30.42,68.91,1020.12,9.31,38.11,0
2018-10-18 12:00:00,6.3,15.77,64.65,203.7,23.11,57.69,1016.53,7.89,84.29,1
2018-10-18 13:00:00,2.58,9.46,33.72,182.53,27.58,72.68,1019.18,6.66,60.16,0
2018-10-18 14:00:00,0.62,25.25,47.33,125.29,21.53,66.75,1004.22,25.76,44.49,0
2018-10-18 15:00:00,7.01,13.26,37.79,112.01,34.34,73.78,1006.2,5.2,29.27,0
2018-10-18 16:00:00,3.61,7.63,33.68,138.92,19.42,58.54,1009.4,9.14,44.88,0
2018-10-18 17:00:00,7.91,16.81,27.32,188.23,27.29,46.67,1019.47,3.42,42.19,0
2018-10-18 18:00:00,6.34,19.19,87.61,161.15,32.36,58.45,1013.43,6.8,66.26,0
2018-10-18 19:00:00,1.88,16.1,43.38,107.42,39.01,56.32,1002.57,6.47,6.07,0
2018-10-18 20:00:00,8.85,38.73,94.24,183.11,26.94,61.37,1008.33,5.6,64.42,0
2018-10-18 21:00:00,0.96,8.53,52.63,126.73,43.13,48.79,1007.82,8.79,40.18,0
2018-10-18 22:00:00,3.44,25.45,53.69,72.5,21.75,66.53,1010.45,13.17,38.76,0
2018-10-18 23:00:00,3.97,12.88,36.22,102.45,31.23,64.9,1023.1,9.26,13.85,0
2018-10-19 00:00:00,4.55,6.5,16.26,95.95,24.16,55.68,1011.48,13.15,41.49,0
2018-10-19 01:00:00,0.88,28.81,49.19,146.78,37.02,77.88,1009.3,1.9,46.56,0
2018-10-19 02:00:00,13.54,16.94,29.12,128.82,27.51,59.96,1006.11,5.78,24.86,0
2018-10-19 03:00:00,1.88,17.61,32.89,118.29,22.33,57.63,1016.05,10.62,17.29,0
2018-10-19 04:00:00,6.53,10.34,64.98,187.73,34.82,63.73,1010.11,12.62,44.6,0
2018-10-19 05:00:00,22.01,40.1,63.71,280.45,25.59,73.96,1006.49,12.34,59.03,1
2018-10-19 06:00:00,0.29,5.03,23.42,95.36,20.85,45.58,1015.44,9.5,49.9,0
2018-10-19 07:00:00,10.67,13.41,37.7,136.59,26.23,43.45,1009.87,3.92,58.26,0
2018-10-19 08:00:00,4.88,15.73,27.82,201.01,33.55,62.13,1010.98,10.78,21.15,0
2018-10-19 09:00:00,0.93,2.2,15.73,86.92,27.18,59.94,1007.33,9.51,66.28,0
2018-10-19 10:00:00,3.93,15.58,74.93,156.54,25.84,74.4,1000.73,5.86,95.89,0
2018-10-19 11:00:00,17.95,39.88,120.94,138.93,27.98,76.51,1012.81,9.65,66.47,0
2018-10-19 12:00:00,14.77,61.75,93.59,157.42,14.77,89.44,1011.74,6.28,54.7,0
2018-10-19 13:00:00,33.75,48.53,55.16,146.69,43.73,73.17,1012.59,3.71,47.79,1
2018-10-19 14:00:00,9.21,21.52,99.14,186.78,27.69,49.84,1008.81,12.81,91.38,0
2018-10-19 15:00:00,2.78,31.47,134.57,209.46,33.3,65.5,1005.45,5.36,100.0,0
2018-10-19 16:00:00,10.5,14.86,54.67,112.99,36.22,46.16,1011.56,3.42,56.7,0
2018-10-19 17:00:00,2.14,8.47,27.89,118.2,22.07,60.8,1015.41,5.82,46.42,0
2018-10-19 18:00:00,4.29,25.83,81.31,237.66,20.94,71.54,1012.07,3.77,66.42,0
2018-10-19 19:00:00,2.16,10.87,41.47,101.6,36.75,79.56,1008.0,5.14,48.67,0
2018-10-19 20:00:00,9.18,19.32,70.73,106.38,23.48,60.34,1015.33,3.74,65.66,0
2018-10-19 21:00:00,8.47,21.95,30.38,180.31,25.83,51.49,1012.2,5.1,27.4,0
2018-10-19 22:00:00,2.4,7.3,29.94,124.27,23.79,62.92,1012.11,10.77,69.78,0
2018-10-19 23:00:00,12.65,15.48,27.15,59.45,11.48,49.58,1009.28,2.04,51.77,0
2018-10-20 00:00:00,16.13,22.12,37.53,150.96,26.72,59.21,1009.38,6.17,53.49,0
2018-10-20 01:00:00,2.81,12.26,20.33,144.22,27.56,67.89,1013.32,7.13,27.56,0
2018-10-20 02:00:00,7.13,25.23,40.73,69.55,33.85,70.1,1004.9,29.67,33.33,0
2018-10-20 03:00:00,16.95,29.66,97.29,203.14,25.47,83.16,1007.53,31.06,49.0,1
2018-10-20 04:00:00,6.56,27.57,44.72,182.7,24.58,49.99,1008.75,10.0,40.4,0
2018-10-20 05:00:00,3.45,16.01,23.88,65.99,30.92,64.88,1011.13,20.92,36.72,0
2018-10-20 06:00:00,4.47,27.77,44.75,103.09,32.88,63.15,1012.81,8.04,26.17,0
2018-10-20 07:00:00,2.77,13.0,21.5,171.91,21.53,82.55,1005.26,11.13,25.9,0
2018-10-20 08:00:00,12.98,14.44,47.25,179.69,17.03,70.7,1019.77,19.34,40.4,0
2018-10-20 09:00:00,11.67,19.11,36.64,103.77,40.22,61.67,1011.54,6.77,51.55,0
2018-10-20 10:00:00,2.08,15.84,42.24,149.51,36.54,72.89,1014.38,11.86,53.63,1
2018-10-20 11:00:00,2.58,22.16,41.71,101.22,24.24,68.34,1016.24,23.07,30.81,1
2018-10-20 12:00:00,0.68,8.79,35.09,187.77,26.1,68.93,1020.92,9.11,33.82,0
2018-10-20 13:00:00,8.04,22.95,30.43,60.72,27.69,65.6,1012.75,10.12,29.55,0
2018-10-20 14:00:00,1.19,10.25,26.45,55.12,23.17,56.01,1007.56,13.19,19.05,0
2018-10-20 15:00:00,24.42,30.83,75.85,166.82,24.65,64.82,1004.06,6.07,53.96,0
2018-10-20 16:00:00,1.81,21.4,69.2,150.05,27.22,74.5,1012.84,11.82,61.47,1
2018-10-20 17:00:00,0.25,17.17,44.68,373.51,20.06,56.85,1009.69,2.24,21.28,0
2018-10-20 18:00:00,1.13,58.51,87.56,189.33,40.76,72.58,1018.13,24.84,75.38,1
2018-10-20 19:00:00,6.37,14.49,20.19,57.18,18.59,63.75,1008.72,2.18,16.61,0
2018-10-20 20:00:00,4.4,35.08,74.16,129.41,16.31,62.72,1005.38,4.69,39.59,0
2018-10-20 21:00:00,1.76,5.15,72.27,119.08,32.86,72.58,1005.15,5.25,49.83,1
2018-10-20 22:00:00,4.18,34.88,43.44,86.82,25.69,63.21,1023.21,2.25,41.25,0
2018-10-20 23:00:00,2.46,15.24,68.06,160.3,30.22,63.54,1018.64,6.69,64.02,0
2018-10-21 00:00:00,7.86,17.32,25.63,92.72,27.88,67.43,1007.05,8.4,24.49,0
2018-10-21 01:00:00,1.26,18.24,50.52,108.54,25.78,51.6,1009.57,6.18,54.54,0
2018-10-21 02:00:00,5.54,23.46,30.71,212.82,27.35,47.98,1009.98,5.79,39.53,0
2018-10-21 03:00:00,5.77,33.89,43.47,127.87,30.11,63.39,1002.72,11.89,61.4,1
2018-10-21 04:00:00,4.55,10.16,25.31,31.68,34.15,48.44,1011.55,13.78,30.09,0
2018-10-21 05:00:00,7.03,10.38,23.52,169.59,23.73,72.23,1015.53,7.26,24.31,0
2018-10-21 06:00:00,4.13,21.19,83.8,354.71,30.48,66.86,1010.46,4.79,100.0,0
2018-10-21 07:00:00,9.09,25.38,59.36,97.78,25.33,51.84,1009.66,1.86,67.43,0
2018-10-21 08:00:00,4.54,32.34,46.04,205.89,25.87,61.8,1009.43,9.36,33.76,0
2018-10-21 09:00:00,13.46,22.13,67.36,100.03,23.05,85.04,1008.59,18.35,71.88,0
2018-10-21 10:00:00,5.51,12.8,63.31,82.09,26.28,57.67,1011.79,6.59,85.14,0
2018-10-21 11:00:00,12.76,29.46,69.93,107.55,21.13,61.49,1017.75,5.89,60.97,0
2018-10-21 12:00:00,2.51,15.85,52.55,123.14,21.63,70.11,1009.34,3.45,51.29,0
2018-10-21 13:00:00,1.47,20.75,57.65,173.25,22.87,79.52,1007.19,9.2,40.9,0
2018-10-21 14:00:00,9.03,15.94,28.98,74.92,15.45,50.33,1007.47,22.96,52.83,0
2018-10-21 15:00:00,4.63,35.13,67.15,115.95,22.66,59.59,1020.07,11.19,64.01,0
2018-10-21 16:00:00,0.1,16.01,78.9,154.41,25.12,53.79,1019.53,3.53,39.77,0
2018-10-21 17:00:00,2.02,29.35,118.24,183.79,29.85,76.17,1008.67,9.81,82.73,0
2018-10-21 18:00:00,6.4,17.67,46.65,242.53,20.2,65.93,1011.98,11.39,44.23,0
2018-10-21 19:00:00,4.23,10.83,29.43,127.05,27.64,69.47,1010.74,16.74,31.98,0
2018-10-21 20:00:00,1.92,19.37,34.19,103.08,29.91,65.49,1006.25,1.72,35.02,0
2018-10-21 21:00:00,4.59,25.64,85.36,249.45,26.35,71.47,1009.91,2.81,41.38,0
2018-10-21 22:00:00,5.37,8.24,23.13,180.72,28.85,61.82,1004.86,2.8,64.55,0
2018-10-21 23:00:00,0.41,44.59,70.16,138.3,28.99,73.66,1006.52,1.65,55.09,1
2018-10-22 00:00:00,12.47,19.7,44.9,207.05,25.8,51.32,1008.96,4.26,67.79,0
2018-10-22 01:00:00,14.9,29.31,78.66,213.63,24.12,71.76,1015.61,5.44,56.27,0
2018-10-22 02:00:00,2.01,22.26,60.95,184.83,28.71,49.41,1011.19,3.06,31.81,0
2018-10-22 03:00:00,21.43,34.67,137.3,175.44,21.8,91.19,1003.31,25.23,96.63,1
2018-10-22 04:00:00,4.27,18.15,56.07,125.99,15.39,83.19,1016.51,23.55,65.09,0
2018-10-22 05:00:00,2.3,16.45,77.52,160.85,23.75,63.18,1009.66,5.38,52.21,0
2018-10-22 06:00:00,2.22,4.06,25.17,86.77,24.62,62.75,1007.15,11.99,51.17,0
2018-10-22 07:00:00,20.31,35.15,73.27,149.84,28.55,76.34,1013.55,17.52,52.77,0
2018-10-22 08:00:00,1.3,9.84,73.39,167.73,28.31,83.84,1011.26,20.17,42.33,0
2018-10-22 09:00:00,5.49,32.41,90.47,109.42,24.18,70.04,998.69,16.19,74.44,1
2018-10-22 10:00:00,6.15,29.78,39.84,116.67,28.19,55.19,1012.4,15.65,62.87,0
2018-10-22 11:00:00,9.08,12.64,26.07,182.58,32.68,64.46,1008.65,5.25,65.45,0
2018-10-22 12:00:00,5.06,8.44,47.46,215.38,26.71,76.81,1007.21,5.05,25.03,0
2018-10-22 13:00:00,19.16,64.59,90.58,110.05,22.61,72.15,1008.24,12.42,59.53,0
2018-10-22 14:00:00,22.09,22.91,53.84,224.0,25.48,78.27,1001.96,22.85,40.94,0
2018-10-22 15:00:00,15.77,23.29,48.38,84.01,31.64,73.88,1010.11,2.81,39.66,0
2018-10-22 16:00:00,6.74,11.27,66.4,184.99,19.78,74.37,1012.02,3.79,59.03,0
2018-10-22 17:00:00,10.79,40.68,75.78,168.08,31.33,68.4,1006.18,6.57,95.22,0
2018-10-22 18:00:00,3.39,15.05,42.62,275.11,24.65,60.29,1010.03,12.11,77.37,1
2018-10-22 19:00:00,12.86,20.06,145.0,171.94,33.67,98.34,1008.13,12.85,100.0,1
2018-10-22 20:00:00,2.47,15.96,78.65,420.77,29.17,60.48,1012.58,13.88,78.61,0
2018-10-22 21:00:00,1.61,44.46,116.52,242.59,30.96,81.18,1011.99,7.3,82.9,1
2018-10-22 22:00:00,1.55,20.27,32.6,130.93,32.66,65.37,1008.75,15.52,19.88,0
2018-10-22 23:00:00,8.04,26.47,157.46,203.18,33.63,86.85,1006.11,8.25,76.65,1
2018-10-23 00:00:00,17.32,20.06,140.69,186.27,32.28,69.52,1000.37,11.17,100.0,0
2018-10-23 01:00:00,18.44,46.37,100.75,262.83,22.47,73.93,1006.19,12.22,76.88,1
2018-10-23 02:00:00,11.36,16.89,51.23,148.43,31.74,58.93,1017.78,8.44,76.29,1
2018-10-23 03:00:00,1.47,19.03,36.81,56.68,20.23,70.98,1006.78,3.05,36.91,0
2018-10-23 04:00:00,29.09,35.69,94.02,166.55,21.11,74.5,1015.56,11.21,92.98,1
2018-10-23 05:00:00,0.9,14.3,119.42,292.38,27.16,91.37,1003.18,11.89,100.0,1
2018-10-23 06:00:00,0.43,13.27,48.59,73.51,34.49,78.14,1014.79,3.72,8.27,0
2018-10-23 07:00:00,11.56,78.02,91.5,208.09,27.04,67.53,1010.97,7.55,74.65,0
2018-10-23 08:00:00,3.17,12.33,43.88,152.45,23.26,77.3,1019.75,11.71,42.21,0
2018-10-23 09:00:00,2.97,19.13,41.14,191.28,31.05,56.28,999.38,23.95,22.49,0
2018-10-23 10:00:00,1.97,13.51,28.81,111.13,25.09,73.57,1007.99,14.16,66.78,0
2018-10-23 11:00:00,2.41,6.7,14.49,62.06,30.17,45.9,1020.82,2.14,36.44,0
2018-10-23 12:00:00,12.0,29.54,126.72,271.75,28.38,92.72,1009.06,21.95,100.0,0
2018-10-23 13:00:00,1.55,26.15,102.41,182.02,22.39,66.41,1012.14,3.61,80.38,0
2018-10-23 14:00:00,4.1,9.01,33.32,77.29,33.92,57.65,1007.6,8.86,42.87,0
2018-10-23 15:00:00,1.34,11.85,15.4,104.66,18.62,56.08,1007.07,3.3,33.88,0
2018-10-23 16:00:00,5.28,18.96,62.78,242.48,22.75,60.37,1016.82,1.77,57.42,1
2018-10-23 17:00:00,2.91,25.67,106.42,119.75,31.21,87.81,1008.97,10.53,94.45,0
2018-10-23 18:00:00,7.43,30.85,134.67,200.25,43.47,62.21,1024.51,8.8,97.44,1
2018-10-23 19:00:00,8.35,10.89,54.25,139.3,17.97,69.92,1011.84,4.17,26.75,0
2018-10-23 20:00:00,17.56,62.67,80.65,211.4,27.0,75.57,1014.08,19.86,93.57,0
2018-10-23 21:00:00,27.64,46.43,85.47,142.11,14.74,59.93,1015.28,5.59,53.58,0
2018-10-23 22:00:00,2.23,15.33,43.79,192.27,26.89,58.39,1013.93,21.59,39.15,0
2018-10-23 23:00:00,9.23,31.86,57.32,110.49,24.11,55.37,1015.06,3.7,50.35,0
2018-10-24 00:00:00,2.85,36.0,105.57,157.62,27.91,70.81,1015.9,12.32,53.07,0
2018-10-24 01:00:00,8.13,19.53,64.5,125.38,35.47,75.7,1010.58,5.59,52.42,0
2018-10-24 02:00:00,7.82,18.17,28.6,148.94,32.46,56.37,1009.17,15.94,26.43,0
2018-10-24 03:00:00,7.59,11.96,82.04,139.06,25.77,72.64,1015.05,5.25,71.61,0
2018-10-24 04:00:00,9.88,20.34,117.71,175.41,31.61,75.17,1017.01,11.68,100.0,1
2018-10-24 05:00:00,5.62,25.37,42.39,74.77,28.16,82.71,1007.95,11.44,20.41,0
2018-10-24 06:00:00,3.19,13.67,57.67,101.27,22.04,66.69,1019.45,4.41,42.06,0
2018-10-24 07:00:00,5.34,15.49,43.29,141.05,27.46,54.22,1005.71,17.65,39.22,0
2018-10-24 08:00:00,26.05,64.98,72.11,171.96,30.37,70.39,1010.76,33.1,90.79,1
2018-10-24 09:00:00,2.55,18.53,57.54,132.14,45.0,72.34,1003.36,5.62,45.83,0
2018-10-24 10:00:00,3.47,19.48,75.82,151.51,35.05,63.25,1001.08,2.77,25.08,0
2018-10-24 11:00:00,2.03,22.0,61.2,100.76,31.77,78.92,1009.72,11.96,54.59,0
2018-10-24 12:00:00,0.29,25.88,103.98,221.01,18.0,57.53,1011.85,2.08,89.43,0
2018-10-24 13:00:00,4.5,18.44,55.7,120.57,28.9,60.77,1010.5,11.73,36.96,0
2018-10-24 14:00:00,8.63,14.89,22.15,117.94,35.74,59.2,1021.58,10.09,16.71,0
2018-10-24 15:00:00,1.64,20.26,39.53,201.02,30.9,71.91,1005.54,17.27,36.9,0
2018-10-24 16:00:00,15.41,43.38,108.22,222.01,34.23,88.61,1009.2,3.16,83.5,1
2018-10-24 17:00:00,7.22,25.63,27.66,118.21,30.73,73.87,1008.4,26.0,27.56,1
2018-10-24 18:00:00,12.09,34.58,54.9,132.97,33.58,66.49,1008.93,8.38,67.37,0
2018-10-24 19:00:00,6.6,16.75,54.92,110.67,18.49,76.22,1007.86,4.86,46.52,0
2018-10-24 20:00:00,4.08,11.29,76.64,132.28,37.01,75.45,1008.23,7.41,77.73,1
2018-10-24 21:00:00,3.27,18.48,102.24,150.45,32.42,74.71,1008.68,14.41,64.59,0
2018-10-24 22:00:00,6.34,15.06,42.41,191.31,34.46,57.64,1005.16,13.53,60.78,0
2018-10-24 23:00:00,6.9,40.7,73.49,114.48,28.71,70.58,1015.58,2.25,43.27,0
2018-10-25 00:00:00,2.77,21.83,43.31,103.12,30.93,75.46,1017.56,3.56,51.94,0
2018-10-25 01:00:00,3.97,13.21,47.97,128.47,32.02,64.51,1011.96,2.21,43.54,0
2018-10-25 02:00:00,22.22,27.41,39.35,257.8,27.03,58.29,1010.67,9.56,18.09,0
2018-10-25 03:00:00,5.44,32.79,78.61,109.47,23.62,80.72,1008.87,14.45,71.58,0
2018-10-25 04:00:00,6.0,11.96,14.59,47.46,21.87,53.24,1017.26,4.44,37.73,0
2018-10-25 05:00:00,18.1,31.48,74.21,218.79,27.28,73.94,1005.34,11.33,57.75,1
2018-10-25 06:00:00,6.98,23.11,51.31,157.24,23.22,68.14,1013.95,3.45,60.94,1
2018-10-25 07:00:00,4.79,10.82,77.51,167.61,24.01,78.01,1008.42,4.16,76.37,0
2018-10-25 08:00:00,11.8,23.68,79.07,204.85,36.08,77.3,1007.97,8.6,59.46,0
2018-10-25 09:00:00,9.62,40.02,64.58,106.19,36.92,73.28,1010.08,3.43,51.13,0
2018-10-25 10:00:00,6.14,9.74,62.74,189.49,26.05,63.06,1011.57,0.94,72.95,0
2018-10-25 11:00:00,6.66,33.89,46.73,152.15,35.15,58.27,1004.17,4.88,34.56,0
2018-10-25 12:00:00,3.59,18.91,27.11,87.79,26.96,63.13,1007.27,27.1,71.15,0
2018-10-25 13:00:00,1.21,9.13,51.14,129.89,25.92,66.6,1008.06,10.24,39.76,1
2018-10-25 14:00:00,8.43,11.8,19.41,59.57,30.03,83.25,1013.67,21.16,55.23,0
2018-10-25 15:00:00,0.63,12.79,101.61,222.78,23.89,76.87,1000.26,6.09,67.51,0
2018-10-25 16:00:00,1.28,9.58,15.19,47.58,26.15,58.68,1017.06,3.19,13.3,0
2018-10-25 17:00:00,3.92,15.95,78.97,113.47,35.38,63.6,1017.91,7.1,75.4,0
2018-10-25 18:00:00,3.51,23.76,51.86,109.53,29.82,54.19,1007.1,1.05,42.45,0
2018-10-25 19:00:00,9.26,12.37,59.45,72.06,30.09,50.67,1010.95,6.65,16.03,0
2018-10-25 20:00:00,11.46,26.14,61.46,143.02,26.75,55.38,1015.8,1.31,68.58,0
2018-10-25 21:00:00,24.73,65.1,85.54,179.57,26.25,67.55,1009.55,7.3,75.82,0
2018-10-25 22:00:00,0.48,9.75,27.6,188.37,28.63,69.68,1010.53,8.21,9.02,0
2018-10-25 23:00:00,7.56,25.79,75.18,140.74,32.27,72.78,1014.83,3.0,42.96,0
2018-10-26 00:00:00,7.28,9.07,76.45,163.1,29.88,59.0,1016.53,2.08,60.25,1
2018-10-26 01:00:00,6.46,9.55,48.4,126.39,31.34,57.69,1008.48,33.28,40.16,0
2018-10-26 02:00:00,8.43,15.87,61.76,198.53,18.08,65.05,1007.8,10.56,70.28,1
2018-10-26 03:00:00,10.07,41.49,78.47,285.8,22.47,65.72,1012.56,11.03,71.27,1
2018-10-26 04:00:00,15.81,24.31,34.76,123.51,24.62,52.75,1008.61,35.23,33.25,0
2018-10-26 05:00:00,6.65,25.3,36.59,101.48,30.39,37.0,1006.61,3.86,23.68,0
2018-10-26 06:00:00,19.83,28.26,111.89,203.15,30.0,64.54,1006.09,20.84,60.55,1
2018-10-26 07:00:00,6.69,11.12,39.31,116.59,31.57,52.02,1006.54,19.42,54.88,0
2018-10-26 08:00:00,3.01,13.97,75.43,108.79,26.1,80.01,1003.86,6.28,44.55,0
2018-10-26 09:00:00,6.14,26.01,49.41,106.06,28.59,77.89,1019.28,12.26,43.9,0
2018-10-26 10:00:00,1.83,29.23,45.29,148.32,37.74,44.41,1004.88,18.59,44.09,0
2018-10-26 11:00:00,1.95,14.13,37.14,167.3,28.18,69.24,1011.94,7.45,19.79,0
2018-10-26 12:00:00,4.27,22.88,74.68,306.99,17.77,80.65,1001.01,11.28,65.4,0
2018-10-26 13:00:00,3.67,17.49,35.09,60.88,30.67,53.64,1019.65,0.99,53.29,0
2018-10-26 14:00:00,15.45,30.26,67.44,170.68,34.51,50.89,1010.91,10.49,56.51,0
2018-10-26 15:00:00,4.22,10.36,56.64,85.23,34.28,81.62,1018.54,2.1,31.56,0
2018-10-26 16:00:00,1.51,8.23,40.88,231.34,26.2,60.49,1007.56,32.08,54.01,0
2018-10-26 17:00:00,5.09,9.95,46.52,61.11,26.57,76.14,1023.33,9.44,35.4,0
2018-10-26 18:00:00,6.63,15.55,52.78,125.16,32.16,65.36,1005.29,26.01,35.26,0
2018-10-26 19:00:00,5.64,30.35,47.61,165.02,28.78,78.31,1014.12,4.47,78.56,0
2018-10-26 20:00:00,1.41,38.11,64.35,84.8,31.01,71.22,998.43,6.78,28.47,0
2018-10-26 21:00:00,16.84,41.51,57.85,155.3,24.84,61.82,1008.67,8.34,33.89,0
2018-10-26 22:00:00,0.39,18.36,43.58,208.03,30.01,58.03,1011.12,3.05,49.34,0
2018-10-26 23:00:00,5.56,19.1,73.94,216.28,25.04,62.52,1010.42,8.08,58.37,1
2018-10-27 00:00:00,1.35,25.97,80.4,167.41,26.82,67.46,1007.75,1.03,67.53,1
2018-10-27 01:00:00,12.38,89.31,126.93,170.69,22.05,77.18,1010.59,6.75,92.81,0
2018-10-27 02:00:00,7.59,23.48,55.21,165.25,23.53,68.62,1008.44,14.36,48.17,1
2018-10-27 03:00:00,6.63,26.33,70.6,165.96,20.11,63.77,1017.76,8.95,74.92,0
2018-10-27 04:00:00,3.89,19.88,56.31,214.74,19.37,82.73,1013.41,3.09,63.55,0
2018-10-27 05:00:00,15.66,59.2,84.23,127.75,22.83,86.33,1003.38,6.68,63.25,0
2018-10-27 06:00:00,3.88,15.74,46.37,147.15,30.32,66.23,1013.39,14.0,41.97,0
2018-10-27 07:00:00,21.24,27.9,41.09,159.22,29.3,80.94,1011.27,11.48,47.35,0
2018-10-27 08:00:00,1.88,23.43,35.24,55.56,32.58,75.98,1000.17,9.61,36.73,0
2018-10-27 09:00:00,5.13,11.81,88.04,145.51,25.47,67.95,1017.52,2.86,88.09,0
2018-10-27 10:00:00,9.84,26.57,78.08,192.53,19.68,73.89,1005.18,4.97,77.44,0
2018-10-27 11:00:00,8.07,21.68,42.83,92.21,29.93,62.23,1012.06,7.28,51.8,0
2018-10-27 12:00:00,4.73,23.09,53.7,215.95,27.88,79.22,1013.03,16.9,70.33,0
2018-10-27 13:00:00,0.49,14.56,38.34,208.62,27.23,53.37,1011.74,10.2,49.38,0
2018-10-27 14:00:00,5.93,8.33,38.52,108.31,22.0,47.88,1015.56,5.69,43.43,0
2018-10-27 15:00:00,3.4,23.6,75.8,90.32,25.96,68.57,1014.7,9.67,61.66,0
2018-10-27 16:00:00,2.57,19.71,22.38,93.67,31.7,50.62,1013.16,3.48,35.45,0
2018-10-27 17:00:00,10.35,39.21,81.93,142.36,21.36,61.61,1005.35,8.77,88.35,0
2018-10-27 18:00:00,0.33,7.6,18.06,229.29,17.89,56.57,1012.87,11.9,34.78,0
2018-10-27 19:00:00,4.91,6.95,175.02,225.26,28.78,82.2,1012.74,9.62,96.88,1
2018-10-27 20:00:00,8.13,29.53,89.96,154.09,23.53,68.39,1009.2,24.64,59.55,0
2018-10-27 21:00:00,10.44,31.21,40.25,107.44,32.06,60.27,1004.27,0.53,57.0,0
2018-10-27 22:00:00,5.85,25.73,35.09,103.0,26.14,64.2,1017.48,16.91,28.5,0
2018-10-27 23:00:00,3.06,51.5,70.24,107.42,22.23,61.23,1008.22,5.37,62.21,0
2018-10-28 00:00:00,15.47,16.03,46.17,66.79,28.77,57.83,1015.78,40.64,54.55,0
2018-10-28 01:00:00,16.33,18.33,36.02,87.97,27.78,70.36,1008.99,4.5,42.91,1
2018-10-28 02:00:00,6.96,11.22,30.99,123.06,27.79,72.5,1014.47,4.55,35.48,0
2018-10-28 03:00:00,18.36,41.46,44.96,186.75,22.03,81.12,1010.1,7.22,31.05,1
2018-10-28 04:00:00,1.88,32.31,157.3,220.98,34.62,83.82,1004.38,16.79,100.0,0
2018-10-28 05:00:00,4.44,18.55,48.08,120.95,24.7,75.06,1013.76,4.8,31.21,0
2018-10-28 06:00:00,0.09,20.43,112.27,159.54,35.88,72.25,1005.1,17.28,88.77,0
2018-10-28 07:00:00,1.22,8.1,27.71,128.95,18.54,64.75,1003.32,11.04,5.09,0
2018-10-28 08:00:00,1.08,6.5,121.21,214.35,32.74,77.95,1012.36,10.12,75.08,0
2018-10-28 09:00:00,8.08,10.93,56.87,218.58,30.74,82.77,1008.1,10.74,52.25,0
2018-10-28 10:00:00,1.35,21.63,53.65,71.32,26.33,58.54,1012.54,15.47,47.98,0
2018-10-28 11:00:00,2.35,31.3,113.42,203.22,18.83,67.31,1010.25,10.04,93.47,0
2018-10-28 12:00:00,2.71,6.53,16.04,144.17,28.29,58.44,1015.83,27.64,0.94,0
2018-10-28 13:00:00,0.91,7.42,38.28,105.9,17.79,42.67,1016.15,1.64,29.36,0
2018-10-28 14:00:00,5.43,14.19,40.28,68.4,25.46,63.02,1014.02,18.1,26.48,0
2018-10-28 15:00:00,6.44,10.88,71.61,130.08,32.3,43.45,1013.59,2.47,75.16,0
2018-10-28 16:00:00,0.6,17.58,23.06,259.96,26.87,50.45,1016.74,10.47,19.46,0
2018-10-28 17:00:00,9.24,19.15,41.14,180.03,26.86,62.38,1008.85,9.89,39.69,0
2018-10-28 18:00:00,1.72,34.12,37.7,124.83,35.54,45.33,1008.58,14.09,43.56,0
2018-10-28 19:00:00,2.66,9.63,32.69,107.43,28.69,63.46,1014.83,3.55,29.15,1
2018-10-28 20:00:00,7.64,32.36,105.06,149.88,37.39,52.11,1000.8,3.71,85.55,0
2018-10-28 21:00:00,2.69,5.77,28.86,116.55,26.14,59.48,1005.64,23.18,26.74,0
2018-10-28 22:00:00,1.25,9.05,24.9,190.51,33.56,66.86,1003.77,7.75,6.7,0
2018-10-28 23:00:00,5.12,19.71,70.71,149.75,27.13,79.41,1016.06,8.24,44.21,0
2018-10-29 00:00:00,12.51,29.6,46.48,212.66,29.86,78.67,1016.79,29.18,17.75,0
2018-10-29 01:00:00,11.24,47.0,113.51,387.64,23.41,66.64,1013.15,14.12,84.56,0
2018-10-29 02:00:00,2.41,19.02,108.4,161.26,29.33,70.45,1009.43,7.26,77.67,0
2018-10-29 03:00:00,1.56,18.37,51.93,106.05,29.69,57.42,1008.92,9.37,44.38,0
2018-10-29 04:00:00,2.01,7.51,52.44,91.88,28.64,73.0,1010.02,7.18,56.56,0
2018-10-29 05:00:00,11.35,17.6,88.06,144.28,18.42,72.93,1011.82,9.73,77.12,1
2018-10-29 06:00:00,1.97,10.61,43.39,96.01,33.61,62.7,1014.95,18.4,28.79,0
2018-10-29 07:00:00,17.64,30.46,37.96,94.79,29.65,61.2,1006.1,11.78,45.59,0
2018-10-29 08:00:00,7.56,19.4,94.76,116.47,30.38,77.74,1013.25,10.59,56.04,0
2018-10-29 09:00:00,4.55,21.75,67.33,130.9,36.28,58.57,1016.04,12.22,32.79,0
2018-10-29 10:00:00,2.36,35.5,60.34,225.95,27.55,73.79,1014.96,13.92,70.75,0
2018-10-29 11:00:00,5.19,18.49,28.99,131.02,31.7,63.52,1004.54,7.13,33.88,1
2018-10-29 12:00:00,1.24,23.77,46.87,108.41,32.2,73.9,1015.06,6.0,53.27,0
2018-10-29 13:00:00,0.63,6.81,46.52,152.91,26.45,59.79,1010.98,30.06,27.36,0
2018-10-29 14:00:00,7.62,44.05,87.35,206.01,28.0,71.24,1017.74,4.79,73.3,0
2018-10-29 15:00:00,4.53,17.48,72.69,133.69,23.63,79.05,1009.81,12.09,56.31,0
2018-10-29 16:00:00,9.54,45.58,124.21,237.92,14.5,65.84,1014.16,5.83,87.3,1
2018-10-29 17:00:00,6.24,16.79,70.0,77.35,23.84,79.76,1017.87,4.06,82.87,0
2018-10-29 18:00:00,2.31,11.53,43.78,237.45,20.39,60.3,1015.53,8.01,15.86,0
2018-10-29 19:00:00,11.23,18.87,38.63,129.57,19.72,69.78,1008.9,15.13,49.51,0
2018-10-29 20:00:00,2.65,7.4,22.55,149.39,24.09,67.19,1014.62,13.56,49.85,0
2018-10-29 21:00:00,14.03,40.13,98.58,231.11,40.98,70.97,1005.52,3.09,81.68,1
2018-10-29 22:00:00,2.56,9.07,39.81,374.57,21.57,62.5,1008.81,15.04,57.7,0
2018-10-29 23:00:00,0.82,17.61,30.15,309.19,30.79,46.9,1017.76,13.7,24.61,0
2018-10-30 00:00:00,16.17,20.43,63.97,126.9,17.64,48.6,1011.0,9.7,54.69,0
2018-10-30 01:00:00,2.45,45.82,87.75,192.47,29.6,71.86,1009.23,4.24,80.91,0
2018-10-30 02:00:00,2.66,29.2,151.27,297.14,31.69,93.98,1015.97,20.39,94.24,1
2018-10-30 03:00:00,0.88,26.18,30.13,145.29,21.84,58.64,1018.96,11.31,14.56,0
2018-10-30 04:00:00,4.16,18.9,27.0,56.83,24.39,39.08,1006.67,7.04,70.08,0
2018-10-30 05:00:00,1.06,12.87,17.32,99.5,22.83,53.39,1012.95,4.87,39.46,0
2018-10-30 06:00:00,15.41,23.55,39.36,227.63,30.71,57.12,1009.67,3.22,52.86,0
2018-10-30 07:00:00,3.14,38.75,68.99,131.47,29.55,63.88,1009.39,3.81,58.4,0
2018-10-30 08:00:00,1.6,4.6,29.31,107.69,32.36,50.06,1017.23,3.97,45.13,0
2018-10-30 09:00:00,4.94,25.52,109.49,169.02,27.1,67.46,1012.58,9.94,72.99,0
2018-10-30 10:00:00,27.15,33.93,59.38,161.78,19.53,50.73,1003.01,7.5,54.37,0
2018-10-30 11:00:00,5.16,9.4,14.51,132.25,21.85,78.19,1018.13,9.94,30.78,1
2018-10-30 12:00:00,3.64,13.4,122.75,155.26,20.48,93.83,1006.43,17.68,93.56,0
2018-10-30 13:00:00,4.82,14.71,73.45,174.19,23.22,58.63,1012.63,3.62,54.43,0
2018-10-30 14:00:00,9.97,27.44,83.83,123.82,24.73,70.58,1013.52,5.63,61.87,0
2018-10-30 15:00:00,9.19,37.66,48.16,75.18,25.37,57.7,1015.09,7.18,56.65,0
2018-10-30 16:00:00,6.06,17.55,52.34,208.24,27.12,62.85,1008.36,16.32,53.69,1
2018-10-30 17:00:00,11.63,13.77,87.53,215.09,17.65,74.74,1012.16,12.37,81.38,1
2018-10-30 18:00:00,5.09,11.43,76.04,129.72,32.42,70.6,1014.64,1.99,44.1,0
2018-10-30 19:00:00,3.97,15.33,32.43,182.64,29.48,70.66,1011.23,17.37,47.58,1
2018-10-30 20:00:00,4.98,13.93,44.27,64.41,25.85,57.86,1009.19,3.38,29.85,0
2018-10-30 21:00:00,2.57,23.18,87.99,129.35,24.91,70.97,1004.92,12.02,89.9,1
2018-10-30 22:00:00,10.15,27.1,62.05,110.44,25.06,41.45,1019.87,5.99,55.14,0
2018-10-30 23:00:00,2.43,25.69,50.0,139.47,25.91,65.6,1005.28,14.61,46.88,0
2018-10-31 00:00:00,6.66,7.78,19.88,277.47,30.38,37.71,1007.69,7.18,33.9,0
2018-10-31 01:00:00,1.98,28.78,59.09,89.02,27.06,52.99,1012.12,14.57,58.22,0
2018-10-31 02:00:00,9.38,11.76,91.44,130.78,29.48,84.17,1004.86,1.66,84.14,1
2018-10-31 03:00:00,4.57,24.04,96.82,227.97,28.38,85.26,1018.64,12.7,91.66,0
2018-10-31 04:00:00,10.09,41.73,82.87,158.72,24.63,59.85,1004.05,4.95,39.92,1
2018-10-31 05:00:00,0.26,1.19,38.97,154.86,19.08,79.17,1012.6,15.11,38.03,0
2018-10-31 06:00:00,2.41,14.31,68.48,162.7,35.5,74.57,1015.25,4.84,50.64,0
2018-10-31 07:00:00,1.53,10.53,49.28,156.29,31.34,68.67,1005.29,4.05,36.65,0
2018-10-31 08:00:00,31.35,35.13,73.84,89.66,35.01,56.68,1006.43,9.71,41.57,0
2018-10-31 09:00:00,2.91,3.84,11.72,84.53,25.2,75.31,1013.21,18.11,27.2,0
2018-10-31 10:00:00,0.61,27.8,40.88,214.51,29.81,69.66,1008.31,12.7,23.95,1
2018-10-31 11:00:00,6.54,10.56,60.23,315.72,24.6,57.91,1013.02,6.93,67.49,0
2018-10-31 12:00:00,1.36,68.18,104.12,211.71,31.59,50.53,1008.27,9.96,66.29,0
2018-10-31 13:00:00,11.02,15.38,48.04,297.02,36.61,52.01,1011.88,2.81,52.44,0
2018-10-31 14:00:00,12.63,17.36,41.38,143.03,36.33,64.02,1014.98,8.27,31.04,0
2018-10-31 15:00:00,1.55,1.98,81.14,181.95,28.19,67.47,1005.81,10.92,52.17,0
2018-10-31 16:00:00,2.05,6.06,56.68,163.89,32.04,80.17,1011.06,18.0,45.32,0
2018-10-31 17:00:00,5.98,11.56,55.84,103.4,30.83,54.37,1009.92,5.15,36.24,0
2018-10-31 18:00:00,11.3,23.58,35.79,86.77,28.75,64.51,1007.22,4.63,56.03,0
2018-10-31 19:00:00,6.65,26.14,70.33,112.31,30.36,78.13,1014.61,8.27,63.4,0
2018-10-31 20:00:00,2.91,10.61,150.97,196.1,23.75,69.01,999.44,7.74,100.0,0
2018-10-31 21:00:00,0.83,20.14,26.2,55.82,19.54,65.83,1005.31,24.31,29.32,0
2018-10-31 22:00:00,18.94,58.2,116.56,212.76,30.37,75.82,1012.34,16.41,100.0,1
2018-10-31 23:00:00,6.8,16.95,49.65,96.32,21.97,58.43,1004.23,8.78,55.76,0
2018-11-01 00:00:00,22.23,30.32,62.47,131.1,23.33,44.29,1019.38,18.17,41.27,1
2018-11-01 01:00:00,7.74,12.46,80.9,171.73,25.57,74.11,1002.84,2.15,66.62,1
2018-11-01 02:00:00,19.96,32.5,49.4,222.93,36.27,57.15,1018.87,8.29,58.42,1
2018-11-01 03:00:00,1.83,37.1,61.04,91.98,27.63,62.18,1015.42,16.19,46.57,0
2018-11-01 04:00:00,2.01,14.05,41.7,157.83,23.15,76.52,1003.56,13.86,53.7,0
2018-11-01 05:00:00,3.81,23.67,39.45,111.76,21.22,61.79,1011.8,4.39,20.16,0
2018-11-01 06:00:00,1.65,14.27,41.12,80.71,27.02,64.83,1004.48,3.78,40.62,0
2018-11-01 07:00:00,0.46,12.23,29.81,102.3,26.81,79.88,1007.83,7.22,30.3,0
2018-11-01 08:00:00,2.27,61.57,95.08,224.94,21.57,73.81,1007.32,9.93,94.09,1
2018-11-01 09:00:00,7.64,24.27,83.87,213.62,28.73,62.13,999.73,16.0,52.56,1
2018-11-01 10:00:00,0.99,25.71,40.93,81.69,18.96,75.04,1007.98,5.38,43.8,1
2018-11-01 11:00:00,1.16,19.65,56.29,134.58,22.07,65.83,1009.81,8.17,71.92,1
2018-11-01 12:00:00,2.45,14.74,46.05,124.4,35.49,58.15,1010.2,3.51,49.21,0
2018-11-01 13:00:00,1.42,8.87,39.25,67.73,21.56,53.09,1004.53,27.5,29.03,0
2018-11-01 14:00:00,2.62,37.29,51.65,111.56,27.25,61.43,1008.73,8.61,59.7,0
2018-11-01 15:00:00,4.11,6.07,75.15,143.38,30.1,78.02,1011.25,15.88,89.37,0
2018-11-01 16:00:00,1.09,7.64,76.71,300.45,37.99,63.22,1013.92,8.32,63.48,1
2018-11-01 17:00:00,2.52,9.18,38.99,150.29,36.36,63.69,1024.15,7.48,66.14,0
2018-11-01 18:00:00,4.51,30.47,86.3,167.97,31.56,62.13,1015.53,22.38,76.17,0
2018-11-01 19:00:00,1.74,37.52,57.22,172.94,22.06,79.54,1006.35,26.42,81.15,0
2018-11-01 20:00:00,0.83,4.07,64.31,124.23,22.72,52.8,1008.05,5.02,63.89,0
2018-11-01 21:00:00,1.9,12.77,27.7,133.0,25.35,50.18,1013.87,5.57,67.66,0
2018-11-01 22:00:00,3.1,28.48,41.42,76.05,41.38,55.86,1017.89,8.52,37.07,0
2018-11-01 23:00:00,0.41,7.45,42.12,92.04,30.71,48.97,1020.23,6.81,46.03,0
2018-11-02 00:00:00,7.74,27.41,126.41,182.12,27.67,83.02,999.92,3.95,75.13,0
2018-11-02 01:00:00,3.29,13.69,25.75,42.23,29.01,66.45,1017.04,14.77,46.18,0
2018-11-02 02:00:00,1.92,51.54,58.02,196.7,35.47,71.9,1004.52,12.94,55.55,0
2018-11-02 03:00:00,0.55,8.15,67.68,204.92,24.63,74.07,1009.21,3.9,67.97,1
2018-11-02 04:00:00,6.86,29.04,65.1,105.81,28.38,51.84,1015.59,5.04,64.36,0
2018-11-02 05:00:00,12.74,21.46,60.4,84.74,26.72,68.45,1006.71,1.02,60.92,0
2018-11-02 06:00:00,2.39,16.65,41.29,149.12,23.99,76.21,1009.15,4.32,55.98,0
2018-11-02 07:00:00,20.7,24.35,71.84,115.71,26.6,64.53,1020.09,2.35,74.64,0
2018-11-02 08:00:00,4.3,24.1,80.07,199.89,29.9,80.19,1018.26,18.24,70.84,1
2018-11-02 09:00:00,4.46,33.32,42.89,150.5,29.58,61.13,1013.79,19.4,48.22,0
2018-11-02 10:00:00,9.77,12.78,20.58,174.53,35.65,57.46,1003.02,3.23,19.59,0
2018-11-02 11:00:00,7.2,13.4,26.8,76.59,24.54,47.74,1003.84,1.76,51.27,0
2018-11-02 12:00:00,0.98,27.75,46.79,104.69,29.26,58.65,1012.0,4.36,33.35,0
2018-11-02 13:00:00,2.28,11.6,39.55,83.49,21.4,74.96,1013.95,4.8,39.21,0
2018-11-02 14:00:00,11.27,22.74,58.09,76.12,27.55,59.08,1012.26,2.43,53.3,0
2018-11-02 15:00:00,7.34,11.67,62.22,137.2,19.5,85.15,1005.65,13.91,34.9,0
2018-11-02 16:00:00,20.86,50.16,69.09,243.43,30.58,65.8,1010.28,16.68,39.77,1
2018-11-02 17:00:00,6.33,9.99,67.67,140.47,37.94,80.67,1015.79,5.79,46.51,0
2018-11-02 18:00:00,7.57,19.03,54.94,99.17,33.64,64.99,1010.26,8.28,58.05,0
2018-11-02 19:00:00,1.9,9.37,49.69,56.09,25.82,40.81,1006.69,11.01,52.85,0
2018-11-02 20:00:00,12.57,35.34,44.89,93.08,33.33,55.82,1011.85,2.48,36.58,0
2018-11-02 21:00:00,0.09,60.14,75.89,134.15,19.8,61.44,1012.72,11.13,82.42,1
2018-11-02 22:00:00,5.27,7.47,30.93,137.54,30.38,53.67,1010.11,7.49,31.66,0
2018-11-02 23:00:00,7.78,14.8,186.43,318.43,41.95,76.0,1008.0,5.76,100.0,0
2018-11-03 00:00:00,5.94,15.09,71.9,93.69,30.33,58.07,1009.57,27.65,55.62,0
2018-11-03 01:00:00,4.33,7.83,37.07,91.44,26.5,67.77,1004.47,11.45,30.64,0
2018-11-03 02:00:00,3.85,16.37,36.63,126.77,26.12,87.86,1010.07,5.49,80.2,0
2018-11-03 03:00:00,4.52,28.81,131.08,267.69,29.48,80.64,1013.44,9.83,61.75,0
2018-11-03 04:00:00,1.22,16.62,54.04,106.64,27.7,61.23,1009.15,2.61,54.76,0
2018-11-03 05:00:00,5.91,26.12,42.26,188.09,25.31,37.89,1021.63,8.71,32.2,0
2018-11-03 06:00:00,1.92,8.52,21.48,115.58,27.08,78.66,1002.89,10.81,13.77,1
2018-11-03 07:00:00,2.39,22.78,68.09,146.77,18.76,77.91,1012.73,11.15,57.03,0
2018-11-03 08:00:00,1.03,16.03,45.08,96.51,31.96,58.55,1014.39,3.08,68.94,0
2018-11-03 09:00:00,36.72,40.85,106.53,204.91,33.83,77.28,1003.73,9.75,87.33,1
2018-11-03 10:00:00,5.52,18.61,30.39,47.28,31.73,55.75,1011.68,8.28,13.12,1
2018-11-03 11:00:00,0.74,8.24,66.42,138.53,25.98,55.19,999.6,7.94,39.11,0
2018-11-03 12:00:00,4.98,84.62,146.3,268.15,29.89,77.36,1008.14,8.79,92.52,1
2018-11-03 13:00:00,12.46,37.92,113.31,199.96,30.16,83.98,1006.81,5.14,68.24,1
2018-11-03 14:00:00,5.85,20.16,38.01,119.16,26.26,65.49,1013.44,1.19,61.98,0
2018-11-03 15:00:00,4.22,37.03,95.34,146.05,34.24,69.99,1012.55,5.44,81.02,1
2018-11-03 16:00:00,1.73,22.48,46.57,136.68,32.52,69.9,1010.35,16.88,38.75,0
2018-11-03 17:00:00,5.86,10.05,24.56,152.38,33.42,56.2,1006.34,0.98,32.79,0
2018-11-03 18:00:00,8.9,48.71,78.33,159.82,29.72,81.53,1003.46,16.61,49.28,1
2018-11-03 19:00:00,8.99,12.2,16.58,137.39,19.64,47.49,1006.74,7.49,21.46,0
2018-11-03 20:00:00,5.34,41.76,81.99,88.45,15.68,66.16,1011.64,0.11,47.18,0
2018-11-03 21:00:00,5.32,20.63,51.1,65.56,25.21,72.14,1012.61,1.44,49.77,0
2018-11-03 22:00:00,14.22,26.71,35.46,118.33,23.26,68.57,1000.5,19.58,33.64,0
2018-11-03 23:00:00,13.01,19.45,60.41,166.16,27.55,59.13,1019.97,3.73,53.45,0
2018-11-04 00:00:00,3.62,19.56,75.62,225.86,21.55,59.87,1011.83,19.88,77.77,1
2018-11-04 01:00:00,19.45,39.26,67.14,204.47,21.59,72.21,1008.16,11.46,54.79,0
2018-11-04 02:00:00,0.76,19.37,41.41,283.03,16.68,76.79,1007.78,9.26,6.56,0
2018-11-04 03:00:00,5.58,20.71,67.09,252.84,20.29,76.09,1008.44,9.13,83.4,0
2018-11-04 04:00:00,6.13,17.27,99.22,150.97,25.44,61.04,1015.47,11.81,78.14,0
2018-11-04 05:00:00,1.6,23.23,50.02,131.22,24.63,57.27,1015.25,10.76,29.16,0
2018-11-04 06:00:00,0.53,9.65,119.03,148.37,33.61,65.57,1008.3,4.11,83.29,0
2018-11-04 07:00:00,1.65,13.7,82.41,112.39,26.11,84.0,1015.15,23.36,79.29,0
2018-11-04 08:00:00,10.52,28.13,51.04,90.52,19.07,63.57,1015.1,20.19,43.1,0
2018-11-04 09:00:00,10.79,23.76,40.31,88.97,26.32,59.19,1010.59,5.59,41.25,0
2018-11-04 10:00:00,8.47,11.74,59.33,85.54,30.5,68.42,1016.39,4.67,50.06,0
2018-11-04 11:00:00,1.97,17.23,29.3,123.25,14.88,65.0,1018.37,16.94,60.76,0
2018-11-04 12:00:00,10.91,26.24,38.29,85.9,34.58,57.96,1017.51,5.72,77.8,1
2018-11-04 13:00:00,2.14,16.46,40.42,149.24,30.22,65.1,1014.36,13.79,56.73,0
2018-11-04 14:00:00,5.91,17.19,39.93,103.24,35.59,63.2,1014.2,3.66,67.6,0
2018-11-04 15:00:00,4.49,14.27,110.19,149.02,30.51,91.25,1004.79,25.84,58.48,0
2018-11-04 16:00:00,2.96,16.18,76.98,173.19,25.54,69.21,1000.6,7.92,56.92,0
2018-11-04 17:00:00,8.1,14.66,77.12,389.83,27.56,72.92,1011.63,4.95,49.93,0
2018-11-04 18:00:00,9.6,44.0,90.39,146.53,25.24,64.96,1008.66,4.33,80.13,1
2018-11-04 19:00:00,1.82,19.74,43.66,179.0,32.46,56.68,1009.52,4.11,62.23,0
2018-11-04 20:00:00,4.76,21.25,48.75,67.17,23.61,68.38,1004.32,3.6,43.87,0
2018-11-04 21:00:00,9.16,37.6,81.15,148.88,29.77,60.49,1013.87,14.13,60.56,1
2018-11-04 22:00:00,6.68,12.44,26.76,102.73,34.22,63.15,1011.14,12.31,36.33,0
2018-11-04 23:00:00,9.33,17.84,32.07,186.66,29.16,58.37,1006.7,6.72,26.6,0
2018-11-05 00:00:00,6.96,14.86,71.51,217.38,28.34,74.01,1007.08,20.57,34.41,1
2018-11-05 01:00:00,7.27,24.37,74.27,128.92,30.23,48.81,1004.97,9.7,75.65,0
2018-11-05 02:00:00,4.16,9.72,23.04,173.81,24.16,73.59,1010.59,2.58,25.17,0
2018-11-05 03:00:00,8.78,31.75,44.71,85.53,15.98,46.55,1011.36,19.65,40.87,0
2018-11-05 04:00:00,0.94,17.65,31.26,108.4,22.48,78.55,1014.29,15.67,47.5,0
2018-11-05 05:00:00,1.66,9.14,64.93,288.45,23.64,67.45,1001.58,14.22,39.88,0
2018-11-05 06:00:00,7.16,10.86,77.77,124.18,29.8,74.14,1010.95,4.46,90.83,1
2018-11-05 07:00:00,8.8,25.16,39.83,170.46,22.98,61.73,1003.84,8.34,49.29,1
2018-11-05 08:00:00,12.52,14.93,51.72,97.45,23.69,65.12,1009.05,18.94,38.1,0
2018-11-05 09:00:00,17.19,24.1,38.22,161.87,32.1,52.35,1013.73,2.52,58.21,0
2018-11-05 10:00:00,2.0,13.77,90.9,179.4,30.11,77.59,1008.65,12.74,94.52,0
2018-11-05 11:00:00,1.19,12.28,19.35,83.99,34.58,62.93,1002.0,2.33,4.08,0
2018-11-05 12:00:00,10.31,17.98,58.14,84.91,27.39,69.71,1008.58,6.18,3.02,0
2018-11-05 13:00:00,2.82,24.8,48.51,105.61,19.55,78.7,1019.1,2.71,43.66,0
2018-11-05 14:00:00,4.34,10.47,25.02,134.84,39.71,45.5,1017.26,26.17,34.18,0
2018-11-05 15:00:00,9.43,17.01,26.31,329.69,31.32,60.56,1024.28,1.77,38.49,0
2018-11-05 16:00:00,5.56,19.67,31.7,139.53,24.73,45.83,1012.21,21.49,60.38,1
2018-11-05 17:00:00,8.53,22.67,49.99,207.12,32.73,75.68,1007.61,13.89,52.01,0
2018-11-05 18:00:00,1.77,6.12,25.17,89.35,29.06,66.85,1010.09,6.08,30.6,0
2018-11-05 19:00:00,6.2,19.79,55.52,123.15,34.69,62.63,1011.85,6.62,63.91,1
2018-11-05 20:00:00,6.08,14.43,113.52,183.84,29.26,84.32,1007.5,6.09,100.0,0
2018-11-05 21:00:00,12.34,20.25,79.56,329.53,25.67,74.32,1013.72,14.98,37.92,0
2018-11-05 22:00:00,14.71,30.73,87.07,148.08,29.5,55.82,1012.65,3.5,86.78,0
2018-11-05 23:00:00,2.75,8.23,63.38,99.51,33.32,72.98,1003.57,3.04,50.13,0
2018-11-06 00:00:00,1.39,11.97,57.13,80.94,23.64,56.73,1015.33,16.88,68.12,0
2018-11-06 01:00:00,8.99,21.28,87.61,134.22,28.28,72.35,1010.75,4.61,55.87,0
2018-11-06 02:00:00,0.45,16.65,37.98,60.5,21.37,71.24,1019.57,3.84,27.84,0
2018-11-06 03:00:00,9.55,16.74,61.93,163.71,30.64,66.63,1015.89,9.55,65.93,1
2018-11-06 04:00:00,10.21,28.98,35.51,113.67,28.28,60.74,1017.32,7.28,57.0,0
2018-11-06 05:00:00,2.5,25.07,80.73,193.87,31.47,83.75,1009.78,5.46,86.63,0
2018-11-06 06:00:00,0.03,22.24,57.22,206.85,33.53,67.07,1004.44,3.62,28.98,1
2018-11-06 07:00:00,11.15,15.26,46.27,89.52,24.34,60.75,1017.96,11.32,51.43,0
2018-11-06 08:00:00,15.57,37.34,50.75,139.78,29.02,48.31,1014.98,5.1,61.0,0
2018-11-06 09:00:00,14.71,37.15,47.41,124.66,29.25,63.78,1019.83,7.08,22.92,0
2018-11-06 10:00:00,15.1,54.33,77.01,124.42,24.44,75.85,1007.94,5.65,38.3,0
2018-11-06 11:00:00,0.84,5.48,40.39,86.83,22.51,77.22,1013.35,4.38,46.72,0
2018-11-06 12:00:00,4.91,36.53,96.66,244.6,36.4,56.76,1009.92,4.56,76.19,0
2018-11-06 13:00:00,6.04,8.38,74.79,158.93,25.69,72.95,1007.2,5.45,65.5,0
2018-11-06 14:00:00,5.2,28.2,89.57,118.58,25.67,78.01,1001.66,7.1,62.76,1
2018-11-06 15:00:00,8.61,34.8,82.15,201.7,26.6,65.56,1008.5,14.85,57.22,0
2018-11-06 16:00:00,1.28,23.58,33.46,85.2,30.78,77.62,1007.9,9.27,66.64,0
2018-11-06 17:00:00,0.42,3.59,34.69,119.86,25.38,52.86,1018.11,17.49,33.4,0
2018-11-06 18:00:00,0.21,30.45,113.14,124.76,23.7,93.69,1010.86,13.06,85.36,0
2018-11-06 19:00:00,11.36,67.89,167.14,219.0,28.84,86.48,1004.73,4.2,95.77,1
2018-11-06 20:00:00,0.82,6.06,15.69,116.98,31.88,65.53,1018.46,5.01,44.15,0
2018-11-06 21:00:00,5.17,15.21,38.9,75.51,30.51,57.94,1016.18,3.93,41.66,0
2018-11-06 22:00:00,2.37,9.41,95.42,119.11,24.57,56.83,1010.54,12.09,81.22,0
2018-11-06 23:00:00,2.5,22.27,89.79,140.85,21.99,70.13,1009.92,9.19,91.87,0
2018-11-07 00:00:00,3.75,12.63,45.98,143.24,22.68,69.75,1006.73,14.44,44.95,0
2018-11-07 01:00:00,2.63,23.25,64.0,204.7,29.81,61.11,1011.93,6.85,93.42,0
2018-11-07 02:00:00,0.42,11.69,57.37,189.18,30.91,62.52,1010.34,6.33,73.98,0
2018-11-07 03:00:00,3.75,17.96,87.0,208.95,25.34,71.49,1016.02,17.7,67.34,0
2018-11-07 04:00:00,1.82,14.57,82.35,261.42,24.99,54.64,1012.53,6.54,55.75,0
2018-11-07 05:00:00,1.71,4.13,29.93,175.07,21.36,57.55,1010.52,5.56,21.41,0
2018-11-07 06:00:00,19.29,32.97,115.44,220.02,27.62,77.88,1015.62,1.89,74.31,0
2018-11-07 07:00:00,0.63,3.9,92.78,179.5,31.77,66.4,1007.06,7.57,49.18,0
2018-11-07 08:00:00,3.56,7.37,36.08,114.42,24.28,73.9,1009.76,2.9,54.66,1
2018-11-07 09:00:00,5.62,36.28,122.03,180.18,33.76,79.23,1009.46,11.26,97.79,1
2018-11-07 10:00:00,19.31,38.78,67.17,138.21,22.23,45.77,1014.03,5.03,58.43,0
2018-11-07 11:00:00,1.09,19.46,73.85,118.91,23.63,63.18,1012.72,17.86,73.45,0
2018-11-07 12:00:00,14.08,27.93,122.12,240.97,27.13,70.04,1018.08,14.32,86.33,1
2018-11-07 13:00:00,3.72,53.62,128.16,159.91,28.85,69.5,1011.69,10.01,84.56,0
2018-11-07 14:00:00,3.87,17.45,36.56,160.01,26.63,76.95,1002.96,2.81,51.64,0
2018-11-07 15:00:00,8.17,20.02,65.14,355.12,29.45,72.97,1012.04,22.4,48.84,0
2018-11-07 16:00:00,15.94,27.47,77.96,103.23,29.23,65.22,1010.97,10.57,80.14,1
2018-11-07 17:00:00,2.61,29.89,69.92,188.0,34.52,62.88,1006.4,3.76,61.22,0
2018-11-07 18:00:00,6.03,19.12,39.74,95.1,28.39,58.97,1010.93,5.28,75.4,0
2018-11-07 19:00:00,5.27,21.32,40.88,187.94,26.17,56.51,1005.25,33.86,47.85,0
2018-11-07 20:00:00,5.02,33.76,63.42,156.16,30.2,59.44,1012.39,26.44,41.16,1
2018-11-07 21:00:00,9.47,28.15,38.25,67.75,18.21,66.94,1011.29,0.72,44.49,0
2018-11-07 22:00:00,1.99,26.05,75.49,154.98,20.43,47.95,1005.68,7.96,67.12,0
2018-11-07 23:00:00,3.04,10.03,15.42,108.47,32.93,62.97,1010.23,9.07,27.13,0
2018-11-08 00:00:00,0.45,5.14,109.85,172.44,25.03,59.52,1015.35,11.45,92.96,0
2018-11-08 01:00:00,7.59,42.57,75.08,159.73,23.6,73.63,1011.08,12.41,80.52,1
2018-11-08 02:00:00,4.79,28.28,47.91,108.21,30.4,74.28,1009.98,7.22,49.7,0
2018-11-08 03:00:00,15.62,35.73,48.02,109.9,27.28,53.23,1007.9,18.2,60.6,0
2018-11-08 04:00:00,1.06,17.91,88.86,102.13,33.24,63.69,1013.05,9.64,71.2,0
2018-11-08 05:00:00,21.26,34.19,79.62,101.25,25.7,79.08,1014.48,2.55,54.15,0
2018-11-08 06:00:00,8.79,16.01,55.95,79.46,34.99,61.94,1014.85,5.21,23.08,0
2018-11-08 07:00:00,8.45,15.47,61.24,104.9,26.07,58.21,1014.22,0.92,79.02,1
2018-11-08 08:00:00,2.3,6.91,53.28,75.16,33.1,57.35,1016.53,7.97,74.37,1
2018-11-08 09:00:00,3.39,6.72,56.43,86.93,28.47,89.32,1009.5,9.93,37.56,1
2018-11-08 10:00:00,2.8,8.83,52.26,138.6,23.5,59.44,1007.69,12.49,23.82,0
2018-11-08 11:00:00,13.37,22.97,78.31,191.06,27.59,74.16,1012.19,15.99,59.17,0
2018-11-08 12:00:00,0.33,35.12,82.57,145.76,28.59,76.37,1010.83,2.3,63.98,0
2018-11-08 13:00:00,3.95,7.13,13.35,97.79,27.47,73.05,1011.45,7.13,10.08,0
2018-11-08 14:00:00,4.31,18.54,36.87,125.45,23.69,80.96,1012.13,21.96,34.72,0
2018-11-08 15:00:00,2.69,39.79,58.08,283.26,35.88,46.64,1021.09,10.36,72.87,0
2018-11-08 16:00:00,1.48,28.61,48.37,69.74,29.34,78.22,1013.2,5.37,48.41,0
2018-11-08 17:00:00,4.02,17.16,30.69,98.4,15.88,61.93,1015.8,9.5,25.84,0
2018-11-08 18:00:00,7.58,15.0,57.39,80.08,29.12,55.06,1003.94,5.2,59.13,0
2018-11-08 19:00:00,4.8,6.56,63.44,149.13,30.79,76.21,1016.85,10.34,50.04,0
2018-11-08 20:00:00,1.48,16.04,24.11,55.76,16.99,50.32,1012.58,19.3,19.16,0
2018-11-08 21:00:00,4.35,25.73,40.8,93.3,24.09,75.29,1012.45,25.16,18.48,0
2018-11-08 22:00:00,15.77,23.35,32.92,53.96,33.09,57.12,1010.78,17.06,47.69,0
2018-11-08 23:00:00,2.1,30.55,35.43,96.15,28.88,72.14,1005.9,5.03,19.23,0
2018-11-09 00:00:00,5.52,17.5,52.62,116.52,28.89,71.89,1003.5,9.27,53.92,0
2018-11-09 01:00:00,6.3,22.67,28.67,91.2,21.41,48.08,1008.11,4.57,67.16,0
2018-11-09 02:00:00,0.71,13.87,47.72,167.73,23.3,49.5,1028.97,13.27,59.04,0
2018-11-09 03:00:00,3.22,31.41,71.48,151.58,20.53,69.55,1018.21,8.67,62.03,0
2018-11-09 04:00:00,3.26,32.08,64.75,108.94,17.62,61.79,1011.56,9.38,77.19,0
2018-11-09 05:00:00,4.61,23.8,56.88,128.87,13.93,71.86,1013.04,5.23,69.93,1
2018-11-09 06:00:00,13.0,23.41,53.13,100.49,39.46,62.23,1018.73,14.34,76.55,0
2018-11-09 07:00:00,1.0,13.78,73.91,104.49,23.99,59.62,1011.59,3.02,51.85,0
2018-11-09 08:00:00,13.68,65.06,154.53,200.06,29.56,86.28,998.14,6.09,90.98,1
2018-11-09 09:00:00,8.1,46.68,88.97,125.58,34.19,50.27,1016.32,24.55,46.98,0
2018-11-09 10:00:00,21.73,35.42,54.33,169.08,28.82,51.5,1011.44,5.86,63.7,0
2018-11-09 11:00:00,31.48,36.36,51.25,208.47,27.47,53.86,1012.38,2.26,65.33,1
2018-11-09 12:00:00,0.66,25.73,31.38,104.42,29.97,36.68,1011.8,2.79,0.55,0
2018-11-09 13:00:00,1.63,10.57,88.45,123.56,39.26,74.55,1008.87,11.42,86.09,0
2018-11-09 14:00:00,1.65,35.32,62.43,241.87,28.31,57.69,1014.86,20.15,60.89,0
2018-11-09 15:00:00,7.76,15.26,43.85,320.65,19.98,65.25,1012.27,2.42,33.41,0
2018-11-09 16:00:00,3.53,12.56,47.09,63.96,21.95,70.94,1012.55,21.23,61.75,0
2018-11-09 17:00:00,1.97,6.37,29.1,94.66,22.78,72.91,1007.79,8.39,41.32,1
2018-11-09 18:00:00,0.1,43.42,82.79,123.03,26.89,77.88,1021.79,14.61,74.94,0
2018-11-09 19:00:00,10.98,16.78,57.7,80.5,21.35,49.36,1017.64,12.88,37.24,0
2018-11-09 20:00:00,4.2,27.88,72.83,165.41,24.7,59.08,1015.59,15.28,45.85,0
2018-11-09 21:00:00,1.93,13.36,22.89,58.4,27.06,41.74,1020.27,9.07,32.44,0
2018-11-09 22:00:00,2.24,11.38,15.06,48.22,33.39,48.54,1013.3,3.28,24.73,0
2018-11-09 23:00:00,3.15,11.87,70.32,211.56,23.03,82.31,1015.74,4.67,55.34,1
2018-11-10 00:00:00,1.68,34.87,62.76,131.21,31.21,69.28,1015.14,10.44,75.68,0
2018-11-10 01:00:00,9.52,80.45,97.41,217.28,29.28,82.48,1010.4,0.71,79.92,1
2018-11-10 02:00:00,2.87,33.61,96.87,255.1,31.75,59.08,1009.35,13.71,63.39,1
2018-11-10 03:00:00,8.35,10.66,28.21,309.9,14.83,58.02,1012.04,3.94,37.18,0
2018-11-10 04:00:00,2.28,26.04,42.09,115.25,18.1,68.55,1012.61,7.08,72.52,0
2018-11-10 05:00:00,5.42,16.92,38.3,208.94,19.53,51.82,1005.27,18.77,31.11,0
2018-11-10 06:00:00,5.42,17.48,36.13,147.26,35.36,59.27,1015.08,5.34,20.22,0
2018-11-10 07:00:00,4.56,19.98,39.01,125.98,23.66,71.48,1017.69,8.88,38.93,0
2018-11-10 08:00:00,14.04,27.31,81.69,166.77,21.49,79.71,1007.46,2.99,55.43,0
2018-11-10 09:00:00,15.23,34.46,115.93,209.15,27.29,81.15,1006.54,6.81,88.43,1
2018-11-10 10:00:00,9.08,20.17,34.13,105.66,39.28,60.75,1008.55,5.84,38.1,0
2018-11-10 11:00:00,11.77,37.27,70.79,94.5,24.2,68.84,1008.87,17.47,66.05,0
2018-11-10 12:00:00,8.65,22.68,42.02,82.39,24.29,51.4,1005.92,15.13,37.86,0
2018-11-10 13:00:00,2.64,16.89,84.28,95.98,33.22,88.96,1007.93,7.42,58.33,0
2018-11-10 14:00:00,3.85,16.93,59.05,163.43,29.27,52.76,1016.17,5.02,51.76,0
2018-11-10 15:00:00,0.17,23.87,57.99,80.26,27.92,78.39,1005.72,6.38,32.68,0
2018-11-10 16:00:00,1.34,10.98,63.62,96.02,25.35,47.2,1009.87,14.93,68.12,0
2018-11-10 17:00:00,0.67,19.95,82.77,121.35,29.54,67.17,1013.88,23.72,100.0,1
2018-11-10 18:00:00,1.91,16.49,68.21,141.51,13.1,71.05,1012.6,14.45,53.66,0
2018-11-10 19:00:00,5.85,39.4,89.87,197.88,29.43,63.87,1012.89,6.72,91.81,1
2018-11-10 20:00:00,2.52,12.68,100.81,194.24,21.02,58.11,1012.25,6.93,94.35,0
2018-11-10 21:00:00,9.93,35.8,80.05,209.7,35.95,61.15,1011.28,8.84,70.0,0
2018-11-10 22:00:00,1.41,18.28,34.79,174.83,33.67,58.75,1006.21,19.12,17.03,0
2018-11-10 23:00:00,8.0,39.83,76.74,175.37,32.12,70.47,1010.83,16.26,41.7,0
2018-11-11 00:00:00,1.25,15.46,39.15,94.59,38.83,60.82,1008.58,7.73,23.36,0
2018-11-11 01:00:00,13.22,22.6,106.94,128.73,42.54,75.49,1013.52,11.21,56.55,0
2018-11-11 02:00:00,1.41,10.71,36.03,85.56,27.89,64.81,1008.58,3.91,23.84,0
2018-11-11 03:00:00,6.96,22.65,48.63,86.55,28.14,70.45,1016.42,18.85,26.09,0
2018-11-11 04:00:00,1.98,15.31,44.72,121.77,31.88,58.42,1012.06,10.78,39.89,0
2018-11-11 05:00:00,17.15,27.01,66.81,197.47,31.32,70.42,1013.2,22.86,81.14,0
2018-11-11 06:00:00,16.57,32.52,52.69,101.1,14.81,52.72,1014.5,10.09,30.76,0
2018-11-11 07:00:00,6.74,7.59,27.79,291.05,26.37,43.9,1019.01,7.95,28.19,0
2018-11-11 08:00:00,6.62,18.22,34.53,71.89,22.92,56.55,1016.4,10.01,34.35,1
2018-11-11 09:00:00,9.29,22.96,101.75,163.76,30.14,100.0,1007.8,9.72,66.78,0
2018-11-11 10:00:00,7.88,10.76,59.33,94.24,30.35,65.54,1014.7,5.07,46.91,0
2018-11-11 11:00:00,10.42,15.9,43.75,86.96,27.96,71.28,1013.98,5.05,54.44,0
2018-11-11 12:00:00,1.37,7.17,29.58,114.02,24.02,72.19,1016.87,5.8,26.04,0
2018-11-11 13:00:00,4.56,17.34,32.99,104.93,24.88,57.82,1012.82,7.43,26.42,0
2018-11-11 14:00:00,2.17,13.12,38.07,143.31,38.0,76.71,1019.66,12.52,45.94,1
2018-11-11 15:00:00,16.37,27.44,55.5,161.6,14.59,69.94,1012.5,1.76,59.02,0
2018-11-11 16:00:00,0.87,3.8,72.1,206.64,44.61,78.89,1003.23,2.32,63.58,0
2018-11-11 17:00:00,18.77,46.27,61.22,151.41,38.18,67.99,1011.87,16.34,43.93,1
2018-11-11 18:00:00,4.65,37.22,75.9,134.69,26.99,71.19,1006.7,13.32,39.37,0
2018-11-11 19:00:00,10.56,14.39,61.67,123.31,31.45,80.35,1009.35,10.03,31.27,0
2018-11-11 20:00:00,2.5,12.98,31.5,115.07,27.28,55.8,1011.95,6.28,22.81,0
2018-11-11 21:00:00,0.76,11.63,19.19,89.34,26.98,61.78,1015.35,3.94,37.99,0
2018-11-11 22:00:00,15.84,33.71,71.4,153.85,25.4,68.81,1009.12,5.09,68.45,0
2018-11-11 23:00:00,7.32,16.6,32.06,56.05,24.22,62.17,1019.93,16.82,40.55,0
2018-11-12 00:00:00,0.99,26.69,68.24,124.24,31.81,74.3,1011.53,10.01,52.67,0
2018-11-12 01:00:00,4.04,9.16,47.25,61.58,23.14,66.9,1010.69,8.34,34.4,0
2018-11-12 02:00:00,3.72,25.2,84.21,271.98,28.25,69.58,1015.55,2.91,51.03,1
2018-11-12 03:00:00,7.08,24.56,86.82,161.36,25.69,87.61,1011.93,11.38,65.22,0
2018-11-12 04:00:00,1.36,5.66,14.47,128.35,38.67,61.65,1005.87,7.21,29.2,0
2018-11-12 05:00:00,0.96,11.07,58.49,177.66,33.89,59.33,1005.93,9.77,53.81,0
2018-11-12 06:00:00,5.21,9.99,51.23,208.06,23.84,64.5,1020.35,10.6,40.7,0
2018-11-12 07:00:00,1.47,46.73,87.0,167.69,35.08,70.9,1010.45,7.17,63.63,0
2018-11-12 08:00:00,16.25,27.95,91.11,138.59,30.09,66.06,1010.06,3.9,72.52,1
2018-11-12 09:00:00,9.7,18.75,34.93,119.2,34.05,56.99,1018.59,7.04,40.28,0
2018-11-12 10:00:00,9.45,11.86,74.33,202.5,33.16,67.4,1010.85,24.68,54.89,0
2018-11-12 11:00:00,0.16,16.9,64.14,109.89,20.02,71.72,1009.49,9.61,55.09,0
2018-11-12 12:00:00,2.62,12.57,20.11,80.15,31.07,47.45,1012.87,7.71,57.78,0
2018-11-12 13:00:00,3.29,24.58,46.17,89.85,27.61,69.14,1010.14,3.05,23.93,0
2018-11-12 14:00:00,1.17,37.58,70.86,140.28,38.63,65.83,1010.56,2.94,71.85,1
2018-11-12 15:00:00,7.9,31.33,39.81,155.06,22.82,51.43,1012.63,7.23,44.04,0
2018-11-12 16:00:00,6.96,12.49,58.93,145.36,31.89,70.91,1013.56,5.29,48.3,0
2018-11-12 17:00:00,9.11,18.25,81.13,128.04,21.26,72.84,1009.53,2.84,63.71,0
2018-11-12 18:00:00,11.57,15.49,71.01,187.05,39.89,73.64,1010.76,8.06,38.05,0
2018-11-12 19:00:00,11.07,18.48,70.17,104.6,31.13,78.84,1011.21,2.71,39.38,0
2018-11-12 20:00:00,33.54,60.2,83.49,283.38,25.08,88.49,1022.46,2.72,64.56,0
2018-11-12 21:00:00,4.41,12.3,58.56,235.11,35.91,66.51,1013.65,9.98,80.53,0
2018-11-12 22:00:00,3.66,25.12,110.99,321.86,37.7,72.42,996.59,18.48,67.94,0
2018-11-12 23:00:00,7.81,16.51,28.81,74.56,30.21,59.14,1011.58,1.46,33.84,0
2018-11-13 00:00:00,13.38,36.48,47.34,82.32,26.87,60.16,1005.31,1.48,59.48,0
2018-11-13 01:00:00,0.43,5.84,21.67,167.69,21.56,53.61,1010.9,16.03,15.11,0
2018-11-13 02:00:00,1.76,6.27,37.96,209.23,22.41,62.19,1010.53,4.12,32.31,0
2018-11-13 03:00:00,2.33,47.31,62.26,157.81,20.86,51.12,1003.15,4.38,52.79,0
2018-11-13 04:00:00,4.88,10.78,63.67,277.6,34.2,75.02,1020.12,3.73,50.53,0
2018-11-13 05:00:00,2.64,29.77,63.72,97.67,34.48,70.22,1011.71,6.59,66.92,0
2018-11-13 06:00:00,11.73,30.71,63.88,209.64,21.87,81.86,1016.14,6.03,77.99,0
2018-11-13 07:00:00,5.6,12.77,75.8,176.94,34.69,60.24,1007.16,18.41,46.5,0
2018-11-13 08:00:00,3.99,11.24,20.38,50.13,26.2,73.24,1012.3,16.8,26.83,0
2018-11-13 09:00:00,7.02,17.43,58.04,216.79,24.65,75.13,1014.75,29.87,66.61,0
2018-11-13 10:00:00,0.22,27.75,69.83,98.56,30.46,58.28,1004.63,8.7,90.98,1
2018-11-13 11:00:00,6.7,15.69,92.49,215.04,27.44,60.92,1022.92,7.01,85.91,0
2018-11-13 12:00:00,1.53,22.89,138.96,295.81,17.87,83.57,1014.44,0.71,96.98,1
2018-11-13 13:00:00,9.98,27.31,38.99,57.48,25.87,68.05,1012.87,8.65,54.67,0
2018-11-13 14:00:00,0.32,18.06,40.47,195.49,20.22,70.37,1008.8,2.98,39.68,0
2018-11-13 15:00:00,7.46,53.48,59.17,128.15,18.21,59.57,1012.17,5.05,68.77,1
2018-11-13 16:00:00,1.59,21.73,36.05,98.35,24.34,85.69,1001.1,9.02,38.49,0
2018-11-13 17:00:00,13.61,31.16,111.54,166.7,27.33,64.07,1011.14,6.28,75.81,0
2018-11-13 18:00:00,0.5,2.93,57.86,286.13,20.35,77.31,1018.58,13.01,58.6,0
2018-11-13 19:00:00,4.7,37.24,64.74,167.84,28.21,49.49,1003.69,10.33,48.14,0
2018-11-13 20:00:00,8.73,32.23,63.35,109.48,28.33,58.79,1008.07,25.03,72.75,0
2018-11-13 21:00:00,6.34,23.4,34.87,232.54,31.74,70.34,1007.47,6.82,58.68,0
2018-11-13 22:00:00,6.3,16.65,29.55,199.71,26.78,78.01,1017.86,23.95,40.95,0
2018-11-13 23:00:00,0.86,3.43,35.82,131.42,31.85,72.87,1014.49,5.83,48.86,0
2018-11-14 00:00:00,0.77,20.57,41.35,141.26,32.33,61.04,1008.76,9.73,47.51,1
2018-11-14 01:00:00,6.07,19.55,72.73,92.12,19.33,56.78,1010.48,10.0,40.5,0
2018-11-14 02:00:00,5.2,48.9,109.24,165.19,37.57,87.61,1010.14,7.8,92.69,1
2018-11-14 03:00:00,1.25,22.7,44.98,84.78,34.71,61.55,1005.71,8.3,19.02,0
2018-11-14 04:00:00,1.15,16.01,58.14,138.97,26.28,80.18,1005.72,32.05,70.08,0
2018-11-14 05:00:00,4.05,56.94,88.08,147.83,22.59,82.54,1007.62,0.81,65.41,0
2018-11-14 06:00:00,2.96,16.39,46.77,119.68,32.63,68.94,1007.05,5.64,30.75,0
2018-11-14 07:00:00,21.13,62.33,140.71,231.58,24.11,72.46,1007.57,16.23,98.09,1
2018-11-14 08:00:00,14.3,16.27,26.11,44.91,22.04,52.44,1008.17,11.31,48.42,0
2018-11-14 09:00:00,9.66,69.53,146.33,189.92,26.01,87.62,1008.76,6.14,100.0,1
2018-11-14 10:00:00,15.79,43.2,99.58,224.73,34.58,74.79,1009.27,26.79,91.5,0
2018-11-14 11:00:00,2.13,8.6,49.24,108.58,36.04,83.06,1014.52,7.27,35.86,0
2018-11-14 12:00:00,2.54,51.68,103.93,217.01,38.23,80.21,1010.83,31.61,62.61,0
2018-11-14 13:00:00,12.6,13.98,43.64,233.66,26.62,68.52,1002.02,10.75,39.56,0
2018-11-14 14:00:00,4.69,9.33,30.87,166.21,27.08,76.49,1009.77,16.71,35.34,1
2018-11-14 15:00:00,4.99,24.32,40.3,67.19,27.12,56.32,1014.15,15.55,41.81,0
2018-11-14 16:00:00,1.04,33.73,91.21,104.8,24.44,77.1,1016.07,2.6,49.22,0
2018-11-14 17:00:00,12.11,29.34,67.28,150.65,24.27,59.04,1016.65,8.62,57.15,1
2018-11-14 18:00:00,7.79,10.58,104.88,151.17,25.59,83.34,1015.92,11.14,87.36,0
2018-11-14 19:00:00,3.36,10.45,64.52,146.17,38.31,82.94,1011.44,21.16,48.64,0
2018-11-14 20:00:00,2.56,11.4,52.02,99.94,23.27,66.79,1016.9,15.17,49.19,0
2018-11-14 21:00:00,13.81,32.5,53.28,81.12,29.2,48.24,1020.63,5.01,65.97,0
2018-11-14 22:00:00,2.16,14.43,38.05,188.28,31.32,72.51,1015.98,8.73,21.24,0
2018-11-14 23:00:00,0.61,31.52,50.89,137.81,39.65,79.82,1012.93,2.52,53.85,0
2018-11-15 00:00:00,14.47,17.03,61.83,115.9,29.65,59.24,1013.74,3.74,26.7,1
2018-11-15 01:00:00,14.71,36.25,65.24,145.31,26.47,60.61,1001.3,6.71,37.41,0
2018-11-15 02:00:00,2.15,6.83,28.21,314.56,22.6,70.43,1009.86,0.46,60.99,0
2018-11-15 03:00:00,24.45,61.29,160.63,169.49,23.08,75.23,994.46,5.52,97.35,1
2018-11-15 04:00:00,4.16,25.89,93.27,161.26,27.94,61.2,1009.45,3.73,74.33,1
2018-11-15 05:00:00,2.18,14.46,47.57,106.99,26.31,55.12,1007.09,6.14,24.0,1
2018-11-15 06:00:00,7.56,17.59,52.85,113.89,27.68,60.6,1003.2,10.39,44.7,0
2018-11-15 07:00:00,0.82,18.88,74.74,251.49,31.19,76.49,1012.71,18.81,67.17,0
2018-11-15 08:00:00,1.46,31.71,61.36,110.14,24.4,68.2,1007.39,6.83,64.36,0
2018-11-15 09:00:00,6.1,23.51,35.29,50.0,30.07,71.47,1010.98,7.19,47.74,0
2018-11-15 10:00:00,5.1,17.32,37.28,110.48,33.72,68.02,1013.79,12.8,37.62,0
2018-11-15 11:00:00,1.03,6.92,42.6,155.87,17.96,76.75,1004.11,11.28,55.71,0
2018-11-15 12:00:00,21.25,33.04,68.42,125.9,28.97,78.39,1014.25,3.63,61.15,1
2018-11-15 13:00:00,2.9,33.3,41.23,229.77,35.9,51.92,1011.85,7.34,18.07,1
2018-11-15 14:00:00,4.92,29.1,84.54,155.82,30.32,67.34,1012.61,7.41,62.9,0
2018-11-15 15:00:00,2.75,36.05,44.48,163.86,24.56,76.38,1007.59,15.39,29.13,1
2018-11-15 16:00:00,0.81,6.41,21.03,225.99,31.38,63.43,1017.64,3.96,15.56,0
2018-11-15 17:00:00,4.39,7.14,65.74,120.51,25.12,62.16,1010.82,13.87,55.94,0
2018-11-15 18:00:00,8.63,31.27,59.48,171.39,32.86,62.54,1011.83,4.61,38.28,1
2018-11-15 19:00:00,3.74,7.31,78.78,159.31,30.59,78.44,1008.27,17.28,71.25,0
2018-11-15 20:00:00,1.69,34.96,98.58,229.02,38.5,69.63,1002.33,8.88,83.92,1
2018-11-15 21:00:00,10.83,34.0,45.62,125.13,27.43,75.12,1011.8,3.46,7.29,0
2018-11-15 22:00:00,11.19,28.21,53.04,115.21,30.45,63.01,1014.21,6.57,64.29,0
2018-11-15 23:00:00,3.53,8.42,29.36,175.69,26.14,75.67,1011.1,3.22,35.66,0
2018-11-16 00:00:00,6.47,20.0,42.7,117.14,28.6,74.85,1006.78,5.25,50.36,0
2018-11-16 01:00:00,10.76,22.56,42.84,176.66,23.32,57.46,1009.44,5.51,58.05,1
2018-11-16 02:00:00,8.54,26.12,40.19,217.57,35.28,70.39,1014.36,8.17,24.11,0
2018-11-16 03:00:00,6.3,46.72,113.87,254.8,29.31,62.15,1013.15,42.64,83.01,1
2018-11-16 04:00:00,8.23,13.92,29.14,58.95,28.19,61.17,1016.71,4.83,45.49,0
2018-11-16 05:00:00,6.9,17.25,44.62,107.46,33.01,63.14,1016.41,3.71,46.19,0
2018-11-16 06:00:00,4.66,17.15,31.53,104.29,36.43,43.92,1006.63,5.23,61.63,0
2018-11-16 07:00:00,0.99,35.7,72.38,196.67,40.5,50.56,1012.6,16.21,47.32,0
2018-11-16 08:00:00,1.38,16.04,42.65,126.02,23.36,74.79,1012.53,2.65,43.86,0
2018-11-16 09:00:00,7.18,28.79,50.53,223.87,31.84,63.82,1009.55,8.76,47.41,0
2018-11-16 10:00:00,2.72,39.37,106.17,158.6,33.27,75.74,1000.32,21.39,100.0,1
2018-11-16 11:00:00,6.94,23.92,53.4,197.32,27.53,61.74,1009.1,14.58,56.05,0
2018-11-16 12:00:00,0.96,11.42,42.94,142.41,24.49,75.4,1020.31,9.69,44.03,0
2018-11-16 13:00:00,1.89,33.6,41.48,103.71,34.47,47.5,1013.27,5.94,75.06,0
2018-11-16 14:00:00,3.74,43.18,78.5,177.74,22.99,77.6,1009.29,5.8,76.02,1
2018-11-16 15:00:00,0.09,20.5,73.97,323.65,30.27,88.11,1006.04,12.3,52.78,1
2018-11-16 16:00:00,1.59,9.34,26.83,120.53,24.18,51.81,1015.31,20.83,33.65,0
2018-11-16 17:00:00,2.21,11.84,38.39,112.94,28.27,52.25,1019.87,2.65,54.19,0
2018-11-16 18:00:00,5.47,44.65,120.27,232.02,19.49,80.53,1011.81,3.99,74.05,0
2018-11-16 19:00:00,3.5,26.62,48.04,134.7,22.32,70.17,1005.36,11.51,59.6,0
2018-11-16 20:00:00,5.76,16.77,64.87,125.44,18.05,53.86,1005.94,5.81,74.96,0
2018-11-16 21:00:00,4.83,7.14,34.99,103.62,42.68,57.74,1006.02,1.66,48.39,0
2018-11-16 22:00:00,3.35,26.82,94.48,99.36,20.1,87.2,1020.27,11.66,63.74,1
2018-11-16 23:00:00,2.23,22.73,62.73,292.71,32.86,85.44,1012.14,7.12,49.95,0
2018-11-17 00:00:00,4.99,28.15,47.27,193.78,23.84,61.89,1014.96,3.59,56.23,0
2018-11-17 01:00:00,13.4,20.16,31.25,49.77,14.92,61.95,1013.77,14.49,43.78,0
2018-11-17 02:00:00,2.22,12.72,98.76,144.55,29.45,75.98,1011.71,6.55,100.0,0
2018-11-17 03:00:00,20.57,49.48,94.41,155.69,42.19,44.17,1006.0,9.1,60.54,1
2018-11-17 04:00:00,5.09,5.9,45.23,151.95,23.71,55.62,1006.44,28.9,54.89,0
2018-11-17 05:00:00,10.07,20.47,44.33,158.78,38.14,62.48,1005.66,9.82,40.96,0
2018-11-17 06:00:00,6.54,9.8,19.07,90.98,38.83,81.88,1012.25,15.19,0.0,0
2018-11-17 07:00:00,7.46,13.49,54.93,105.79,22.09,69.14,1008.66,17.56,69.94,0
2018-11-17 08:00:00,1.58,27.53,67.72,94.84,18.5,81.79,1008.03,12.0,54.11,0
2018-11-17 09:00:00,2.69,14.78,62.6,174.64,23.69,64.38,1011.33,5.86,74.69,0
2018-11-17 10:00:00,3.65,8.66,80.41,123.6,33.99,73.97,1001.95,15.62,77.25,0
2018-11-17 11:00:00,8.11,27.41,65.05,175.95,16.91,57.11,1004.6,5.0,68.55,0
2018-11-17 12:00:00,3.68,11.99,20.23,192.59,30.72,43.84,1017.87,6.01,26.4,0
2018-11-17 13:00:00,10.55,22.26,72.41,162.69,28.53,56.7,1017.25,13.6,52.25,0
2018-11-17 14:00:00,3.0,18.59,106.52,143.69,24.38,69.7,1017.03,22.71,100.0,1
2018-11-17 15:00:00,2.05,35.48,66.12,74.59,25.29,65.86,1009.27,9.74,62.78,0
2018-11-17 16:00:00,2.56,18.16,47.71,73.91,27.0,57.1,1010.94,11.68,78.36,0
2018-11-17 17:00:00,8.83,18.65,46.23,207.31,28.49,39.63,1016.92,11.25,46.68,0
2018-11-17 18:00:00,17.12,35.64,69.72,334.76,37.03,74.02,1002.68,2.73,66.08,0
2018-11-17 19:00:00,22.24,41.67,82.97,112.6,25.72,60.84,1009.03,7.07,75.96,0
2018-11-17 20:00:00,8.02,17.1,64.58,161.85,27.47,66.13,1012.87,1.87,73.97,0
2018-11-17 21:00:00,10.14,22.22,43.35,167.82,31.4,54.55,1010.12,5.79,10.98,1
2018-11-17 22:00:00,0.61,13.79,35.93,185.59,22.55,70.57,1017.23,3.22,34.65,0
2018-11-17 23:00:00,0.93,30.56,32.77,378.88,36.83,42.39,1012.36,2.07,47.83,0
2018-11-18 00:00:00,1.67,2.59,10.8,22.99,23.42,64.97,1006.52,5.36,50.19,0
2018-11-18 01:00:00,14.08,31.85,57.37,100.55,30.59,59.7,1009.0,1.09,66.59,0
2018-11-18 02:00:00,13.91,38.53,80.32,117.55,26.54,64.94,1005.7,6.43,59.38,1
2018-11-18 03:00:00,26.24,55.24,79.52,267.58,28.03,68.46,1015.46,19.13,71.79,0
2018-11-18 04:00:00,1.62,4.62,57.72,183.71,39.0,63.4,1015.01,9.76,93.77,0
2018-11-18 05:00:00,4.12,7.01,26.92,203.3,29.44,72.5,1015.83,1.36,39.82,0
2018-11-18 06:00:00,0.41,8.38,29.19,67.46,24.15,65.43,1015.73,12.37,34.23,0
2018-11-18 07:00:00,0.72,22.65,86.57,293.86,22.89,82.59,1014.49,8.69,80.81,1
2018-11-18 08:00:00,3.33,29.96,70.81,178.07,34.95,71.39,1022.14,2.42,57.94,0
2018-11-18 09:00:00,1.71,4.16,62.51,107.42,30.46,63.55,1009.56,14.15,60.12,0
2018-11-18 10:00:00,1.74,17.64,59.81,158.23,25.21,63.23,1010.99,24.4,62.19,0
2018-11-18 11:00:00,2.34,27.95,63.24,175.14,34.06,49.04,1010.86,3.91,47.81,0
2018-11-18 12:00:00,15.42,24.87,66.21,167.03,23.47,84.54,1012.09,6.67,49.62,0
2018-11-18 13:00:00,11.84,28.71,41.85,198.67,23.17,59.85,1013.19,15.51,73.35,0
2018-11-18 14:00:00,1.36,5.63,10.68,101.63,27.2,37.75,1020.4,13.19,11.1,0
2018-11-18 15:00:00,11.56,31.92,43.97,111.62,26.34,51.24,1019.16,22.34,30.76,0
2018-11-18 16:00:00,1.9,13.43,21.46,62.23,18.32,41.75,1013.5,8.91,35.15,0
2018-11-18 17:00:00,0.6,11.18,51.42,171.79,25.16,55.63,1015.68,10.91,36.08,0
2018-11-18 18:00:00,2.24,18.56,83.32,200.65,31.08,74.15,1002.68,0.8,76.27,1
2018-11-18 19:00:00,5.99,8.01,20.8,72.33,25.88,36.69,1015.34,9.94,37.19,0
2018-11-18 20:00:00,1.57,9.79,48.36,142.18,27.78,75.48,1020.93,16.38,59.4,0
2018-11-18 21:00:00,7.89,33.52,113.77,173.81,22.36,67.76,993.56,5.31,100.0,0
2018-11-18 22:00:00,2.43,4.84,61.08,114.07,29.54,62.41,1015.12,13.02,61.36,0
2018-11-18 23:00:00,6.41,9.17,52.36,268.29,30.69,62.25,1016.13,3.94,67.86,1
2018-11-19 00:00:00,1.33,10.34,43.39,95.01,35.72,50.4,1011.07,21.88,18.34,0
2018-11-19 01:00:00,4.55,17.62,58.5,275.01,26.22,71.27,1014.87,12.44,53.24,0
2018-11-19 02:00:00,1.63,17.25,53.55,169.2,26.56,49.12,1009.4,0.71,23.72,1
2018-11-19 03:00:00,3.44,46.9,76.35,200.62,31.48,82.72,1019.5,4.21,68.39,1
2018-11-19 04:00:00,20.81,36.86,51.67,95.16,27.15,52.26,1016.49,6.67,70.04,0
2018-11-19 05:00:00,2.82,20.49,41.16,226.55,31.46,60.6,1013.7,13.01,24.65,0
2018-11-19 06:00:00,0.9,29.98,68.91,108.86,32.02,59.12,1004.25,14.78,30.08,0
2018-11-19 07:00:00,4.84,11.22,72.61,168.81,22.11,77.57,1007.28,1.69,50.61,0
2018-11-19 08:00:00,4.92,23.08,36.23,316.44,21.85,48.73,1000.96,5.31,53.49,1
2018-11-19 09:00:00,4.89,26.64,131.62,211.64,24.8,91.3,1008.53,4.46,96.61,0
2018-11-19 10:00:00,7.49,27.1,34.59,92.59,18.52,81.29,1013.71,1.98,31.73,0
2018-11-19 11:00:00,2.67,18.31,34.94,97.24,38.21,45.98,1010.69,3.22,43.71,0
2018-11-19 12:00:00,8.16,22.97,63.01,121.89,20.99,46.01,1009.57,7.68,33.37,0
2018-11-19 13:00:00,4.36,9.39,59.55,109.12,34.35,61.58,1009.2,10.53,56.51,0
2018-11-19 14:00:00,0.82,10.7,31.62,179.36,22.33,60.75,1007.86,21.05,27.93,0
2018-11-19 15:00:00,9.21,45.84,79.58,198.01,33.93,65.69,1009.11,18.58,77.16,1
2018-11-19 16:00:00,5.31,13.35,42.76,121.08,34.51,58.51,1013.09,13.08,23.17,0
2018-11-19 17:00:00,7.79,21.53,47.32,140.71,18.46,69.03,1003.09,4.41,48.27,0
2018-11-19 18:00:00,0.97,14.02,30.44,52.9,27.39,62.68,1019.79,0.35,33.11,0
2018-11-19 19:00:00,9.7,27.86,67.28,84.36,37.4,49.78,1008.94,12.0,73.78,0
2018-11-19 20:00:00,25.23,38.18,79.01,181.1,28.56,60.61,1007.11,9.2,52.81,0
2018-11-19 21:00:00,0.87,12.19,45.12,92.84,32.97,75.1,1016.09,3.06,15.64,0
2018-11-19 22:00:00,10.9,35.94,89.12,245.3,29.44,71.35,1015.86,2.51,79.22,1
2018-11-19 23:00:00,5.33,21.36,60.7,100.03,32.89,64.26,1020.05,12.46,35.23,0
2018-11-20 00:00:00,4.41,19.23,37.97,49.62,34.96,47.91,1018.82,3.34,39.66,0
2018-11-20 01:00:00,9.79,18.33,99.16,126.02,26.99,79.09,1003.15,11.29,81.08,1
2018-11-20 02:00:00,8.89,18.99,65.18,164.63,28.03,65.48,1013.0,12.1,22.76,0
2018-11-20 03:00:00,13.28,29.8,56.22,82.6,26.28,63.86,1016.04,5.06,34.63,0
2018-11-20 04:00:00,1.03,27.81,51.44,134.14,21.19,72.96,1015.63,6.85,65.12,0
2018-11-20 05:00:00,13.71,46.91,70.24,94.22,31.86,56.04,1003.35,18.88,73.59,1
2018-11-20 06:00:00,6.35,23.89,37.91,90.9,28.45,72.49,1008.14,27.27,39.77,1
2018-11-20 07:00:00,0.43,49.17,69.36,148.87,34.93,69.44,1007.42,3.25,42.48,0
2018-11-20 08:00:00,2.85,13.67,49.98,160.87,38.7,74.51,1015.44,3.31,87.62,0
2018-11-20 09:00:00,5.45,16.21,63.41,111.01,25.05,62.51,1008.64,2.9,60.46,0
2018-11-20 10:00:00,2.78,33.26,107.91,168.09,25.73,86.19,1012.36,6.97,92.79,1
2018-11-20 11:00:00,3.87,19.2,45.97,86.45,24.6,33.98,1010.78,23.32,36.19,0
2018-11-20 12:00:00,2.36,11.12,49.75,102.9,35.98,49.12,1015.51,3.42,31.88,0
2018-11-20 13:00:00,35.81,49.22,87.29,162.03,20.44,60.41,1011.55,9.19,84.24,1
2018-11-20 14:00:00,8.28,13.96,33.99,125.24,29.89,52.48,1014.01,8.33,36.33,0
2018-11-20 15:00:00,4.82,16.69,61.03,172.26,19.83,75.92,1001.94,12.56,57.57,1
2018-11-20 16:00:00,1.29,6.38,17.26,104.73,36.1,37.59,1008.44,26.97,27.38,0
2018-11-20 17:00:00,13.31,18.98,49.65,91.45,32.01,71.81,1015.26,1.35,69.64,0
2018-11-20 18:00:00,7.34,23.73,50.3,127.89,24.53,62.81,1010.25,13.29,45.21,0
2018-11-20 19:00:00,1.48,2.84,23.96,227.39,37.91,46.98,1007.31,16.63,41.64,0
2018-11-20 20:00:00,1.5,6.64,47.44,77.77,23.61,80.02,1004.53,17.31,48.87,0
2018-11-20 21:00:00,3.97,11.1,85.99,181.39,28.67,55.89,1001.64,11.21,45.87,0
2018-11-20 22:00:00,4.86,14.65,72.18,256.17,15.88,75.93,1013.09,14.2,47.52,0
2018-11-20 23:00:00,8.11,28.58,66.06,137.76,31.45,79.0,1021.07,3.34,61.1,1
2018-11-21 00:00:00,4.25,13.75,68.49,76.93,26.05,47.55,1002.35,6.08,51.81,0
2018-11-21 01:00:00,8.74,44.47,133.6,225.92,26.77,67.56,1010.72,8.2,90.04,1
2018-11-21 02:00:00,2.78,10.75,29.71,98.51,22.7,72.8,1010.79,10.67,58.87,0
2018-11-21 03:00:00,4.26,5.78,36.28,149.75,21.94,62.22,1011.35,5.61,35.55,0
2018-11-21 04:00:00,13.72,19.17,62.81,149.02,24.99,71.94,1012.25,3.58,87.51,0
2018-11-21 05:00:00,9.09,25.3,71.24,124.07,35.09,67.54,1003.21,10.04,55.97,0
2018-11-21 06:00:00,4.53,10.18,37.07,79.75,30.25,68.46,1012.44,14.98,31.77,0
2018-11-21 07:00:00,6.14,13.92,51.85,206.6,23.22,51.26,1020.33,8.57,71.78,1
2018-11-21 08:00:00,4.28,34.59,62.53,97.73,15.77,72.72,1012.57,4.47,59.09,0
2018-11-21 09:00:00,0.73,37.49,69.41,196.91,38.79,64.86,1011.57,12.31,79.34,0
2018-11-21 10:00:00,17.73,21.37,29.57,71.02,14.4,57.25,1013.05,19.39,18.86,0
2018-11-21 11:00:00,1.61,12.85,87.67,154.78,34.22,56.22,1009.47,9.32,37.74,0
2018-11-21 12:00:00,3.03,18.96,25.66,37.3,30.72,43.13,1016.46,21.59,0.0,0
2018-11-21 13:00:00,31.24,57.08,79.47,362.15,26.91,66.93,1016.53,3.27,42.15,0
2018-11-21 14:00:00,1.22,10.64,57.86,79.91,24.84,76.74,1009.97,19.09,31.5,0
2018-11-21 15:00:00,4.03,19.86,81.88,195.57,32.21,70.79,1003.31,8.23,73.31,0
2018-11-21 16:00:00,14.48,43.54,71.19,251.45,34.02,57.12,1015.76,8.27,56.21,1
2018-11-21 17:00:00,7.25,20.98,71.9,125.37,34.07,65.24,1010.29,10.08,54.7,1
2018-11-21 18:00:00,13.41,14.07,44.98,149.91,34.13,59.37,1010.68,13.05,25.25,0
2018-11-21 19:00:00,3.62,14.76,55.08,141.98,19.69,55.72,1016.22,8.91,63.62,0
2018-11-21 20:00:00,12.43,19.08,42.32,137.82,24.26,65.85,1010.9,10.8,53.86,0
2018-11-21 21:00:00,4.42,11.49,59.22,134.52,24.52,55.04,1016.92,11.29,28.5,0
2018-11-21 22:00:00,3.18,10.76,23.52,75.62,28.32,51.45,1019.0,12.45,27.35,0
2018-11-21 23:00:00,2.88,4.19,107.0,282.38,29.57,62.38,1015.22,13.48,66.69,1
2018-11-22 00:00:00,8.58,43.66,63.95,204.38,33.89,58.0,1013.38,7.9,81.45,0
2018-11-22 01:00:00,8.49,35.49,49.48,102.37,27.85,78.33,1011.76,9.5,50.53,1
2018-11-22 02:00:00,4.55,43.28,75.66,171.44,32.31,60.65,1008.72,7.95,61.45,0
2018-11-22 03:00:00,6.93,58.16,83.82,288.66,26.06,64.39,1005.32,0.25,69.26,1
2018-11-22 04:00:00,1.19,16.6,90.71,176.26,39.32,78.43,1016.74,3.69,72.77,0
2018-11-22 05:00:00,3.67,12.33,104.57,169.58,24.51,83.33,1010.04,18.13,81.62,0
2018-11-22 06:00:00,1.27,20.05,40.87,47.96,24.41,56.42,1009.25,7.94,10.63,0
2018-11-22 07:00:00,1.21,20.59,64.12,143.01,29.48,78.22,1014.03,5.53,55.3,0
2018-11-22 08:00:00,6.33,14.96,55.48,165.4,34.38,54.29,1018.68,3.43,94.47,0
2018-11-22 09:00:00,4.8,13.23,55.83,136.41,23.76,70.99,1012.22,8.24,36.34,0
2018-11-22 10:00:00,2.79,15.29,31.79,61.22,26.4,59.13,1017.35,7.06,51.43,0
2018-11-22 11:00:00,3.48,11.39,27.51,63.85,26.03,63.43,1018.08,1.64,44.27,0
2018-11-22 12:00:00,6.84,26.36,61.01,184.76,22.36,71.18,1011.73,0.81,52.08,1
2018-11-22 13:00:00,8.74,13.14,54.4,75.83,24.99,63.29,1010.05,12.98,35.83,0
2018-11-22 14:00:00,7.53,30.24,41.85,125.22,24.26,66.94,1016.58,11.25,51.14,0
2018-11-22 15:00:00,0.39,32.99,55.53,161.08,35.34,72.01,1012.81,12.47,44.85,0
2018-11-22 16:00:00,0.08,37.26,66.97,153.48,28.93,50.03,1012.28,12.22,55.3,0
2018-11-22 17:00:00,1.82,58.31,122.22,151.87,25.25,67.43,1008.66,10.8,93.82,0
2018-11-22 18:00:00,16.08,35.84,89.48,102.06,38.31,79.44,1011.41,9.53,54.94,0
2018-11-22 19:00:00,3.36,7.02,80.01,102.48,38.01,49.39,1008.14,19.27,58.44,0
2018-11-22 20:00:00,0.81,15.38,47.66,136.91,37.5,51.46,1009.24,2.58,56.9,0
2018-11-22 21:00:00,3.32,51.8,76.23,89.59,25.56,83.37,1021.52,15.69,61.36,0
2018-11-22 22:00:00,0.24,36.64,106.8,171.26,33.71,69.73,1009.18,4.91,51.34,1
2018-11-22 23:00:00,0.84,11.49,43.01,167.93,39.82,63.97,1015.48,13.37,49.53,1
2018-11-23 00:00:00,3.05,4.83,52.35,183.59,25.86,67.75,1009.81,6.25,57.45,0
2018-11-23 01:00:00,2.51,21.53,27.83,91.45,26.84,63.8,1019.06,9.64,45.55,0
2018-11-23 02:00:00,3.02,6.45,37.05,148.43,25.62,55.83,1013.75,21.61,37.22,1
2018-11-23 03:00:00,7.04,25.67,57.49,97.91,29.22,61.09,1010.48,1.76,37.3,0
2018-11-23 04:00:00,10.73,31.02,62.26,183.5,38.05,86.99,1001.67,6.95,35.83,0
2018-11-23 05:00:00,5.12,40.32,74.58,188.05,28.38,54.47,1007.59,16.45,55.11,0
2018-11-23 06:00:00,11.23,13.26,82.09,150.51,24.93,62.14,1014.32,8.67,76.07,0
2018-11-23 07:00:00,2.58,28.6,51.56,93.74,27.48,51.94,1000.47,3.61,37.83,0
2018-11-23 08:00:00,12.55,25.15,78.43,142.48,34.52,66.42,1006.07,13.78,90.24,0
2018-11-23 09:00:00,5.2,46.82,57.15,137.61,12.45,55.31,995.19,9.67,42.58,0
2018-11-23 10:00:00,9.94,34.76,46.19,188.16,30.14,75.28,1000.27,11.3,66.39,0
2018-11-23 11:00:00,2.64,18.14,35.01,90.34,26.76,76.45,1013.22,5.12,45.26,0
2018-11-23 12:00:00,4.97,11.42,31.45,142.39,24.43,59.56,1005.62,31.35,29.3,0
2018-11-23 13:00:00,23.13,36.74,89.68,145.89,18.34,60.21,1011.51,19.96,51.76,0
2018-11-23 14:00:00,4.93,35.47,70.13,179.14,31.4,85.11,1016.13,10.25,66.21,0
2018-11-23 15:00:00,10.65,24.34,32.73,81.37,26.39,52.54,1010.51,6.63,36.01,0
2018-11-23 16:00:00,11.81,25.14,62.16,236.71,30.52,67.64,1010.75,3.4,42.98,0
2018-11-23 17:00:00,8.06,21.95,58.9,206.71,21.79,68.52,1007.82,12.36,53.21,0
2018-11-23 18:00:00,9.39,18.06,19.63,92.07,17.55,47.94,1013.77,10.29,34.27,0
2018-11-23 19:00:00,2.65,8.49,81.44,105.73,21.28,64.68,1010.2,1.45,51.44,0
2018-11-23 20:00:00,1.74,8.45,26.68,78.52,26.77,77.55,1005.87,6.49,36.25,0
2018-11-23 21:00:00,1.29,16.17,68.9,158.31,18.01,69.36,1008.3,4.8,25.07,0
2018-11-23 22:00:00,6.74,33.64,79.14,228.0,28.79,73.39,1016.92,15.76,43.14,0
2018-11-23 23:00:00,4.79,21.26,34.89,71.44,37.17,68.65,1018.48,4.97,52.9,0
2018-11-24 00:00:00,6.31,37.27,101.85,215.78,14.29,76.84,1010.12,18.49,70.14,1
2018-11-24 01:00:00,1.01,37.86,78.94,166.57,24.09,78.52,996.59,5.2,73.15,0
2018-11-24 02:00:00,2.11,52.7,116.97,172.9,27.04,80.71,1013.41,8.56,92.31,0
2018-11-24 03:00:00,10.4,58.01,142.77,216.87,26.93,78.6,1001.44,11.53,100.0,1
2018-11-24 04:00:00,5.56,9.48,25.88,66.71,35.21,90.5,1009.27,5.42,44.27,0
2018-11-24 05:00:00,5.23,26.62,65.72,170.13,25.65,60.2,1010.96,21.3,69.12,0
2018-11-24 06:00:00,3.64,13.59,24.03,106.34,26.39,54.76,1019.76,2.17,10.81,0
2018-11-24 07:00:00,1.88,8.87,72.77,123.73,25.98,81.27,1009.22,26.41,84.33,0
2018-11-24 08:00:00,12.91,24.75,32.86,231.57,30.65,68.14,1015.02,10.44,46.84,0
2018-11-24 09:00:00,14.74,54.33,67.06,175.71,37.05,62.33,1002.12,11.85,94.1,1
2018-11-24 10:00:00,4.99,35.64,57.48,161.34,28.01,59.85,1012.22,19.51,49.07,0
2018-11-24 11:00:00,4.05,19.05,50.66,123.02,36.42,63.5,1016.34,5.51,34.97,0
2018-11-24 12:00:00,15.63,39.57,93.83,176.17,28.52,74.45,1007.77,6.93,88.48,0
2018-11-24 13:00:00,2.18,21.5,30.4,64.26,21.05,59.93,1011.21,20.64,49.39,0
2018-11-24 14:00:00,2.85,14.71,53.41,107.97,34.12,58.88,1018.46,20.01,23.53,0
2018-11-24 15:00:00,9.98,17.84,38.83,161.32,27.88,68.23,1009.86,7.26,40.14,0
2018-11-24 16:00:00,2.79,16.4,47.2,165.86,35.87,63.62,1013.56,5.86,36.42,0
2018-11-24 17:00:00,4.71,29.78,101.2,135.38,32.54,81.53,1005.47,0.89,67.87,1
2018-11-24 18:00:00,0.14,42.86,77.12,117.95,33.13,69.89,1009.97,2.44,63.43,0
2018-11-24 19:00:00,15.03,36.58,81.76,191.1,23.81,54.12,1004.87,16.94,51.03,0
2018-11-24 20:00:00,9.26,18.44,24.53,135.29,22.71,63.88,1004.38,4.05,49.69,0
2018-11-24 21:00:00,12.17,18.33,36.53,79.41,27.78,70.94,1009.34,9.09,28.01,0
2018-11-24 22:00:00,1.55,20.36,52.14,175.53,20.54,67.96,1017.12,6.28,36.59,0
2018-11-24 23:00:00,17.75,19.86,30.64,74.5,22.05,44.32,1013.25,8.23,17.77,0
2018-11-25 00:00:00,4.28,74.44,82.13,149.25,23.87,72.34,1013.96,4.84,69.65,1
2018-11-25 01:00:00,13.07,34.31,52.9,123.76,21.26,59.53,1005.55,6.2,31.39,0
2018-11-25 02:00:00,6.57,41.57,73.3,192.05,27.4,68.51,1021.05,1.01,68.78,0
2018-11-25 03:00:00,9.64,38.96,91.13,229.67,28.12,76.09,1014.63,8.5,86.7,1
2018-11-25 04:00:00,7.05,28.03,80.37,137.33,25.1,66.77,1005.28,5.91,56.55,1
2018-11-25 05:00:00,2.77,22.78,51.75,151.55,21.13,70.39,1008.87,2.19,70.14,1
2018-11-25 06:00:00,0.51,26.57,61.15,284.08,23.43,70.57,1003.19,8.45,49.38,0
2018-11-25 07:00:00,13.92,24.93,34.52,189.12,29.25,64.52,1003.55,13.17,56.29,0
2018-11-25 08:00:00,10.58,25.78,122.85,158.77,26.63,73.3,1010.68,7.3,99.89,0
2018-11-25 09:00:00,13.9,41.03,117.95,194.57,28.55,85.98,997.61,25.31,75.27,1
2018-11-25 10:00:00,0.76,4.67,45.18,135.42,23.07,77.64,1012.05,9.77,46.42,0
2018-11-25 11:00:00,2.95,17.75,43.64,114.95,30.29,62.55,1007.8,8.87,47.42,0
2018-11-25 12:00:00,0.63,14.07,76.62,156.47,32.28,63.84,1013.02,4.9,48.85,1
2018-11-25 13:00:00,2.32,4.27,102.5,216.13,20.8,69.29,1009.98,10.75,59.73,0
2018-11-25 14:00:00,12.0,34.53,78.78,215.7,25.47,77.01,1003.11,21.44,54.68,1
2018-11-25 15:00:00,9.54,27.04,79.8,209.41,18.88,70.29,1008.92,6.19,53.16,0
2018-11-25 16:00:00,8.44,23.23,44.78,160.27,32.51,60.61,1012.08,19.53,7.58,1
2018-11-25 17:00:00,2.97,33.83,45.21,79.79,40.23,55.69,1011.76,3.06,77.25,0
2018-11-25 18:00:00,0.95,28.38,58.04,170.0,32.96,69.31,1010.46,5.35,44.69,0
2018-11-25 19:00:00,3.64,32.59,80.51,126.19,27.18,75.57,1016.31,4.15,83.66,1
2018-11-25 20:00:00,1.28,14.87,24.21,59.51,28.86,58.57,1017.63,9.93,42.14,1
2018-11-25 21:00:00,10.68,21.43,114.54,171.0,31.13,78.31,1003.32,5.03,71.63,0
2018-11-25 22:00:00,18.2,35.4,81.01,108.92,21.04,74.5,1003.12,2.29,76.92,0
2018-11-25 23:00:00,6.52,27.36,79.88,128.47,28.29,78.54,1003.68,9.83,51.09,0
2018-11-26 00:00:00,0.75,25.38,31.39,117.3,27.86,51.83,1010.82,19.69,66.24,0
2018-11-26 01:00:00,14.34,21.32,44.04,181.46,26.76,55.73,1012.46,1.6,34.37,0
2018-11-26 02:00:00,5.24,25.08,59.8,181.46,25.65,61.68,1019.9,14.41,41.43,0
2018-11-26 03:00:00,4.56,37.93,51.25,118.6,28.47,64.46,1006.66,9.26,66.24,0
2018-11-26 04:00:00,7.82,15.64,133.31,191.01,22.45,74.29,1008.29,3.99,92.34,0
2018-11-26 05:00:00,1.01,2.84,76.53,95.64,23.84,65.9,1009.09,17.06,86.05,0
2018-11-26 06:00:00,3.03,3.84,39.84,220.53,29.5,69.3,1013.89,19.73,28.65,0
2018-11-26 07:00:00,4.24,14.9,72.08,226.76,27.75,53.43,1010.11,5.65,90.98,0
2018-11-26 08:00:00,6.0,11.84,37.81,127.34,28.07,53.83,1007.35,8.83,23.37,0
2018-11-26 09:00:00,6.6,28.44,94.29,227.69,33.32,65.07,1010.36,6.01,79.8,1
2018-11-26 10:00:00,7.81,27.08,56.92,137.8,27.42,77.67,1019.56,8.15,40.79,0
2018-11-26 11:00:00,2.39,4.81,94.19,128.18,26.82,72.65,1009.36,8.46,71.06,0
2018-11-26 12:00:00,0.35,32.66,53.09,77.38,31.57,66.74,1019.44,4.89,68.47,0
2018-11-26 13:00:00,3.6,12.03,22.97,110.15,37.71,50.69,1011.64,0.06,20.82,0
2018-11-26 14:00:00,4.1,10.7,42.82,256.91,25.41,57.7,1017.43,7.03,70.02,0
2018-11-26 15:00:00,0.32,18.86,37.85,42.73,30.49,36.0,1008.75,16.93,52.08,0
2018-11-26 16:00:00,2.24,12.24,56.73,145.73,26.57,65.65,1013.44,7.69,23.13,0
2018-11-26 17:00:00,5.48,22.8,39.17,115.44,22.78,55.19,1017.3,2.73,36.36,0
2018-11-26 18:00:00,2.68,15.76,133.68,231.2,27.86,62.74,1012.5,4.38,95.39,0
2018-11-26 19:00:00,5.27,40.17,50.7,124.61,31.34,66.99,1020.12,2.74,50.67,0
2018-11-26 20:00:00,2.55,20.16,66.05,306.43,23.4,57.39,1024.72,0.73,41.44,1
2018-11-26 21:00:00,8.34,20.22,45.8,66.85,34.14,64.03,1003.92,6.98,35.97,0
2018-11-26 22:00:00,1.43,15.82,97.02,150.3,25.84,75.12,1003.83,1.66,54.73,0
2018-11-26 23:00:00,4.62,34.57,61.32,127.83,25.55,93.59,1003.64,14.1,76.77,0
2018-11-27 00:00:00,4.85,11.9,38.45,65.85,32.12,57.81,1021.3,4.48,14.83,0
2018-11-27 01:00:00,10.33,33.03,57.95,179.05,29.47,67.14,1007.92,8.56,25.87,0
2018-11-27 02:00:00,3.21,18.25,65.16,122.99,23.97,66.04,1008.98,1.85,43.06,0
2018-11-27 03:00:00,18.0,33.41,57.99,108.7,20.8,57.59,1013.58,4.03,43.11,0
2018-11-27 04:00:00,17.45,23.32,45.27,170.29,37.42,64.97,1011.2,33.79,35.17,0
2018-11-27 05:00:00,1.56,12.27,22.52,92.62,28.96,66.55,1014.0,7.69,28.78,0
2018-11-27 06:00:00,4.48,13.48,30.86,65.95,38.3,65.79,1008.93,2.12,54.14,0
2018-11-27 07:00:00,0.87,15.85,71.87,105.02,25.3,74.64,1017.7,13.28,46.64,0
2018-11-27 08:00:00,7.26,11.35,30.54,103.11,29.83,52.34,1006.44,5.62,27.85,1
2018-11-27 09:00:00,2.64,4.26,41.51,179.44,21.22,63.01,1011.02,6.98,53.16,0
2018-11-27 10:00:00,5.17,15.1,21.7,65.84,22.46,42.78,1013.56,13.05,55.84,0
2018-11-27 11:00:00,3.5,33.88,88.18,185.67,25.63,53.4,1013.21,9.49,80.44,0
2018-11-27 12:00:00,34.81,56.06,190.26,318.08,37.15,100.0,1008.26,26.84,91.79,1
2018-11-27 13:00:00,3.96,17.76,30.7,143.62,29.28,61.45,1010.36,10.17,37.87,0
2018-11-27 14:00:00,3.6,9.86,25.7,76.2,33.98,65.72,1008.56,13.8,53.64,0
2018-11-27 15:00:00,10.92,11.63,38.96,151.48,39.16,68.15,1020.35,12.33,10.74,1
2018-11-27 16:00:00,12.3,20.67,28.52,152.01,33.23,59.63,1005.47,7.75,35.86,0
2018-11-27 17:00:00,5.93,18.28,32.34,58.23,33.0,73.95,1016.04,9.23,33.02,0
2018-11-27 18:00:00,12.59,17.74,69.92,116.98,28.73,66.0,1004.35,2.29,89.98,0
2018-11-27 19:00:00,30.45,50.56,83.36,148.96,35.97,48.24,1012.38,6.95,71.14,0
2018-11-27 20:00:00,3.31,23.04,55.96,106.61,30.01,66.62,1015.79,1.4,59.58,0
2018-11-27 21:00:00,1.04,10.84,17.42,47.62,34.26,67.3,1005.65,17.85,46.92,0
2018-11-27 22:00:00,6.75,19.7,30.05,65.78,26.23,46.1,1015.3,18.27,0.0,0
2018-11-27 23:00:00,11.61,24.34,47.33,109.52,31.82,60.5,1008.11,7.22,54.42,0
2018-11-28 00:00:00,16.83,35.59,109.0,174.76,30.36,85.52,997.58,10.79,68.51,1
2018-11-28 01:00:00,7.93,14.78,36.91,141.62,26.23,70.32,1015.71,1.57,23.41,0
2018-11-28 02:00:00,4.74,71.2,109.32,175.97,20.26,73.16,1003.86,8.87,73.94,0
2018-11-28 03:00:00,1.87,5.94,25.06,54.91,29.78,51.6,1008.71,13.41,30.31,0
2018-11-28 04:00:00,13.96,20.91,53.5,173.86,30.5,64.35,1003.72,25.34,54.38,0
2018-11-28 05:00:00,6.23,23.0,119.36,182.78,22.5,78.7,1005.23,18.54,98.61,0
2018-11-28 06:00:00,0.36,43.53,86.03,174.62,28.82,77.68,1017.01,21.94,90.2,0
2018-11-28 07:00:00,23.09,32.25,59.23,122.99,29.64,64.0,1019.8,6.86,40.72,0
2018-11-28 08:00:00,1.14,7.2,57.18,103.6,34.12,80.61,1006.75,6.56,51.08,1
2018-11-28 09:00:00,11.79,23.25,72.27,134.33,29.71,70.11,1009.5,3.7,19.39,0
2018-11-28 10:00:00,5.75,28.93,74.58,186.96,31.87,64.67,1011.66,18.93,47.65,0
2018-11-28 11:00:00,0.42,24.45,46.95,190.26,27.2,57.67,1006.02,3.44,52.11,0
2018-11-28 12:00:00,4.19,25.37,34.19,95.8,26.3,52.36,1014.92,16.47,50.33,0
2018-11-28 13:00:00,3.32,49.65,79.21,168.75,27.26,79.24,1017.29,19.54,100.0,1
2018-11-28 14:00:00,0.63,24.75,39.07,61.72,25.53,59.79,1005.45,7.09,38.24,0
2018-11-28 15:00:00,7.24,34.85,47.7,68.22,26.69,34.78,1018.08,5.26,34.13,0
2018-11-28 16:00:00,10.41,39.95,77.55,177.81,30.86,64.82,1004.21,15.12,60.73,0
2018-11-28 17:00:00,4.5,9.92,41.76,151.51,31.0,74.58,1010.02,1.9,39.81,0
2018-11-28 18:00:00,3.22,15.79,65.71,107.42,30.46,61.97,1023.17,7.29,40.42,0
2018-11-28 19:00:00,7.76,14.82,59.98,106.54,29.71,52.07,1020.19,2.23,60.14,0
2018-11-28 20:00:00,2.83,10.47,59.56,217.58,35.28,60.71,1004.05,7.0,32.4,0
2018-11-28 21:00:00,3.07,13.65,136.21,221.71,35.24,85.15,1012.39,7.45,100.0,0
2018-11-28 22:00:00,4.65,23.08,45.75,102.01,28.85,60.52,1004.72,11.24,47.41,0
2018-11-28 23:00:00,0.56,42.32,85.74,218.72,36.56,60.8,1012.56,5.42,71.87,0
2018-11-29 00:00:00,0.19,22.68,59.62,95.67,35.82,71.27,1008.88,15.96,63.13,0
2018-11-29 01:00:00,1.3,20.97,27.22,196.43,28.85,71.12,1015.09,8.29,57.46,0
2018-11-29 02:00:00,7.14,17.91,47.03,121.08,24.64,77.78,1012.98,3.49,46.72,0
2018-11-29 03:00:00,3.02,47.67,60.74,103.78,26.03,67.66,1012.08,14.0,54.18,0
2018-11-29 04:00:00,1.29,5.05,60.85,238.36,28.48,63.88,1009.88,5.77,58.64,0
2018-11-29 05:00:00,20.31,44.88,66.4,91.99,26.3,70.99,1021.88,6.61,51.36,1
2018-11-29 06:00:00,3.22,5.04,22.34,74.46,22.62,71.29,1009.76,2.42,49.73,0
2018-11-29 07:00:00,4.68,20.53,91.95,238.5,22.32,81.64,1006.46,9.92,50.55,0
2018-11-29 08:00:00,13.79,43.54,83.59,140.36,25.68,69.02,1017.91,2.63,72.57,1
2018-11-29 09:00:00,5.39,19.92,66.3,107.07,24.8,57.15,1005.47,7.81,52.2,0
2018-11-29 10:00:00,7.69,43.14,80.97,195.14,17.58,71.74,1015.24,1.69,73.35,1
2018-11-29 11:00:00,1.76,8.01,22.08,119.1,32.63,58.59,1010.65,6.33,20.14,0
2018-11-29 12:00:00,4.94,5.59,15.62,132.83,33.71,62.1,1008.18,8.52,61.39,1
2018-11-29 13:00:00,18.28,22.36,68.52,173.1,31.27,56.15,1016.3,15.58,67.47,1
2018-11-29 14:00:00,6.82,17.82,84.56,215.24,16.43,63.4,1011.57,8.3,62.23,1
2018-11-29 15:00:00,5.92,24.42,51.12,143.8,26.95,72.75,1011.56,15.51,51.58,0
2018-11-29 16:00:00,3.58,11.83,79.91,161.27,30.5,71.01,1011.14,4.42,66.01,0
2018-11-29 17:00:00,0.85,16.78,43.77,192.89,34.86,50.87,1014.92,16.3,51.68,0
2018-11-29 18:00:00,12.57,33.91,57.28,282.63,39.96,78.16,1003.75,5.29,52.06,0
2018-11-29 19:00:00,4.31,10.96,46.63,134.84,28.07,60.21,1016.81,5.98,63.21,1
2018-11-29 20:00:00,2.1,8.92,25.33,67.36,28.86,63.12,1003.5,11.38,0.0,0
2018-11-29 21:00:00,6.22,9.47,61.33,124.37,30.68,60.94,1005.38,15.37,44.11,1
2018-11-29 22:00:00,1.08,36.53,107.09,137.77,24.78,76.77,1013.0,11.72,79.93,1
2018-11-29 23:00:00,12.66,48.7,62.95,226.46,23.79,79.2,1015.92,12.46,33.58,0
2018-11-30 00:00:00,2.25,18.05,40.43,96.46,32.87,75.19,1008.9,1.74,48.92,0
2018-11-30 01:00:00,5.05,9.51,79.92,134.83,31.74,84.62,1014.43,11.34,77.73,0
2018-11-30 02:00:00,6.69,47.08,65.94,149.74,26.9,61.87,1009.04,4.85,85.07,0
2018-11-30 03:00:00,5.98,12.82,31.05,73.45,19.38,66.83,1003.7,6.27,51.46,1
2018-11-30 04:00:00,10.44,13.87,101.32,145.56,16.24,56.3,1006.27,16.42,83.39,0
2018-11-30 05:00:00,2.51,9.18,108.27,138.45,27.6,77.53,1002.24,11.27,89.26,1
2018-11-30 06:00:00,4.71,10.64,48.97,82.8,27.79,82.1,1011.23,3.39,40.85,0
2018-11-30 07:00:00,8.08,12.77,48.93,147.15,26.65,51.49,1012.65,19.63,38.77,1
2018-11-30 08:00:00,16.88,25.03,126.15,215.44,32.95,69.17,1010.72,19.28,90.46,1
2018-11-30 09:00:00,9.8,24.65,97.57,151.55,29.19,70.92,1002.88,6.83,83.06,1
2018-11-30 10:00:00,11.45,35.81,139.04,386.72,17.13,77.39,1010.29,22.81,83.57,1
2018-11-30 11:00:00,3.31,14.93,36.05,114.95,39.0,69.54,1014.55,7.73,54.16,0
2018-11-30 12:00:00,6.82,18.51,43.94,204.14,14.18,70.3,1018.14,16.19,49.9,0
2018-11-30 13:00:00,14.93,26.32,32.01,95.76,24.98,40.25,1009.05,41.31,43.4,0
2018-11-30 14:00:00,4.48,7.91,14.74,37.15,22.5,47.04,1007.13,11.64,17.09,0
2018-11-30 15:00:00,6.85,30.75,38.64,232.08,30.67,60.26,1007.61,3.57,45.03,0
2018-11-30 16:00:00,0.47,30.38,56.35,285.7,20.93,59.27,1011.98,6.71,71.99,0
2018-11-30 17:00:00,8.8,47.88,64.34,241.5,31.64,70.07,1010.57,10.16,70.69,1
2018-11-30 18:00:00,5.86,16.09,53.87,141.05,26.28,68.66,1010.19,6.25,55.46,0
2018-11-30 19:00:00,8.29,45.77,65.79,163.13,31.97,44.25,1007.82,1.51,46.19,0
2018-11-30 20:00:00,3.4,29.51,110.52,176.62,14.83,71.66,1012.11,2.79,75.58,0
2018-11-30 21:00:00,0.29,5.25,20.61,164.36,26.9,50.09,1014.96,9.65,31.5,0
2018-11-30 22:00:00,9.18,16.03,21.17,107.11,31.85,59.89,1010.87,8.49,27.11,0
2018-11-30 23:00:00,2.07,17.17,27.14,146.31,21.76,66.5,1023.71,18.92,48.72,0
2018-12-01 00:00:00,0.57,12.26,86.3,118.26,29.71,68.36,1003.29,7.47,41.42,0
2018-12-01 01:00:00,5.48,9.6,25.09,80.43,29.53,46.66,1009.45,26.08,22.38,0
2018-12-01 02:00:00,18.68,33.69,87.97,210.3,29.37,83.99,1004.84,8.39,71.2,0
2018-12-01 03:00:00,1.7,17.01,54.16,95.21,26.01,56.85,1007.26,7.17,34.75,0
2018-12-01 04:00:00,2.18,28.07,95.08,154.33,32.01,66.84,1008.42,15.22,56.89,0
2018-12-01 05:00:00,9.59,18.44,105.35,179.92,29.92,54.91,1010.89,5.03,89.09,0
2018-12-01 06:00:00,3.75,10.79,50.29,144.19,29.6,69.37,1011.35,1.38,40.64,0
2018-12-01 07:00:00,9.15,12.34,52.6,98.47,24.82,64.62,1025.19,10.35,32.1,0
2018-12-01 08:00:00,3.54,20.75,23.83,147.44,22.59,64.2,1004.02,10.11,24.56,0
2018-12-01 09:00:00,2.95,18.66,53.59,136.62,30.63,56.57,1009.31,3.41,39.55,1
2018-12-01 10:00:00,1.81,44.51,67.22,73.17,24.12,73.6,1013.81,19.58,81.71,0
2018-12-01 11:00:00,6.37,31.02,80.73,108.81,35.94,83.69,996.15,15.52,46.49,0
2018-12-01 12:00:00,1.8,10.7,65.12,92.79,39.21,43.83,1014.32,4.55,64.86,0
2018-12-01 13:00:00,2.75,17.0,28.13,63.35,24.11,64.51,1019.02,6.16,52.84,0
2018-12-01 14:00:00,12.49,16.52,45.78,163.32,23.48,48.61,1009.7,15.51,42.71,0
2018-12-01 15:00:00,25.33,35.49,113.09,135.53,30.44,79.87,1005.58,4.72,62.67,1
2018-12-01 16:00:00,7.15,23.39,77.96,105.06,29.68,79.74,1007.75,11.47,82.26,0
2018-12-01 17:00:00,12.9,56.99,100.02,353.73,27.83,62.66,1011.17,5.83,75.6,1
2018-12-01 18:00:00,3.14,9.02,56.45,90.83,31.17,57.06,1011.73,10.13,53.63,0
2018-12-01 19:00:00,3.63,38.3,40.8,97.05,31.89,63.71,1014.56,1.65,27.21,1
2018-12-01 20:00:00,5.73,22.79,56.03,140.56,23.76,64.93,1006.83,2.63,50.87,0
2018-12-01 21:00:00,2.11,26.36,45.78,88.27,23.3,49.56,1015.95,3.65,31.6,0
2018-12-01 22:00:00,2.9,16.74,103.32,159.88,17.74,67.91,1008.75,1.41,43.57,1
2018-12-01 23:00:00,8.87,16.5,138.71,177.03,18.71,72.25,1020.84,7.92,75.39,1
2018-12-02 00:00:00,4.83,38.22,57.92,108.63,22.76,63.14,1005.93,11.06,24.73,0
2018-12-02 01:00:00,4.05,13.6,107.88,150.25,26.16,91.96,1016.28,2.5,82.05,1
2018-12-02 02:00:00,3.85,27.11,79.22,157.77,32.41,70.83,1006.65,7.68,53.7,0
2018-12-02 03:00:00,1.31,5.7,8.33,60.63,31.38,45.75,1006.38,10.07,46.06,0
2018-12-02 04:00:00,5.53,11.07,89.87,104.06,30.58,73.89,1009.75,5.31,78.03,0
2018-12-02 05:00:00,2.11,3.97,70.39,299.52,26.92,65.1,1004.63,6.45,62.88,0
2018-12-02 06:00:00,0.46,13.1,46.47,65.48,40.29,77.75,1013.16,7.53,71.32,0
2018-12-02 07:00:00,1.07,18.14,70.27,171.46,21.46,63.19,1015.48,17.2,36.81,0
2018-12-02 08:00:00,3.92,18.15,74.53,116.57,26.62,65.38,1007.99,5.61,93.18,1
2018-12-02 09:00:00,8.24,11.38,97.61,179.39,29.88,83.69,1005.42,2.13,59.77,0
2018-12-02 10:00:00,10.26,15.9,103.29,122.3,22.04,65.12,1014.26,4.68,95.73,0
2018-12-02 11:00:00,0.73,24.69,48.91,135.89,26.35,51.89,1006.16,22.24,25.27,0
2018-12-02 12:00:00,7.51,16.23,34.06,146.8,20.07,63.85,1004.03,4.51,42.18,0
2018-12-02 13:00:00,19.59,34.37,53.76,130.03,26.14,66.37,1015.58,9.18,70.36,0
2018-12-02 14:00:00,10.72,18.89,36.32,113.15,36.12,48.25,1012.67,10.86,48.64,0
2018-12-02 15:00:00,5.32,27.32,52.4,89.86,28.93,44.53,1010.92,24.56,50.18,0
2018-12-02 16:00:00,5.76,14.01,39.88,98.12,38.62,65.39,1006.94,11.2,71.24,1
2018-12-02 17:00:00,5.17,16.98,33.19,48.01,35.82,64.12,1015.13,8.21,20.24,0
2018-12-02 18:00:00,2.67,31.19,60.59,86.74,19.89,71.32,1014.65,13.8,54.38,0
2018-12-02 19:00:00,11.17,25.63,103.98,230.4,21.68,83.79,999.58,9.49,59.04,0
2018-12-02 20:00:00,1.48,7.75,42.55,345.0,35.89,63.66,1026.0,18.98,41.62,0
2018-12-02 21:00:00,5.6,25.1,36.24,134.18,27.48,59.98,1004.76,5.52,25.82,0
2018-12-02 22:00:00,12.05,15.19,35.55,115.13,19.89,68.58,1008.42,2.94,37.52,0
2018-12-02 23:00:00,5.38,11.42,113.19,123.54,33.25,76.39,1006.64,13.03,70.56,0
2018-12-03 00:00:00,0.64,4.09,79.74,155.49,36.48,54.39,1000.16,13.42,53.28,1
2018-12-03 01:00:00,15.59,38.0,54.33,82.0,36.2,67.11,1006.24,3.25,46.26,0
2018-12-03 02:00:00,4.24,22.72,109.53,199.79,30.75,81.23,1006.11,1.74,88.82,0
2018-12-03 03:00:00,0.91,21.62,79.19,250.71,34.55,60.15,1008.3,13.24,56.12,1
2018-12-03 04:00:00,21.0,37.45,133.39,171.84,30.87,96.13,1004.31,6.8,86.44,0
2018-12-03 05:00:00,3.55,36.48,44.0,112.32,22.7,59.75,1017.21,15.3,33.72,0
2018-12-03 06:00:00,1.85,18.01,39.22,109.19,34.13,72.8,1013.22,3.56,37.86,0
2018-12-03 07:00:00,5.87,14.48,74.63,147.62,26.83,58.61,1015.01,4.81,25.78,1
2018-12-03 08:00:00,1.08,7.6,53.65,147.47,38.19,72.92,1009.45,11.29,41.0,0
2018-12-03 09:00:00,2.67,18.65,109.02,147.84,26.12,88.37,1012.54,17.26,86.97,1
2018-12-03 10:00:00,14.12,45.18,112.71,139.59,26.72,67.28,1010.03,5.96,57.71,1
2018-12-03 11:00:00,3.64,7.89,14.67,205.12,22.05,60.55,1016.27,24.02,31.97,0
2018-12-03 12:00:00,7.11,27.44,78.44,168.06,32.0,66.75,1004.99,10.33,84.27,0
2018-12-03 13:00:00,14.65,26.45,97.04,246.96,38.46,62.21,1015.5,27.94,75.54,0
2018-12-03 14:00:00,3.52,31.39,45.22,183.38,32.42,64.26,1012.34,3.39,42.71,0
2018-12-03 15:00:00,1.76,4.46,42.46,81.74,28.47,59.41,1011.69,12.3,59.2,0
2018-12-03 16:00:00,8.38,51.19,66.77,169.29,25.54,64.39,1017.59,6.75,59.01,0
2018-12-03 17:00:00,0.85,12.53,56.87,163.12,24.41,53.55,1009.59,10.44,69.03,0
2018-12-03 18:00:00,1.51,3.67,32.6,88.8,34.75,69.43,1010.03,4.01,30.33,0
2018-12-03 19:00:00,13.79,17.94,52.42,93.21,24.55,60.24,1017.77,6.26,73.15,0
2018-12-03 20:00:00,4.99,51.91,122.55,179.04,16.55,74.1,1006.75,7.75,86.89,1
2018-12-03 21:00:00,8.66,28.92,52.77,111.5,44.55,54.05,1010.13,13.12,59.57,0
2018-12-03 22:00:00,1.65,12.29,38.89,88.43,29.63,72.79,1004.08,6.35,43.62,0
2018-12-03 23:00:00,6.86,61.04,89.12,122.74,25.95,57.94,1005.28,11.64,85.61,0
2018-12-04 00:00:00,7.08,22.73,63.88,161.6,24.35,50.45,1015.8,14.84,81.56,0
2018-12-04 01:00:00,20.92,47.61,71.89,99.12,31.05,69.34,1011.7,7.88,55.84,0
2018-12-04 02:00:00,8.01,13.58,31.68,147.76,21.69,55.74,1006.44,25.43,24.93,0
2018-12-04 03:00:00,10.24,20.54,81.51,321.31,24.6,75.94,1007.19,7.41,36.28,0
2018-12-04 04:00:00,5.39,20.84,47.31,124.28,30.39,79.03,1006.65,3.46,46.93,0
2018-12-04 05:00:00,6.3,15.57,47.21,120.13,23.19,76.34,1013.14,1.37,46.33,0
2018-12-04 06:00:00,3.9,36.55,90.21,140.86,21.57,80.81,1012.16,10.55,91.65,0
2018-12-04 07:00:00,3.7,23.52,45.47,173.28,25.12,54.06,1008.37,18.92,51.47,0
2018-12-04 08:00:00,2.81,6.94,17.71,80.51,26.47,68.65,1007.08,5.55,0.36,0
2018-12-04 09:00:00,3.7,14.9,100.06,172.65,26.68,68.47,1001.11,5.45,66.8,0
2018-12-04 10:00:00,2.23,8.9,54.52,145.72,26.53,53.41,1018.32,6.17,44.96,0
2018-12-04 11:00:00,9.41,29.59,63.8,99.68,29.56,71.91,1009.37,12.79,54.2,0
2018-12-04 12:00:00,1.34,10.56,47.22,82.76,24.19,59.18,1014.11,17.07,54.49,0
2018-12-04 13:00:00,18.76,20.92,117.76,169.6,29.64,74.62,1003.57,10.11,77.06,1
2018-12-04 14:00:00,8.72,26.49,80.69,127.84,24.82,76.27,1008.34,19.12,77.01,0
2018-12-04 15:00:00,11.68,20.48,22.68,200.24,27.35,66.87,1006.42,8.62,54.11,0
2018-12-04 16:00:00,1.48,37.47,71.2,145.71,24.51,64.76,1013.7,11.18,45.71,0
2018-12-04 17:00:00,2.59,7.39,44.15,74.97,18.05,64.31,1015.31,1.88,81.9,0
2018-12-04 18:00:00,5.18,12.25,46.61,102.25,29.68,72.62,1015.39,15.78,57.75,0
2018-12-04 19:00:00,4.7,15.48,21.06,126.58,33.88,51.55,1008.24,1.18,25.4,0
2018-12-04 20:00:00,8.74,27.26,40.39,200.16,29.42,46.41,1012.09,8.28,31.16,0
2018-12-04 21:00:00,4.72,33.18,40.5,395.25,21.22,57.38,1005.48,15.05,55.05,0
2018-12-04 22:00:00,19.58,29.87,136.76,161.9,20.71,76.36,1008.83,6.96,100.0,0
2018-12-04 23:00:00,1.52,17.33,52.13,285.23,32.67,63.07,1015.03,7.55,51.55,0
2018-12-05 00:00:00,1.13,4.06,43.14,131.33,30.3,85.39,1009.52,7.11,63.15,0
2018-12-05 01:00:00,2.45,9.59,39.29,197.86,28.87,54.8,1010.84,12.44,67.85,1
2018-12-05 02:00:00,3.71,13.15,21.78,70.5,32.7,57.27,1007.44,6.42,53.62,0
2018-12-05 03:00:00,12.56,23.31,39.55,191.92,31.7,53.49,1007.44,5.22,63.21,1
2018-12-05 04:00:00,6.68,28.56,46.64,212.37,28.7,65.75,1007.26,9.47,43.88,1
2018-12-05 05:00:00,4.08,52.85,160.09,279.08,35.68,89.04,1003.8,26.25,100.0,1
2018-12-05 06:00:00,2.94,10.46,40.78,249.74,37.45,69.81,1016.36,6.23,36.68,0
2018-12-05 07:00:00,4.21,24.31,45.89,81.91,35.06,65.78,1007.8,10.12,39.09,0
2018-12-05 08:00:00,3.71,36.25,104.32,154.41,32.22,74.72,1009.23,38.51,68.93,0
2018-12-05 09:00:00,17.33,48.75,75.5,136.21,28.64,44.34,1014.41,14.29,40.86,1
2018-12-05 10:00:00,11.0,16.87,27.96,59.47,28.27,67.19,1013.54,13.34,66.6,0
2018-12-05 11:00:00,2.6,32.76,48.67,155.08,32.12,77.52,1024.19,2.4,36.64,0
2018-12-05 12:00:00,4.63,8.95,76.6,190.3,24.92,60.96,1013.7,6.76,58.52,0
2018-12-05 13:00:00,3.39,7.62,30.33,50.46,27.67,51.8,1010.34,15.21,35.71,0
2018-12-05 14:00:00,0.17,14.32,55.97,197.14,24.69,54.13,1003.88,6.01,49.22,0
2018-12-05 15:00:00,2.75,12.13,42.33,160.5,27.61,68.81,1017.45,4.58,39.18,1
2018-12-05 16:00:00,2.79,40.78,97.47,203.03,23.49,61.26,1007.31,4.95,79.63,0
2018-12-05 17:00:00,2.13,4.19,31.22,37.41,26.81,59.37,1007.94,11.24,42.82,0
2018-12-05 18:00:00,2.65,16.96,35.26,121.46,25.84,46.48,1007.09,11.29,45.63,0
2018-12-05 19:00:00,3.46,30.5,46.07,277.45,33.9,67.45,1005.75,9.62,37.71,1
2018-12-05 20:00:00,7.2,9.05,69.49,170.66,34.39,63.17,1009.39,19.28,49.94,0
2018-12-05 21:00:00,2.34,12.24,33.86,88.08,31.16,63.23,1009.19,10.85,59.67,0
2018-12-05 22:00:00,14.17,40.68,80.66,127.0,19.88,60.96,1011.12,7.93,73.43,1
2018-12-05 23:00:00,1.5,14.72,89.73,245.28,31.3,64.02,1020.9,15.59,79.42,1
2018-12-06 00:00:00,12.21,25.43,59.86,110.15,32.82,60.05,1011.21,23.89,54.6,0
2018-12-06 01:00:00,6.17,34.7,79.65,180.53,26.21,60.83,1018.93,7.58,58.64,1
2018-12-06 02:00:00,0.99,20.0,42.01,75.49,32.22,53.56,1009.91,9.88,64.71,0
2018-12-06 03:00:00,3.37,10.61,37.56,245.3,33.16,48.96,1010.54,4.91,52.37,0
2018-12-06 04:00:00,17.87,60.49,136.76,284.65,19.11,84.33,996.63,2.33,100.0,1
2018-12-06 05:00:00,18.28,29.95,86.14,240.68,33.29,73.51,1016.06,9.97,58.27,0
2018-12-06 06:00:00,7.39,11.43,40.82,172.46,26.83,58.13,1007.24,7.57,47.03,0
2018-12-06 07:00:00,6.27,20.05,54.8,132.29,20.47,72.41,1014.95,4.05,54.21,0
2018-12-06 08:00:00,7.0,19.52,47.88,77.98,28.88,78.4,998.95,19.8,49.62,0
2018-12-06 09:00:00,3.27,21.78,73.55,106.34,25.88,61.16,1006.96,10.83,77.62,0
2018-12-06 10:00:00,3.32,24.25,45.28,169.22,32.69,65.25,1012.0,21.83,22.93,1
2018-12-06 11:00:00,3.87,6.99,58.7,126.81,31.38,67.67,1009.84,7.45,14.08,0
2018-12-06 12:00:00,19.77,30.65,125.08,204.65,31.0,71.1,1004.37,7.21,100.0,0
2018-12-06 13:00:00,6.67,25.78,63.23,150.07,23.71,53.37,1011.72,32.08,55.44,0
2018-12-06 14:00:00,10.51,23.91,35.82,52.4,25.85,85.94,1015.42,7.39,55.68,0
2018-12-06 15:00:00,6.35,15.06,46.11,160.45,26.32,66.73,1004.09,10.17,44.24,0
2018-12-06 16:00:00,17.62,41.16,130.51,199.81,31.57,78.8,1010.86,22.39,75.99,1
2018-12-06 17:00:00,2.16,25.57,60.17,246.9,35.57,69.09,1016.23,20.13,52.63,0
2018-12-06 18:00:00,0.65,0.67,15.12,84.57,31.01,81.98,1017.32,5.06,25.17,0
2018-12-06 19:00:00,0.11,16.01,46.02,190.51,23.44,61.11,1011.47,12.68,39.49,1
2018-12-06 20:00:00,3.03,21.46,101.65,239.0,25.65,73.78,1007.89,7.24,100.0,1
2018-12-06 21:00:00,3.03,13.96,35.08,113.49,30.26,61.91,1014.92,5.46,48.08,1
2018-12-06 22:00:00,1.34,16.21,97.37,134.53,34.39,83.44,1008.71,4.79,63.4,0
2018-12-06 23:00:00,3.66,15.31,43.62,147.98,27.41,65.55,1017.67,1.21,38.56,0
2018-12-07 00:00:00,6.88,24.84,161.48,288.01,31.72,68.55,1018.92,21.51,100.0,0
2018-12-07 01:00:00,6.27,15.17,37.98,278.3,19.44,44.18,1005.77,8.15,36.56,0
2018-12-07 02:00:00,1.63,10.82,27.99,162.68,25.0,70.39,1013.72,5.69,41.79,0
2018-12-07 03:00:00,7.66,19.35,22.22,114.17,31.99,61.47,1011.76,7.41,48.57,0
2018-12-07 04:00:00,16.16,34.46,66.34,164.45,14.83,63.61,1000.62,8.23,88.56,1
2018-12-07 05:00:00,5.34,25.36,53.15,152.82,33.99,56.65,1013.1,2.53,40.88,0
2018-12-07 06:00:00,2.05,36.57,125.45,254.61,30.12,95.05,1007.9,2.8,100.0,0
2018-12-07 07:00:00,0.79,5.35,66.85,126.83,28.48,69.34,1014.79,26.7,58.35,0
2018-12-07 08:00:00,7.4,8.9,87.6,178.57,16.79,75.98,1014.41,9.68,71.87,1
2018-12-07 09:00:00,6.29,29.72,97.22,116.84,33.2,80.67,1010.45,1.66,77.63,0
2018-12-07 10:00:00,11.54,25.55,58.33,99.93,38.79,69.79,1015.62,2.9,60.07,0
2018-12-07 11:00:00,7.05,8.96,286.37,384.37,26.64,100.0,996.73,11.8,100.0,1
2018-12-07 12:00:00,8.58,20.11,50.83,214.43,25.32,62.14,1010.89,8.1,51.5,0
2018-12-07 13:00:00,12.64,40.98,85.85,175.13,26.4,76.92,1015.84,4.97,84.29,0
2018-12-07 14:00:00,13.81,22.71,130.3,267.5,32.12,87.33,1012.63,3.12,86.41,0
2018-12-07 15:00:00,15.28,31.06,93.93,234.85,33.57,82.48,1008.85,3.37,76.01,0
2018-12-07 16:00:00,4.64,11.95,49.42,183.18,31.16,55.92,1013.42,10.3,18.01,0
2018-12-07 17:00:00,30.19,35.29,85.66,113.32,26.57,72.25,1005.96,4.35,31.2,0
2018-12-07 18:00:00,13.74,39.12,60.02,113.65,34.03,57.74,1018.6,7.57,89.66,1
2018-12-07 19:00:00,11.29,19.34,44.91,209.93,21.73,61.88,1016.12,41.77,61.36,0
2018-12-07 20:00:00,3.08,13.65,58.41,134.22,34.5,62.96,1011.58,12.39,41.29,0
2018-12-07 21:00:00,7.48,21.25,35.78,118.25,35.25,61.36,1013.67,11.96,47.5,0
2018-12-07 22:00:00,1.2,8.4,27.94,118.55,25.84,69.26,1014.39,5.71,48.23,0
2018-12-07 23:00:00,13.72,76.12,82.24,273.76,37.67,61.3,1013.22,7.97,75.47,1
2018-12-08 00:00:00,9.21,32.3,66.11,113.13,33.51,86.52,1009.31,7.29,20.67,0
2018-12-08 01:00:00,0.89,4.52,41.88,171.68,28.02,75.03,1014.93,14.04,25.24,0
2018-12-08 02:00:00,9.44,36.36,105.8,201.98,26.13,57.91,1019.16,26.35,73.56,0
2018-12-08 03:00:00,0.44,16.59,33.56,121.74,32.3,64.12,1016.22,10.86,25.85,0
2018-12-08 04:00:00,8.65,26.25,51.98,108.61,24.49,52.7,1009.52,7.23,42.59,0
2018-12-08 05:00:00,0.32,12.17,69.99,184.11,35.98,71.06,1008.85,14.0,41.44,1
2018-12-08 06:00:00,0.19,10.58,75.64,149.65,24.91,54.25,1011.5,8.36,74.07,0
2018-12-08 07:00:00,0.5,27.44,90.43,264.19,41.55,82.75,1017.41,13.62,72.5,1
2018-12-08 08:00:00,5.93,10.93,29.13,160.58,29.65,72.18,1014.24,20.96,25.13,0
2018-12-08 09:00:00,11.52,42.75,50.34,168.66,20.71,59.24,1002.29,4.58,43.29,0
2018-12-08 10:00:00,14.71,29.33,66.1,217.87,35.2,68.51,1005.65,11.3,58.22,0
2018-12-08 11:00:00,5.55,8.89,41.79,90.64,25.88,49.64,1006.53,16.0,65.59,0
2018-12-08 12:00:00,6.24,8.75,47.4,258.87,17.74,57.83,1014.54,4.81,38.29,1
2018-12-08 13:00:00,2.76,10.17,53.66,151.8,38.42,62.87,1004.84,11.46,55.01,0
2018-12-08 14:00:00,1.67,10.16,58.84,137.45,43.06,49.71,1016.33,2.15,39.48,0
2018-12-08 15:00:00,5.93,8.57,57.59,211.4,30.91,81.49,1019.47,3.42,30.42,0
2018-12-08 16:00:00,4.31,23.4,49.6,98.14,31.57,65.08,1015.63,13.66,75.54,0
2018-12-08 17:00:00,6.49,27.8,57.26,143.13,30.57,77.54,1000.79,5.72,39.78,0
2018-12-08 18:00:00,1.65,22.13,45.14,126.83,31.43,61.09,1007.21,8.32,25.14,0
2018-12-08 19:00:00,3.7,28.77,87.77,155.4,26.34,63.58,1008.63,0.94,72.33,0
2018-12-08 20:00:00,7.18,16.29,30.63,163.78,27.99,61.27,1009.24,18.26,23.18,0
2018-12-08 21:00:00,5.54,22.6,125.43,240.84,26.96,86.86,1004.01,6.08,94.63,1
2018-12-08 22:00:00,1.06,25.96,59.49,135.71,28.04,58.71,1006.91,6.73,34.87,1
2018-12-08 23:00:00,14.86,34.13,67.38,235.67,21.39,69.46,1011.1,4.85,77.5,0
2018-12-09 00:00:00,13.03,28.92,57.86,155.42,33.34,59.27,1008.38,8.13,45.3,1
2018-12-09 01:00:00,3.82,35.87,96.21,206.09,28.6,50.72,1008.06,6.12,69.63,0
2018-12-09 02:00:00,11.9,21.79,57.6,176.51,31.96,61.51,1014.56,3.4,67.43,0
2018-12-09 03:00:00,0.04,9.88,33.91,74.44,30.77,62.14,1000.45,2.43,51.63,0
2018-12-09 04:00:00,7.53,22.14,80.5,158.23,15.55,69.26,1002.12,4.01,69.99,0
2018-12-09 05:00:00,1.67,16.23,36.99,106.01,30.52,58.55,1009.26,3.68,67.08,0
2018-12-09 06:00:00,11.4,25.52,86.76,147.35,32.58,71.29,1007.91,13.71,73.86,0
2018-12-09 07:00:00,0.54,3.42,13.15,79.3,23.35,50.64,1009.47,8.31,2.45,0
2018-12-09 08:00:00,3.86,31.14,110.33,364.99,28.04,79.55,1009.2,10.08,80.95,1
2018-12-09 09:00:00,0.71,17.74,37.78,94.45,26.16,57.06,1009.8,3.1,39.69,0
2018-12-09 10:00:00,7.8,8.47,20.98,176.3,30.22,66.68,1019.84,3.68,12.2,0
2018-12-09 11:00:00,1.04,2.81,30.36,142.33,27.22,46.3,1006.78,4.02,46.78,0
2018-12-09 12:00:00,16.85,48.7,73.43,167.89,18.48,68.77,1010.91,9.74,39.57,0
2018-12-09 13:00:00,13.14,21.49,65.24,129.94,22.64,71.33,1009.4,19.81,52.06,0
2018-12-09 14:00:00,8.4,22.2,34.1,58.43,31.45,73.3,1011.5,2.91,24.89,0
2018-12-09 15:00:00,7.66,13.0,55.82,111.25,30.47,59.38,1009.41,3.98,63.75,0
2018-12-09 16:00:00,5.25,70.5,97.82,163.34,41.17,83.97,1013.97,0.76,49.05,1
2018-12-09 17:00:00,0.57,12.8,48.48,127.9,28.18,67.75,1013.16,7.6,51.45,0
2018-12-09 18:00:00,11.5,20.2,34.46,209.1,18.62,78.12,1006.16,6.22,58.21,0
2018-12-09 19:00:00,23.44,49.32,83.38,155.93,36.03,54.94,1016.2,13.81,49.68,0
2018-12-09 20:00:00,17.59,22.13,42.47,48.34,33.77,64.63,1014.03,20.86,46.39,0
2018-12-09 21:00:00,1.57,29.99,38.32,171.54,23.82,61.15,1009.89,5.44,16.48,0
2018-12-09 22:00:00,16.54,27.81,79.46,189.62,32.68,70.54,1014.08,12.4,49.96,0
2018-12-09 23:00:00,17.56,39.86,57.4,155.09,29.77,73.65,1007.83,1.39,36.79,0
2018-12-10 00:00:00,4.47,20.6,63.55,200.07,23.34,79.98,1011.71,7.56,86.29,0
2018-12-10 01:00:00,7.5,18.17,35.92,127.43,29.77,64.35,1006.16,19.91,26.24,0
2018-12-10 02:00:00,4.22,7.07,40.41,191.26,24.93,45.81,1015.46,17.1,31.38,0
2018-12-10 03:00:00,15.41,29.89,156.88,296.48,20.16,79.05,1009.37,10.1,100.0,0
2018-12-10 04:00:00,2.44,8.92,76.84,189.22,27.19,99.98,1010.3,10.22,52.29,0
2018-12-10 05:00:00,0.15,14.31,110.25,308.69,31.77,64.89,1011.8,7.03,96.38,0
2018-12-10 06:00:00,9.46,33.66,104.13,191.58,27.88,75.13,1001.63,10.47,78.21,1
2018-12-10 07:00:00,11.37,30.63,63.28,123.06,24.61,73.26,1014.86,6.5,51.92,0
2018-12-10 08:00:00,2.62,3.08,63.43,178.24,31.13,75.98,1006.94,20.41,49.81,0
2018-12-10 09:00:00,1.22,11.04,40.69,86.25,26.97,55.87,1020.08,9.14,26.09,0
2018-12-10 10:00:00,0.17,7.77,19.58,55.05,23.21,72.54,1012.08,12.66,48.82,0
2018-12-10 11:00:00,5.05,13.5,53.26,113.2,29.41,76.38,1004.72,15.49,58.68,0
2018-12-10 12:00:00,7.01,22.25,31.22,119.29,26.91,64.59,1023.16,12.13,64.6,0
2018-12-10 13:00:00,12.09,20.93,49.79,99.75,38.26,54.39,1014.68,6.32,62.32,0
2018-12-10 14:00:00,7.42,13.8,88.27,170.8,33.05,64.86,1004.73,0.85,61.01,0
2018-12-10 15:00:00,2.86,6.71,71.99,93.94,32.59,60.88,1011.79,10.13,51.18,0
2018-12-10 16:00:00,6.16,15.58,44.73,156.98,18.42,60.17,1016.51,14.44,69.25,0
2018-12-10 17:00:00,12.61,35.54,131.19,216.2,32.2,91.92,992.95,28.6,89.65,0
2018-12-10 18:00:00,6.93,30.68,77.81,182.49,33.06,71.46,1011.13,25.62,63.22,1
2018-12-10 19:00:00,11.11,27.48,81.12,154.57,19.13,75.34,1010.2,13.11,61.15,0
2018-12-10 20:00:00,1.31,2.66,27.35,63.23,23.42,61.02,1012.27,12.2,34.68,0
2018-12-10 21:00:00,9.14,24.31,83.52,147.51,23.9,84.8,1002.12,5.66,69.98,0
2018-12-10 22:00:00,7.43,41.91,72.54,291.9,33.96,51.94,1009.14,6.3,79.64,1
2018-12-10 23:00:00,3.58,7.79,23.47,60.08,34.73,25.0,1004.61,7.12,74.21,0
2018-12-11 00:00:00,12.81,21.9,69.31,179.26,23.95,66.48,1012.37,2.56,56.03,1
2018-12-11 01:00:00,23.86,46.94,81.19,248.8,21.66,68.87,1007.29,0.26,62.05,1
2018-12-11 02:00:00,0.38,1.99,34.54,62.42,16.26,60.18,1012.7,3.15,39.45,0
2018-12-11 03:00:00,3.78,13.04,63.32,219.26,19.02,58.89,1010.78,12.25,64.59,1
2018-12-11 04:00:00,4.69,44.55,53.77,181.97,24.08,51.02,1012.14,1.43,45.84,0
2018-12-11 05:00:00,5.06,41.91,63.27,107.74,24.5,64.71,1008.35,1.51,31.63,0
2018-12-11 06:00:00,2.51,39.56,82.99,109.21,27.97,65.64,1010.08,10.5,42.8,0
2018-12-11 07:00:00,0.54,9.92,24.38,219.42,31.29,61.13,1013.01,4.26,57.54,0
2018-12-11 08:00:00,3.99,35.62,54.3,91.68,29.28,71.07,1017.91,8.24,41.44,0
2018-12-11 09:00:00,4.73,20.35,79.43,134.11,24.35,80.42,1011.61,10.45,48.73,0
2018-12-11 10:00:00,3.64,9.79,21.74,279.25,27.44,66.56,1015.8,15.04,67.43,0
2018-12-11 11:00:00,4.85,12.69,80.46,146.32,23.46,68.67,1013.84,6.0,73.31,0
2018-12-11 12:00:00,6.3,24.44,75.47,99.69,25.56,72.57,1010.24,9.46,54.47,0
2018-12-11 13:00:00,4.15,5.57,60.06,79.4,26.6,53.52,1014.0,37.79,34.86,0
2018-12-11 14:00:00,2.48,14.06,27.37,105.57,32.17,50.99,1014.35,2.74,55.3,0
2018-12-11 15:00:00,4.87,19.21,88.74,158.69,33.01,87.51,1001.39,41.86,48.15,0
2018-12-11 16:00:00,6.77,27.46,66.31,105.67,23.44,76.83,1013.76,21.47,35.17,0
2018-12-11 17:00:00,5.32,7.39,104.25,123.21,28.1,58.61,1014.58,9.85,83.49,0
2018-12-11 18:00:00,25.11,36.81,88.65,166.32,31.91,63.46,1012.04,6.31,50.91,0
2018-12-11 19:00:00,7.22,32.44,64.68,91.03,27.25,84.65,1005.65,16.73,38.24,0
2018-12-11 20:00:00,5.08,52.2,62.12,114.98,26.03,57.99,1006.61,7.06,60.76,0
2018-12-11 21:00:00,2.07,8.23,52.92,99.74,33.53,45.56,1007.17,6.34,54.36,1
2018-12-11 22:00:00,2.13,33.62,97.4,140.61,31.54,66.93,1011.19,28.14,49.49,0
2018-12-11 23:00:00,3.65,27.86,86.35,115.38,27.78,65.21,1014.06,10.3,76.53,0
2018-12-12 00:00:00,3.77,38.88,54.03,82.76,22.92,75.76,1000.85,12.12,23.4,0
2018-12-12 01:00:00,3.62,5.16,99.35,213.12,19.29,81.15,1007.41,6.38,77.28,0
2018-12-12 02:00:00,7.51,29.16,51.12,153.76,29.03,59.19,1011.11,12.44,29.05,0
2018-12-12 03:00:00,12.47,43.44,110.44,122.84,31.36,74.09,1010.13,3.52,87.38,0
2018-12-12 04:00:00,9.49,22.44,39.63,189.5,22.21,64.95,1007.32,12.23,42.48,0
2018-12-12 05:00:00,8.54,18.68,35.74,75.35,33.44,68.61,1011.53,9.04,30.99,0
2018-12-12 06:00:00,1.8,16.26,34.17,70.47,26.14,57.38,1012.36,5.62,27.46,0
2018-12-12 07:00:00,14.05,43.31,61.49,117.78,18.42,68.96,1010.29,8.95,54.61,0
2018-12-12 08:00:00,2.02,8.48,19.99,67.98,30.7,72.88,1013.73,14.54,21.49,0
2018-12-12 09:00:00,6.61,12.64,27.59,187.43,27.48,58.5,1011.21,5.84,22.82,0
2018-12-12 10:00:00,8.08,9.0,13.11,97.1,27.19,58.75,1013.78,4.82,23.04,0
2018-12-12 11:00:00,14.39,26.31,32.76,74.73,32.62,66.99,1008.1,5.59,48.88,1
2018-12-12 12:00:00,21.66,25.04,134.08,203.91,36.3,73.42,1008.04,11.03,72.51,0
2018-12-12 13:00:00,3.48,15.6,57.82,75.8,31.21,56.56,1008.47,8.49,41.98,0
2018-12-12 14:00:00,6.11,11.44,44.71,113.21,25.75,66.99,1011.82,8.74,62.49,0
2018-12-12 15:00:00,13.32,21.47,63.25,90.08,18.48,72.2,1010.73,14.84,47.67,0
2018-12-12 16:00:00,23.13,32.47,56.63,194.53,31.43,64.38,1008.29,0.54,87.3,0
2018-12-12 17:00:00,3.9,18.86,50.64,145.05,28.3,57.75,1009.41,11.01,65.66,0
2018-12-12 18:00:00,1.92,17.82,43.77,108.95,23.71,58.22,1010.09,18.35,35.18,0
2018-12-12 19:00:00,0.88,11.59,59.4,200.3,25.15,68.3,1009.36,8.56,38.72,0
2018-12-12 20:00:00,2.34,11.23,73.01,155.63,36.23,56.38,1000.55,18.94,70.41,0
2018-12-12 21:00:00,11.21,19.27,38.34,195.5,33.24,72.37,1018.0,2.15,73.55,0
2018-12-12 22:00:00,11.77,14.24,28.81,108.95,34.23,75.84,1010.6,8.02,21.21,0
2018-12-12 23:00:00,7.22,36.52,58.78,156.98,33.81,50.57,1013.71,16.62,76.27,0
2018-12-13 00:00:00,3.72,9.89,29.51,152.75,29.44,65.87,1003.32,9.91,51.45,0
2018-12-13 01:00:00,7.53,20.84,69.23,192.26,22.31,75.39,1011.38,8.78,44.0,0
2018-12-13 02:00:00,5.4,9.4,43.11,67.38,28.59,71.49,1010.46,6.11,66.23,0
2018-12-13 03:00:00,3.91,25.19,41.23,83.02,31.61,45.9,1003.51,26.4,42.83,0
2018-12-13 04:00:00,6.92,20.53,132.99,175.53,27.37,75.7,1016.06,6.6,100.0,1
2018-12-13 05:00:00,3.55,20.4,26.61,115.48,29.47,54.11,1018.77,8.32,34.25,1
2018-12-13 06:00:00,6.89,10.74,64.93,121.06,31.08,64.25,1012.72,12.07,29.77,0
2018-12-13 07:00:00,7.92,25.41,44.55,64.18,33.33,50.67,1015.58,6.07,32.05,0
2018-12-13 08:00:00,9.73,11.33,36.79,76.81,33.2,78.88,1013.83,38.49,48.29,0
2018-12-13 09:00:00,0.58,7.86,52.11,89.39,25.99,68.74,1009.17,2.89,65.97,0
2018-12-13 10:00:00,14.2,18.6,21.03,232.18,20.75,48.62,1003.46,4.03,24.71,0
2018-12-13 11:00:00,4.73,18.17,63.1,244.29,36.45,60.84,1005.45,2.45,46.3,1
2018-12-13 12:00:00,21.85,52.56,112.35,237.77,29.78,89.24,1006.29,8.21,100.0,0
2018-12-13 13:00:00,11.27,30.96,101.89,164.69,26.4,72.34,1019.73,7.11,100.0,0
2018-12-13 14:00:00,1.99,37.26,55.17,160.93,17.78,77.72,1006.5,3.4,62.85,1
2018-12-13 15:00:00,8.66,22.57,76.87,188.09,31.93,75.59,1008.62,1.33,59.72,0
2018-12-13 16:00:00,13.36,34.96,99.54,140.98,30.73,59.34,1009.82,2.23,84.72,0
2018-12-13 17:00:00,4.11,30.7,93.59,164.94,26.48,61.95,1012.1,21.84,78.98,0
2018-12-13 18:00:00,1.81,28.18,66.33,108.46,30.12,55.21,1009.6,4.03,66.5,0
2018-12-13 19:00:00,1.44,5.1,78.08,96.82,35.76,73.72,1008.16,1.64,78.47,0
2018-12-13 20:00:00,0.84,6.88,130.64,219.51,21.04,97.58,1020.82,11.56,100.0,0
2018-12-13 21:00:00,4.82,29.26,61.79,171.32,34.19,67.85,1008.32,8.0,83.55,0
2018-12-13 22:00:00,1.55,37.1,55.97,118.13,22.88,64.0,1023.05,4.74,55.5,0
2018-12-13 23:00:00,2.62,8.28,47.9,204.89,21.51,68.99,1009.29,26.0,35.9,0
2018-12-14 00:00:00,22.25,28.7,52.85,163.15,26.53,63.76,1011.54,5.25,64.1,0
2018-12-14 01:00:00,7.95,27.48,49.42,83.87,35.53,60.52,1015.24,5.52,48.69,0
2018-12-14 02:00:00,1.91,10.81,109.23,170.5,23.73,76.59,1007.32,10.68,87.86,1
2018-12-14 03:00:00,30.55,56.09,82.77,105.86,27.24,77.49,1003.4,7.3,78.25,0
2018-12-14 04:00:00,6.84,27.63,53.57,189.71,19.88,59.55,1012.46,4.1,65.66,0
2018-12-14 05:00:00,28.52,56.6,78.81,200.03,30.85,59.19,1003.9,9.88,38.15,1
2018-12-14 06:00:00,18.22,28.27,71.57,158.83,23.3,77.36,998.65,1.29,67.68,0
2018-12-14 07:00:00,7.06,15.54,66.61,157.97,25.5,44.8,1012.81,19.6,47.61,0
2018-12-14 08:00:00,4.78,11.33,91.16,181.05,32.95,58.18,1004.31,9.66,69.66,0
2018-12-14 09:00:00,11.08,46.03,60.45,163.94,24.25,65.97,1015.28,27.32,19.83,0
2018-12-14 10:00:00,6.51,10.35,88.65,194.01,30.33,79.84,1011.1,7.55,80.92,0
2018-12-14 11:00:00,3.24,6.62,23.62,64.87,29.73,61.27,1015.75,8.32,45.5,0
2018-12-14 12:00:00,3.02,17.25,31.32,54.64,29.32,54.91,1018.54,7.32,53.01,0
2018-12-14 13:00:00,12.62,20.97,50.77,173.04,22.37,72.21,1014.79,17.88,51.5,0
2018-12-14 14:00:00,1.91,28.65,44.09,186.41,28.98,55.08,1016.78,11.65,29.55,0
2018-12-14 15:00:00,12.48,15.57,59.03,202.19,27.01,72.27,1007.69,8.71,27.4,0
2018-12-14 16:00:00,5.54,16.49,38.12,211.39,26.5,57.34,1017.21,2.37,56.06,0
2018-12-14 17:00:00,0.62,2.56,62.82,231.55,31.95,54.38,1013.49,5.52,67.04,0
2018-12-14 18:00:00,13.32,22.87,71.18,189.21,21.05,74.92,1012.93,22.48,60.01,0
2018-12-14 19:00:00,1.97,15.94,67.43,115.17,24.4,82.92,1015.77,3.81,55.87,0
2018-12-14 20:00:00,2.31,14.58,55.41,77.83,27.93,60.97,1016.43,17.07,65.56,1
2018-12-14 21:00:00,4.32,15.92,55.53,111.08,36.37,74.93,1012.62,17.21,32.43,0
2018-12-14 22:00:00,5.06,25.99,46.25,62.32,18.04,43.5,1002.14,12.76,39.52,0
2018-12-14 23:00:00,7.1,12.46,34.77,179.2,29.07,47.56,1018.66,3.12,59.79,0
2018-12-15 00:00:00,12.75,29.88,52.9,78.93,27.01,54.63,1008.66,5.02,26.5,0
2018-12-15 01:00:00,12.4,23.66,80.94,160.63,32.16,67.79,1011.86,17.63,76.72,0
2018-12-15 02:00:00,2.92,12.6,55.72,131.72,24.06,69.66,1014.43,7.68,36.24,0
2018-12-15 03:00:00,3.03,21.58,44.47,188.57,26.86,50.6,1000.92,5.6,36.25,0
2018-12-15 04:00:00,11.62,26.46,60.72,162.42,23.06,56.37,1009.19,11.13,50.8,0
2018-12-15 05:00:00,1.56,19.5,96.26,146.17,25.7,80.21,1010.51,11.35,77.68,0
2018-12-15 06:00:00,5.54,50.9,51.57,133.43,31.47,55.52,1026.24,8.08,49.49,0
2018-12-15 07:00:00,17.15,28.32,59.58,138.13,30.23,79.23,1015.46,25.35,60.3,0
2018-12-15 08:00:00,3.43,6.94,41.98,76.7,26.51,54.94,1006.99,9.12,53.54,0
2018-12-15 09:00:00,0.82,6.33,28.01,94.39,32.92,71.31,1018.02,4.48,22.24,0
2018-12-15 10:00:00,1.97,36.72,46.67,178.12,41.38,71.19,1018.74,5.74,41.57,0
2018-12-15 11:00:00,2.13,11.5,31.94,117.28,23.64,61.22,1010.69,12.92,33.66,0
2018-12-15 12:00:00,1.77,22.61,40.21,103.86,30.89,64.08,1011.91,3.87,57.24,0
2018-12-15 13:00:00,4.11,16.34,52.08,139.67,28.28,65.31,1013.79,11.87,43.66,0
2018-12-15 14:00:00,28.09,32.72,51.38,78.8,33.97,75.22,1013.84,0.5,28.98,0
2018-12-15 15:00:00,8.46,23.16,57.47,200.48,24.97,43.19,1010.85,9.69,44.76,0
2018-12-15 16:00:00,4.53,11.43,100.52,309.57,33.53,69.37,1004.11,1.58,90.87,1
2018-12-15 17:00:00,4.94,12.64,27.23,43.56,27.42,61.46,1003.79,15.23,40.67,0
2018-12-15 18:00:00,2.49,14.78,78.67,87.57,26.73,80.89,1005.46,14.86,70.49,1
2018-12-15 19:00:00,4.92,7.3,36.6,117.67,28.89,55.54,1008.99,6.32,23.56,0
2018-12-15 20:00:00,16.55,37.03,41.19,62.69,28.87,41.2,1010.87,11.71,63.55,0
2018-12-15 21:00:00,5.72,14.23,75.04,154.7,23.04,43.0,1013.94,14.37,69.35,0
2018-12-15 22:00:00,12.33,34.9,94.79,183.11,28.18,72.45,1005.37,4.43,78.27,1
2018-12-15 23:00:00,10.98,32.94,47.33,156.46,35.37,50.05,1006.87,5.51,40.9,0
2018-12-16 00:00:00,27.1,37.92,81.61,160.71,21.6,67.02,1012.59,8.5,87.2,0
2018-12-16 01:00:00,10.81,24.8,53.29,58.42,30.6,51.49,1007.2,11.18,27.56,0
2018-12-16 02:00:00,25.67,42.93,81.05,257.57,33.61,65.66,1006.85,1.91,41.04,1
2018-12-16 03:00:00,13.12,22.45,42.41,147.1,27.84,81.85,1010.85,5.89,34.17,0
2018-12-16 04:00:00,7.11,8.9,24.56,72.29,26.72,71.79,1011.0,25.42,28.56,0
2018-12-16 05:00:00,12.27,26.88,39.86,94.41,28.06,61.68,1005.89,3.28,41.97,0
2018-12-16 06:00:00,13.16,39.65,111.45,164.16,22.89,71.97,1012.62,21.94,86.71,0
2018-12-16 07:00:00,13.46,20.14,34.79,69.72,26.87,52.01,1017.38,54.52,54.61,0
2018-12-16 08:00:00,3.33,26.8,70.06,149.23,37.39,72.86,1008.32,6.07,59.28,0
2018-12-16 09:00:00,8.36,12.42,27.4,82.44,27.3,56.01,1023.0,13.92,28.16,0
2018-12-16 10:00:00,3.61,13.83,138.79,258.22,28.08,93.12,1004.5,4.23,92.85,1
2018-12-16 11:00:00,3.0,14.54,29.15,118.62,22.87,61.07,1012.04,9.54,47.75,0
2018-12-16 12:00:00,2.47,14.98,29.25,273.59,30.23,61.5,1005.48,16.34,28.2,0
2018-12-16 13:00:00,0.65,6.44,85.42,127.85,22.2,53.31,1007.62,11.19,65.65,0
2018-12-16 14:00:00,7.96,12.08,38.85,169.86,26.92,55.92,1020.81,1.05,33.66,0
2018-12-16 15:00:00,2.77,13.32,24.98,72.1,13.07,77.81,1013.87,4.43,42.43,0
2018-12-16 16:00:00,3.44,22.38,53.19,113.42,28.13,48.82,1011.39,3.69,58.56,0
2018-12-16 17:00:00,4.53,11.12,27.8,55.56,28.88,57.13,1007.85,23.75,50.16,0
2018-12-16 18:00:00,9.17,20.45,159.36,223.17,23.87,81.03,1000.43,10.23,100.0,1
2018-12-16 19:00:00,6.93,52.31,59.1,96.08,25.05,67.8,1017.12,2.15,52.0,0
2018-12-16 20:00:00,6.63,22.15,72.29,353.99,24.24,71.49,1012.46,8.6,43.41,1
2018-12-16 21:00:00,0.13,10.64,91.45,182.73,31.7,65.58,1005.69,7.37,46.4,1
2018-12-16 22:00:00,12.54,24.67,79.17,185.27,25.01,77.47,1005.72,4.31,58.01,0
2018-12-16 23:00:00,20.8,60.4,79.68,136.16,35.58,62.64,1012.95,9.32,60.5,0
2018-12-17 00:00:00,6.46,25.88,91.72,316.63,35.86,76.78,1014.84,2.11,67.97,1
2018-12-17 01:00:00,1.49,8.4,44.69,184.43,28.3,47.02,1004.2,13.94,59.91,0
2018-12-17 02:00:00,3.09,23.78,72.43,170.61,36.48,59.81,1010.22,10.8,40.83,0
2018-12-17 03:00:00,1.58,6.55,62.4,118.83,35.97,50.52,1012.0,5.15,30.6,0
2018-12-17 04:00:00,18.89,32.52,46.45,238.16,30.2,65.49,1011.91,6.88,19.9,1
2018-12-17 05:00:00,3.42,33.12,79.76,171.71,23.12,71.9,1009.55,10.02,57.82,0
2018-12-17 06:00:00,6.75,20.48,73.89,169.19,30.02,63.69,1003.14,23.18,84.37,1
2018-12-17 07:00:00,4.34,8.97,40.21,151.76,29.24,64.32,1011.94,30.76,60.35,0
2018-12-17 08:00:00,8.79,21.55,40.65,210.57,25.02,49.87,1015.5,23.7,58.1,0
2018-12-17 09:00:00,2.06,31.62,61.24,227.21,39.06,77.79,1003.78,14.15,45.41,1
2018-12-17 10:00:00,6.5,12.98,109.79,153.0,31.54,83.13,1009.98,10.28,62.81,0
2018-12-17 11:00:00,3.45,23.92,67.15,157.12,21.45,57.1,1012.76,13.39,63.86,1
2018-12-17 12:00:00,13.96,44.64,78.02,157.91,30.25,56.49,1004.7,12.59,88.63,0
2018-12-17 13:00:00,0.17,17.15,31.52,123.49,28.31,55.17,1008.81,12.09,34.62,0
2018-12-17 14:00:00,3.88,17.04,82.07,236.28,30.44,71.49,1005.82,27.99,52.66,0
2018-12-17 15:00:00,12.87,19.84,66.13,250.22,27.1,67.51,1010.88,14.7,49.06,0
2018-12-17 16:00:00,11.63,19.4,43.13,87.2,21.09,51.59,1005.97,12.88,37.97,0
2018-12-17 17:00:00,0.73,11.16,31.78,85.09,33.86,55.9,1003.42,4.6,64.12,0
2018-12-17 18:00:00,10.56,31.39,43.9,107.25,37.91,65.64,1013.64,11.27,42.8,0
2018-12-17 19:00:00,1.83,54.61,102.26,259.11,25.73,68.81,1014.69,4.18,93.48,1
2018-12-17 20:00:00,2.58,9.12,15.44,161.73,27.26,58.25,1010.93,9.67,38.57,0
2018-12-17 21:00:00,12.28,31.19,80.07,87.48,34.22,78.78,1000.4,2.71,72.91,0
2018-12-17 22:00:00,3.79,29.66,36.48,135.3,25.4,54.78,1005.85,8.57,58.26,0
2018-12-17 23:00:00,0.66,13.65,41.55,67.3,32.72,70.93,1008.98,6.23,62.23,0
2018-12-18 00:00:00,1.29,13.87,80.27,145.78,27.63,68.54,1011.09,19.67,60.49,0
2018-12-18 01:00:00,5.6,8.66,13.79,31.24,23.56,55.76,1008.6,11.89,10.93,0
2018-12-18 02:00:00,3.66,18.27,94.87,171.16,24.82,58.11,1010.8,6.96,68.81,0
2018-12-18 03:00:00,3.59,15.72,35.94,113.73,27.77,68.87,1007.34,7.5,33.68,0
2018-12-18 04:00:00,8.66,18.23,47.58,90.19,28.19,82.85,1017.13,9.38,66.85,0
2018-12-18 05:00:00,7.3,23.75,44.01,118.85,21.7,52.25,1003.79,8.36,50.93,0
2018-12-18 06:00:00,3.95,9.32,31.48,94.58,29.08,51.08,1010.72,5.7,12.66,0
2018-12-18 07:00:00,11.8,18.18,33.96,122.49,15.87,76.43,1008.83,10.65,26.98,0
2018-12-18 08:00:00,8.72,23.57,85.91,98.5,31.7,76.76,1010.8,1.54,59.54,0
2018-12-18 09:00:00,6.91,41.61,93.58,129.62,32.25,64.94,1002.92,2.13,83.82,0
2018-12-18 10:00:00,3.06,14.16,28.66,128.57,23.8,76.91,1012.56,2.87,27.97,0
2018-12-18 11:00:00,13.41,26.44,70.1,121.02,28.31,63.02,1007.76,8.22,74.81,0
2018-12-18 12:00:00,3.54,16.24,53.62,85.1,25.58,64.93,1012.08,5.48,32.32,0
2018-12-18 13:00:00,3.9,9.06,33.69,71.56,25.81,64.44,1008.9,8.68,9.37,0
2018-12-18 14:00:00,19.23,29.26,74.82,278.22,26.59,76.07,1015.93,5.53,63.9,1
2018-12-18 15:00:00,1.96,16.29,44.93,66.84,27.23,67.5,1011.28,5.69,17.46,0
2018-12-18 16:00:00,1.93,16.02,73.23,115.76,25.14,88.82,1008.65,14.61,56.58,0
2018-12-18 17:00:00,4.06,21.47,37.78,120.12,29.41,75.53,1010.09,12.21,43.72,1
2018-12-18 18:00:00,1.47,6.43,59.84,139.33,36.31,81.47,1009.47,10.11,68.76,0
2018-12-18 19:00:00,1.52,9.02,15.26,87.43,30.56,51.13,1015.55,21.02,39.99,0
2018-12-18 20:00:00,18.79,21.17,56.44,101.06,26.96,68.4,1011.26,8.12,33.27,0
2018-12-18 21:00:00,3.99,35.29,67.41,121.12,34.72,83.98,1009.21,15.76,41.41,0
2018-12-18 22:00:00,7.12,16.06,33.0,96.36,34.32,56.97,1015.47,3.23,19.17,0
2018-12-18 23:00:00,0.85,16.27,62.74,88.72,32.85,62.4,1021.22,25.66,45.72,1
2018-12-19 00:00:00,1.76,14.21,63.53,256.16,30.29,75.66,1007.38,6.98,74.96,1
2018-12-19 01:00:00,20.9,21.82,41.8,89.3,30.35,67.21,1012.69,2.75,87.16,0
2018-12-19 02:00:00,1.49,5.6,30.2,156.51,31.66,60.25,1007.9,35.28,40.52,0
2018-12-19 03:00:00,7.33,19.37,60.25,144.26,34.46,68.58,1013.44,7.09,50.92,0
2018-12-19 04:00:00,0.01,18.74,26.64,124.4,24.24,41.58,1018.53,11.07,29.83,0
2018-12-19 05:00:00,0.75,18.43,39.2,133.56,27.22,58.71,1004.69,8.85,30.53,1
2018-12-19 06:00:00,3.92,7.49,29.48,61.24,32.99,51.81,1013.61,4.97,6.95,0
2018-12-19 07:00:00,11.49,16.63,42.64,194.7,28.6,78.72,1003.15,11.97,62.93,0
2018-12-19 08:00:00,5.3,21.87,76.78,96.06,28.51,67.04,1007.38,5.96,69.3,1
2018-12-19 09:00:00,4.3,21.87,74.49,116.37,32.81,69.25,1009.91,4.05,56.46,0
2018-12-19 10:00:00,9.36,12.71,28.49,108.87,22.84,71.14,1015.03,4.75,42.39,0
2018-12-19 11:00:00,6.41,22.91,57.08,118.87,33.22,80.8,1005.61,1.26,56.99,0
2018-12-19 12:00:00,4.97,16.94,56.45,100.32,23.0,67.83,1004.89,3.0,66.78,1
2018-12-19 13:00:00,3.14,13.43,58.14,202.08,26.0,56.95,1007.21,4.07,57.07,0
2018-12-19 14:00:00,4.14,39.55,51.46,155.46,19.38,58.78,1012.03,2.42,46.26,1
2018-12-19 15:00:00,3.04,14.15,17.99,107.83,25.48,61.18,1004.95,5.15,31.03,0
2018-12-19 16:00:00,5.03,13.07,118.71,184.67,31.14,79.6,1020.84,9.53,73.55,0
2018-12-19 17:00:00,7.56,29.33,47.49,150.9,29.06,55.46,1007.78,7.25,31.18,1
2018-12-19 18:00:00,1.02,22.16,52.53,178.92,26.66,43.85,1006.71,13.11,61.14,0
2018-12-19 19:00:00,2.37,32.52,72.77,123.45,30.41,51.88,1003.77,4.3,88.73,0
2018-12-19 20:00:00,9.09,29.25,58.83,88.56,30.48,53.73,1013.44,2.51,38.81,0
2018-12-19 21:00:00,10.12,29.72,60.89,86.51,22.11,63.77,1008.13,7.39,29.5,1
2018-12-19 22:00:00,16.69,29.43,68.41,228.04,34.02,64.13,1013.37,9.01,35.21,0
2018-12-19 23:00:00,5.41,55.12,72.21,106.3,31.19,51.36,1012.16,4.33,51.5,0
2018-12-20 00:00:00,2.21,7.62,24.98,59.4,20.04,57.05,1021.57,8.89,22.91,0
2018-12-20 01:00:00,2.42,20.35,38.54,162.93,36.92,78.6,1005.68,2.44,54.54,0
2018-12-20 02:00:00,5.24,10.11,52.79,131.52,26.47,68.06,1010.82,10.85,66.47,1
2018-12-20 03:00:00,1.75,14.47,64.27,265.84,22.17,86.59,1009.46,1.81,81.08,1
2018-12-20 04:00:00,15.77,28.21,43.83,101.72,20.98,62.94,1001.13,3.99,64.73,1
2018-12-20 05:00:00,3.01,15.71,32.71,111.33,19.38,60.63,1014.06,3.63,46.83,1
2018-12-20 06:00:00,14.0,16.15,62.44,128.01,25.35,69.07,1009.27,9.02,38.36,0
2018-12-20 07:00:00,1.47,10.38,65.41,223.1,23.9,84.98,1014.32,14.18,60.13,0
2018-12-20 08:00:00,4.15,59.94,119.63,193.48,21.84,92.26,1009.59,19.77,75.57,0
2018-12-20 09:00:00,3.53,17.34,36.1,101.36,26.26,69.08,1011.33,3.17,6.61,0
2018-12-20 10:00:00,0.81,25.84,69.24,138.64,36.38,71.74,1017.13,11.96,57.65,0
2018-12-20 11:00:00,3.83,20.3,109.14,116.91,24.15,66.07,1005.46,20.45,72.19,0
2018-12-20 12:00:00,6.39,52.4,74.56,93.74,26.2,55.0,1014.42,13.02,43.03,0
2018-12-20 13:00:00,0.14,16.75,68.82,108.54,31.13,62.92,1012.28,15.71,50.28,0
2018-12-20 14:00:00,8.21,22.08,57.38,140.6,37.92,80.64,1019.05,8.54,80.41,0
2018-12-20 15:00:00,6.91,10.79,127.75,233.22,29.03,95.86,1007.31,3.35,100.0,0
2018-12-20 16:00:00,4.91,8.96,13.14,125.29,30.51,41.27,1023.76,2.69,55.19,0
2018-12-20 17:00:00,9.73,17.46,56.26,160.43,32.64,78.62,1008.73,9.98,53.0,0
2018-12-20 18:00:00,10.32,21.17,96.33,192.19,30.67,90.61,1011.75,11.26,48.19,0
2018-12-20 19:00:00,35.74,40.2,54.94,122.48,18.87,77.37,1007.99,29.51,23.26,1
2018-12-20 20:00:00,0.75,14.51,67.58,173.47,23.78,62.63,1014.78,23.19,37.45,0
2018-12-20 21:00:00,17.69,31.07,53.95,120.89,31.88,72.92,1008.41,8.32,83.84,0
2018-12-20 22:00:00,11.99,50.43,57.21,242.45,25.05,49.88,1024.28,11.96,54.33,0
2018-12-20 23:00:00,6.9,49.1,71.42,146.82,20.84,53.84,1011.44,16.47,63.74,0
2018-12-21 00:00:00,1.51,23.3,39.02,77.74,26.51,87.04,1011.18,13.94,41.41,1
2018-12-21 01:00:00,3.26,25.49,89.4,403.49,31.03,66.55,1005.2,12.9,75.65,0
2018-12-21 02:00:00,2.77,30.71,148.88,160.99,30.8,70.42,997.72,12.47,84.56,1
2018-12-21 03:00:00,4.42,21.12,44.84,100.65,28.26,59.53,1013.05,0.95,39.03,0
2018-12-21 04:00:00,9.4,38.38,60.85,138.39,17.85,84.63,1005.46,4.27,24.95,0
2018-12-21 05:00:00,15.07,18.6,23.66,102.58,29.13,70.93,1015.78,2.0,38.48,0
2018-12-21 06:00:00,21.86,45.81,105.94,153.42,20.88,67.45,995.85,6.06,85.97,0
2018-12-21 07:00:00,3.29,7.98,91.29,142.4,31.06,70.81,1004.39,4.72,58.73,1
2018-12-21 08:00:00,5.92,11.26,58.13,155.18,30.04,70.49,1011.32,5.47,21.16,0
2018-12-21 09:00:00,1.9,29.61,51.33,69.17,24.99,71.08,1018.16,7.54,43.13,0
2018-12-21 10:00:00,12.46,19.52,59.61,147.02,20.59,70.91,1010.49,3.2,66.63,0
2018-12-21 11:00:00,7.32,12.82,71.58,236.44,34.24,58.52,1011.32,12.23,39.55,0
2018-12-21 12:00:00,4.01,21.57,51.08,116.63,29.61,62.02,1005.55,0.96,33.33,0
2018-12-21 13:00:00,0.68,7.12,56.98,185.72,22.87,54.33,1010.91,6.82,50.03,0
2018-12-21 14:00:00,6.0,11.51,36.18,122.51,36.11,71.21,1009.61,24.69,40.94,0
2018-12-21 15:00:00,6.62,9.73,20.33,46.37,28.24,57.86,1020.45,15.22,39.25,0
2018-12-21 16:00:00,1.05,9.68,66.53,79.15,24.44,70.49,1000.41,2.66,78.53,1
2018-12-21 17:00:00,5.86,27.5,64.02,138.1,33.83,60.03,1014.37,3.06,42.29,0
2018-12-21 18:00:00,20.37,44.32,84.66,109.59,32.39,76.8,1006.44,17.34,49.28,1
2018-12-21 19:00:00,13.57,23.99,86.31,212.55,31.24,77.44,1008.94,9.73,59.99,0
2018-12-21 20:00:00,4.13,42.04,58.23,140.99,29.36,51.39,1009.92,2.75,35.55,0
2018-12-21 21:00:00,3.51,21.8,44.34,229.1,21.85,71.09,1008.88,4.63,30.94,0
2018-12-21 22:00:00,2.29,30.36,112.71,153.21,22.13,63.89,1003.58,6.79,79.77,0
2018-12-21 23:00:00,2.02,9.84,48.86,81.51,25.79,57.15,1003.49,4.91,36.72,0
2018-12-22 00:00:00,3.79,13.53,72.21,176.11,17.1,77.37,1022.86,11.76,76.08,0
2018-12-22 01:00:00,25.31,36.23,69.92,219.18,29.56,61.26,1009.77,7.29,39.58,0
2018-12-22 02:00:00,3.48,13.12,62.17,200.09,27.55,67.57,1005.63,3.19,52.35,0
2018-12-22 03:00:00,5.04,6.13,56.55,231.17,28.28,64.45,1014.55,6.51,28.11,1
2018-12-22 04:00:00,1.15,14.38,34.37,140.42,36.61,47.0,1016.11,10.82,43.15,0
2018-12-22 05:00:00,8.49,25.0,148.84,209.47,21.7,96.13,1007.91,8.45,100.0,1
2018-12-22 06:00:00,4.95,20.68,60.69,119.05,28.75,80.4,1005.74,7.93,82.69,0
2018-12-22 07:00:00,3.27,44.05,52.33,198.58,21.74,69.27,1015.84,14.91,63.87,1
2018-12-22 08:00:00,1.58,44.53,54.66,205.08,35.0,62.06,1006.91,6.04,25.4,0
2018-12-22 09:00:00,2.14,4.33,27.82,162.89,22.34,61.19,1007.44,8.02,43.15,0
2018-12-22 10:00:00,3.03,36.14,42.51,106.5,38.41,76.27,1006.07,6.32,40.47,0
2018-12-22 11:00:00,3.25,42.47,117.33,232.58,22.69,71.17,1003.37,27.89,92.77,0
2018-12-22 12:00:00,1.56,2.99,23.34,26.88,29.71,55.16,1015.79,1.37,21.21,0
2018-12-22 13:00:00,4.5,25.54,38.3,144.29,30.81,59.92,1008.94,6.6,53.63,0
2018-12-22 14:00:00,6.14,19.64,61.46,166.21,32.75,44.49,1022.98,37.12,53.08,0
2018-12-22 15:00:00,9.87,47.74,97.28,198.59,22.1,79.76,1010.86,14.52,64.82,0
2018-12-22 16:00:00,19.48,55.67,80.49,156.58,21.47,71.71,1010.85,5.0,48.24,1
2018-12-22 17:00:00,0.36,70.79,120.82,174.05,25.44,85.34,1009.99,6.98,66.85,1
2018-12-22 18:00:00,7.03,28.62,86.75,116.42,31.81,66.2,1007.04,9.57,54.67,0
2018-12-22 19:00:00,3.67,22.53,46.81,369.03,28.03,49.25,1015.57,13.96,39.42,0
2018-12-22 20:00:00,0.19,6.61,18.13,69.86,33.94,59.94,1008.08,1.26,43.39,0
2018-12-22 21:00:00,2.49,10.95,33.04,140.4,23.41,49.63,1009.41,21.12,56.97,0
2018-12-22 22:00:00,9.0,28.53,56.6,90.39,26.61,71.22,1015.38,3.09,34.01,0
2018-12-22 23:00:00,7.99,16.1,50.18,134.23,27.58,70.92,1018.04,18.44,40.24,0
2018-12-23 00:00:00,5.6,19.03,78.12,169.58,27.29,90.78,1020.64,2.73,48.83,0
2018-12-23 01:00:00,2.2,4.77,33.6,50.68,31.24,75.43,1009.6,3.63,16.91,0
2018-12-23 02:00:00,15.53,29.71,47.48,64.4,34.81,66.62,1014.07,13.39,48.14,0
2018-12-23 03:00:00,1.31,3.01,24.59,128.04,24.77,57.21,1003.06,11.92,49.73,0
2018-12-23 04:00:00,3.32,30.72,68.84,131.14,25.45,76.56,1018.47,32.51,70.11,0
2018-12-23 05:00:00,3.99,18.76,59.42,83.78,29.64,69.08,1010.08,6.42,54.46,0
2018-12-23 06:00:00,4.6,12.16,104.61,121.16,29.84,69.47,1012.87,5.01,80.94,0
2018-12-23 07:00:00,29.05,40.48,68.27,146.35,33.93,46.98,1013.82,3.07,49.52,0
2018-12-23 08:00:00,18.21,26.41,44.28,206.17,28.52,86.3,1013.82,8.12,45.15,0
2018-12-23 09:00:00,7.76,13.82,18.36,113.91,26.88,69.33,1009.2,9.89,14.83,0
2018-12-23 10:00:00,4.99,14.17,21.16,112.45,37.62,65.6,1008.58,1.12,56.64,0
2018-12-23 11:00:00,4.93,14.17,60.19,150.86,29.82,66.78,1015.47,6.4,76.48,0
2018-12-23 12:00:00,9.59,20.1,40.85,69.34,31.94,81.69,1009.01,23.78,32.49,0
2018-12-23 13:00:00,13.17,14.13,84.06,91.03,19.33,79.36,1006.56,10.9,75.53,0
2018-12-23 14:00:00,1.27,30.17,36.03,81.88,27.24,47.9,1011.2,32.67,44.39,0
2018-12-23 15:00:00,19.63,48.93,72.01,102.48,34.22,65.74,1009.81,3.05,67.33,1
2018-12-23 16:00:00,7.42,19.98,77.27,109.42,28.63,76.8,1008.18,13.08,53.44,0
2018-12-23 17:00:00,2.76,47.11,122.99,243.46,27.63,89.55,1007.97,6.86,64.8,0
2018-12-23 18:00:00,4.33,14.09,62.76,209.61,17.62,63.7,1012.17,5.89,72.11,1
2018-12-23 19:00:00,7.78,21.69,83.09,96.61,27.28,85.57,1005.05,4.53,82.4,0
2018-12-23 20:00:00,8.13,26.79,43.96,55.69,34.89,49.94,1005.64,8.0,40.31,0
2018-12-23 21:00:00,1.59,15.19,41.49,165.26,28.07,60.21,1014.39,11.45,14.94,0
2018-12-23 22:00:00,4.74,12.34,91.3,196.04,30.64,69.6,1011.85,4.5,52.29,1
2018-12-23 23:00:00,6.12,19.24,35.25,103.01,26.25,71.17,1010.06,12.52,47.93,1
2018-12-24 00:00:00,13.34,16.84,50.07,293.67,26.2,77.37,1008.45,12.69,46.63,1
2018-12-24 01:00:00,1.07,7.16,59.13,204.99,28.35,78.76,1014.92,13.7,41.89,0
2018-12-24 02:00:00,5.24,30.27,102.73,214.12,30.78,59.91,1003.52,5.68,72.96,0
2018-12-24 03:00:00,2.59,64.77,95.19,164.42,32.31,73.89,1004.0,4.2,64.2,0
2018-12-24 04:00:00,7.62,14.98,40.4,66.02,31.94,47.26,1007.75,5.45,66.03,0
2018-12-24 05:00:00,27.93,38.96,82.47,238.54,26.2,70.54,997.88,10.01,36.17,1
2018-12-24 06:00:00,12.06,22.56,119.0,151.03,29.19,93.4,1018.75,3.12,96.17,0
2018-12-24 07:00:00,8.24,23.73,66.95,163.91,21.05,87.62,1004.14,4.28,52.54,0
2018-12-24 08:00:00,10.39,37.63,82.21,264.59,29.44,74.92,1015.23,2.07,71.86,0
2018-12-24 09:00:00,17.18,31.54,61.89,95.08,17.02,69.37,1012.27,8.01,52.96,0
2018-12-24 10:00:00,11.16,14.86,31.79,91.69,19.71,59.32,1013.78,4.73,47.2,0
2018-12-24 11:00:00,20.81,28.71,54.57,104.69,29.13,64.93,1019.4,1.07,60.85,0
2018-12-24 12:00:00,5.76,22.89,52.84,122.66,30.97,79.38,1013.42,1.74,28.78,0
2018-12-24 13:00:00,7.35,16.89,42.46,179.47,21.36,54.3,1011.24,5.27,46.33,0
2018-12-24 14:00:00,14.53,24.39,56.88,86.38,31.07,62.85,1018.44,3.71,39.45,1
2018-12-24 15:00:00,26.89,36.98,82.75,136.73,27.11,70.35,999.36,10.24,38.25,1
2018-12-24 16:00:00,3.3,15.64,36.59,55.12,34.25,54.76,1018.11,10.32,55.03,0
2018-12-24 17:00:00,13.88,19.56,79.08,168.7,36.02,74.53,1010.72,1.83,90.51,1
2018-12-24 18:00:00,3.09,27.79,71.34,122.79,15.71,83.57,1010.09,2.46,56.53,0
2018-12-24 19:00:00,6.8,10.46,45.24,59.24,38.58,69.66,1010.19,5.11,28.12,0
2018-12-24 20:00:00,0.82,17.67,46.18,134.01,33.05,56.48,1013.16,2.86,60.53,0
2018-12-24 21:00:00,3.11,11.43,27.5,134.84,31.35,52.61,1009.56,1.26,20.07,0
2018-12-24 22:00:00,6.49,20.03,66.25,120.97,26.19,54.34,1005.87,7.2,30.73,0
2018-12-24 23:00:00,8.65,40.96,165.71,290.7,30.87,83.82,1007.58,18.03,93.12,0
2018-12-25 00:00:00,8.21,40.03,114.16,169.19,30.04,67.3,1012.54,4.49,100.0,1
2018-12-25 01:00:00,12.45,39.22,89.64,133.85,32.75,73.63,1009.24,8.09,87.72,0
2018-12-25 02:00:00,3.62,39.89,120.12,147.63,30.04,69.67,1011.21,4.1,99.03,0
2018-12-25 03:00:00,4.81,60.5,82.8,427.94,31.12,55.88,1013.7,7.89,59.07,0
2018-12-25 04:00:00,5.04,29.81,48.72,146.95,32.16,44.41,1014.61,13.4,26.11,0
2018-12-25 05:00:00,3.91,22.58,55.1,141.45,17.41,71.21,1013.93,22.6,41.78,0
2018-12-25 06:00:00,1.96,7.71,41.72,117.7,26.5,48.62,1014.64,20.44,45.76,0
2018-12-25 07:00:00,5.79,26.83,96.18,220.92,28.1,77.28,1011.09,14.62,97.06,0
2018-12-25 08:00:00,10.79,24.91,83.36,246.09,25.98,63.5,999.43,4.58,63.44,0
2018-12-25 09:00:00,7.21,48.55,54.11,139.62,34.28,67.36,1007.51,42.0,51.23,0
2018-12-25 10:00:00,3.42,26.67,86.09,214.89,36.98,70.01,1008.63,19.77,50.64,1
2018-12-25 11:00:00,5.9,10.51,39.34,186.51,28.87,63.56,1015.74,4.87,23.24,0
2018-12-25 12:00:00,3.2,19.62,61.36,217.29,28.85,75.59,1008.44,6.81,28.32,0
2018-12-25 13:00:00,8.84,34.23,65.44,132.29,28.71,59.69,1015.6,9.43,16.03,0
2018-12-25 14:00:00,11.1,25.01,45.69,102.4,19.47,78.1,1018.57,5.87,49.77,0
2018-12-25 15:00:00,11.32,65.98,107.44,175.12,23.25,81.97,1020.23,3.62,100.0,0
2018-12-25 16:00:00,4.32,26.93,46.48,127.01,23.31,59.99,1014.54,10.64,65.89,0
2018-12-25 17:00:00,3.28,9.2,38.46,133.63,32.51,59.59,1008.33,12.89,49.1,0
2018-12-25 18:00:00,12.45,17.97,35.07,50.26,25.9,62.45,1013.73,4.89,52.85,0
2018-12-25 19:00:00,3.99,10.75,23.66,149.94,27.65,54.97,1016.32,5.62,34.86,0
2018-12-25 20:00:00,5.81,14.53,135.19,173.61,27.13,61.92,1000.77,6.76,100.0,0
2018-12-25 21:00:00,7.14,20.54,43.79,190.5,26.62,53.06,1017.44,9.41,56.71,0
2018-12-25 22:00:00,5.37,22.67,51.96,87.89,39.55,54.5,1008.65,7.89,49.31,1
2018-12-25 23:00:00,9.96,42.3,115.65,192.81,28.64,73.82,1009.97,3.89,54.69,0
2018-12-26 00:00:00,0.97,25.83,62.32,121.96,35.77,54.01,1005.68,8.3,69.31,0
2018-12-26 01:00:00,8.14,18.23,34.73,48.57,24.17,69.53,1017.13,14.36,27.63,0
2018-12-26 02:00:00,2.31,12.47,29.11,69.4,21.93,61.51,1002.7,3.65,24.16,0
2018-12-26 03:00:00,3.56,27.48,43.07,217.06,32.95,58.58,1011.19,9.77,39.41,0
2018-12-26 04:00:00,6.35,15.0,110.88,154.42,28.9,66.74,1006.62,24.89,81.65,0
2018-12-26 05:00:00,0.64,20.33,25.16,66.57,31.5,59.7,1016.05,21.34,47.39,0
2018-12-26 06:00:00,4.56,7.75,21.73,195.92,37.96,68.28,1010.12,26.18,51.85,0
2018-12-26 07:00:00,3.82,21.7,45.47,142.85,29.06,44.35,1017.64,8.65,50.8,0
2018-12-26 08:00:00,4.81,20.93,44.61,83.82,30.19,47.99,1009.99,14.86,57.35,1
2018-12-26 09:00:00,3.61,12.37,34.21,99.4,26.18,50.81,1014.85,6.8,39.45,0
2018-12-26 10:00:00,5.85,9.98,56.76,282.43,28.77,52.06,1014.51,21.65,36.17,0
2018-12-26 11:00:00,3.08,6.6,45.75,201.22,29.48,48.71,1013.34,10.06,67.35,0
2018-12-26 12:00:00,5.17,20.43,39.21,82.94,30.72,62.11,1014.33,13.73,23.58,0
2018-12-26 13:00:00,6.34,23.52,46.19,124.14,29.62,62.9,1003.44,3.29,26.69,0
2018-12-26 14:00:00,12.82,14.66,158.14,221.7,19.49,79.64,1004.59,14.27,100.0,1
2018-12-26 15:00:00,15.17,16.93,57.2,121.72,36.4,67.27,1008.51,10.45,49.15,0
2018-12-26 16:00:00,1.09,6.09,7.79,80.95,28.49,55.57,1016.04,14.7,26.21,0
2018-12-26 17:00:00,13.64,19.3,35.89,55.64,36.73,53.83,1017.63,11.3,65.61,0
2018-12-26 18:00:00,1.95,9.03,30.97,64.2,23.47,56.22,1013.31,3.05,33.18,0
2018-12-26 19:00:00,5.21,20.54,139.27,273.74,25.26,82.19,1006.61,12.86,81.67,0
2018-12-26 20:00:00,0.72,27.6,50.68,192.15,26.89,51.93,1011.35,3.39,54.29,0
2018-12-26 21:00:00,0.28,27.46,51.86,126.52,25.74,67.27,1012.71,11.72,74.83,0
2018-12-26 22:00:00,26.69,47.91,55.12,113.34,29.99,32.78,1010.65,11.65,64.44,0
2018-12-26 23:00:00,5.35,31.68,65.39,126.42,34.0,66.42,1007.4,11.34,57.91,0
2018-12-27 00:00:00,4.28,10.17,65.17,236.86,35.56,69.89,1004.93,4.73,54.16,1
2018-12-27 01:00:00,7.03,27.85,59.89,245.99,25.43,56.1,1005.86,21.67,66.82,0
2018-12-27 02:00:00,4.39,27.21,50.15,206.1,24.71,74.65,1005.5,8.4,28.21,0
2018-12-27 03:00:00,10.99,13.78,42.0,123.12,32.23,73.99,1012.38,22.75,36.36,0
2018-12-27 04:00:00,6.68,39.28,92.61,150.61,22.2,73.76,1006.58,3.17,56.48,1
2018-12-27 05:00:00,9.54,33.13,59.47,167.7,31.69,81.89,1014.08,6.76,78.14,1
2018-12-27 06:00:00,2.33,10.22,36.96,89.09,26.7,53.64,1000.6,14.92,72.97,0
2018-12-27 07:00:00,0.88,3.13,46.67,123.0,25.57,72.2,1007.33,5.07,67.18,0
2018-12-27 08:00:00,12.04,27.07,47.0,121.92,12.53,77.58,1010.47,18.42,42.32,0
2018-12-27 09:00:00,7.3,17.37,32.84,102.14,29.46,49.49,1012.7,5.04,13.91,0
2018-12-27 10:00:00,1.36,5.35,12.91,57.32,34.42,58.09,1012.94,12.57,29.63,0
2018-12-27 11:00:00,1.39,14.58,44.03,130.98,21.48,48.14,1016.34,2.04,34.64,0
2018-12-27 12:00:00,5.97,14.76,34.24,87.59,29.55,69.51,1019.23,4.91,38.59,0
2018-12-27 13:00:00,8.91,32.63,92.1,106.36,30.75,88.24,1012.07,3.04,72.64,0
2018-12-27 14:00:00,1.93,3.62,30.35,50.92,25.1,54.99,1012.56,9.36,57.84,0
2018-12-27 15:00:00,9.93,35.39,90.16,152.26,30.37,70.89,1012.53,2.6,71.47,0
2018-12-27 16:00:00,5.83,18.27,66.31,99.7,32.93,61.82,1010.17,6.92,61.98,0
2018-12-27 17:00:00,5.38,26.36,33.06,95.63,29.01,85.87,1017.84,28.08,59.11,0
2018-12-27 18:00:00,1.2,35.72,47.8,70.09,31.04,54.52,1011.11,2.46,51.3,0
2018-12-27 19:00:00,2.36,19.88,120.96,259.31,26.56,67.65,1007.81,3.63,78.44,0
2018-12-27 20:00:00,4.76,29.92,50.1,105.01,32.47,69.6,1013.73,6.14,30.6,1
2018-12-27 21:00:00,7.47,10.61,51.87,146.23,18.58,63.45,1007.85,1.28,55.13,0
2018-12-27 22:00:00,6.33,9.88,39.05,185.79,32.24,87.15,1019.32,2.82,53.37,0
2018-12-27 23:00:00,0.38,10.32,17.23,153.81,34.78,77.96,1004.87,29.52,35.84,0
2018-12-28 00:00:00,1.8,9.3,25.87,112.13,23.87,65.82,1006.93,8.13,41.44,0
2018-12-28 01:00:00,6.71,25.31,39.3,183.64,23.73,71.39,1017.11,1.26,69.41,0
2018-12-28 02:00:00,7.64,26.23,78.08,108.62,36.9,76.37,1018.42,5.93,66.28,0
2018-12-28 03:00:00,3.55,32.98,49.47,94.86,30.12,74.36,1021.22,0.85,45.38,0
2018-12-28 04:00:00,9.22,21.58,65.89,287.02,19.62,72.1,1008.01,14.88,75.96,0
2018-12-28 05:00:00,9.1,12.24,22.77,109.03,26.79,49.01,1011.79,5.58,33.05,0
2018-12-28 06:00:00,25.34,55.0,57.74,154.79,18.53,57.16,1012.59,2.47,49.08,0
2018-12-28 07:00:00,5.41,34.09,68.35,130.8,26.77,77.01,1012.87,19.36,69.94,1
2018-12-28 08:00:00,3.41,13.45,56.03,112.88,27.84,60.07,1016.41,19.01,38.39,0
2018-12-28 09:00:00,1.95,31.21,54.94,101.02,31.37,78.31,1013.34,6.93,25.72,0
2018-12-28 10:00:00,1.0,3.78,36.91,139.89,28.16,68.91,1024.68,8.57,53.59,0
2018-12-28 11:00:00,8.77,19.44,28.24,127.99,36.78,48.22,1017.64,15.7,64.02,0
2018-12-28 12:00:00,7.95,12.78,37.89,145.31,28.63,50.34,1017.77,8.44,71.11,0
2018-12-28 13:00:00,1.19,25.91,85.41,167.8,17.51,57.31,1005.68,12.4,57.39,0
2018-12-28 14:00:00,8.82,16.45,119.77,155.16,31.38,84.41,1013.4,0.26,83.92,0
2018-12-28 15:00:00,6.12,33.06,63.19,102.62,28.59,78.01,1016.6,5.67,26.9,0
2018-12-28 16:00:00,3.96,8.4,48.28,99.9,27.06,59.8,1016.1,19.43,43.76,0
2018-12-28 17:00:00,7.88,56.44,117.19,258.88,33.8,76.05,1000.52,10.61,100.0,1
2018-12-28 18:00:00,19.79,29.66,64.75,155.15,32.58,69.86,1007.03,2.84,47.51,1
2018-12-28 19:00:00,2.26,11.28,52.97,175.18,23.25,73.29,1007.5,2.92,79.02,1
2018-12-28 20:00:00,6.13,29.58,112.47,180.28,29.49,71.75,1008.34,8.37,61.22,0
2018-12-28 21:00:00,8.44,25.94,66.28,168.31,36.36,71.27,1009.33,8.33,59.98,0
2018-12-28 22:00:00,0.11,10.06,34.4,58.65,28.43,60.46,1027.45,21.43,41.35,0
2018-12-28 23:00:00,1.85,10.62,92.51,146.59,20.92,56.06,1007.47,4.78,86.4,0
2018-12-29 00:00:00,0.79,39.74,77.42,121.94,30.18,82.62,1010.71,5.51,56.46,0
2018-12-29 01:00:00,19.7,31.5,43.0,274.87,26.29,65.9,1014.85,5.64,15.38,1
2018-12-29 02:00:00,3.94,16.12,42.63,89.07,28.18,60.77,1012.26,5.37,66.76,0
2018-12-29 03:00:00,6.79,11.25,122.54,153.95,22.73,69.48,1018.6,6.9,73.41,1
2018-12-29 04:00:00,2.24,35.6,99.47,206.88,29.85,65.82,1012.32,2.04,59.63,1
2018-12-29 05:00:00,0.16,6.0,26.58,134.68,24.81,45.32,1011.03,12.79,25.64,0
2018-12-29 06:00:00,4.11,9.41,78.76,190.59,32.44,57.94,1009.02,17.06,45.41,0
2018-12-29 07:00:00,2.19,27.79,54.08,113.04,35.43,55.36,1016.18,13.34,35.1,0
2018-12-29 08:00:00,7.48,7.76,24.71,123.88,29.03,53.89,1019.03,15.33,32.28,0
2018-12-29 09:00:00,10.06,24.86,85.24,179.07,22.77,83.56,1013.27,34.8,81.15,0
2018-12-29 10:00:00,1.2,10.19,22.15,51.08,23.85,64.95,1009.94,8.06,28.42,0
2018-12-29 11:00:00,2.47,13.41,30.67,38.62,28.98,51.33,1009.34,23.04,17.99,0
2018-12-29 12:00:00,2.62,8.64,43.26,92.68,29.76,46.85,1014.85,13.7,21.33,0
2018-12-29 13:00:00,9.94,17.45,56.42,139.48,25.1,55.98,1019.44,4.26,66.89,0
2018-12-29 14:00:00,5.51,7.36,61.64,81.62,26.9,80.55,1015.05,27.53,39.62,0
2018-12-29 15:00:00,1.27,24.74,39.03,97.25,31.19,68.66,1010.26,7.43,49.19,0
2018-12-29 16:00:00,12.73,22.74,57.82,142.65,33.89,63.6,1010.45,10.06,46.23,1
2018-12-29 17:00:00,2.23,29.2,33.06,120.07,27.95,60.78,1002.12,11.39,45.31,0
2018-12-29 18:00:00,2.98,55.85,60.69,260.97,31.36,77.38,1016.89,8.39,63.81,1
2018-12-29 19:00:00,1.71,6.3,24.25,132.33,27.98,59.14,1006.63,23.73,38.87,0
2018-12-29 20:00:00,5.92,26.09,80.32,94.38,29.72,92.11,1016.13,9.22,56.21,1
2018-12-29 21:00:00,3.54,8.71,54.17,222.04,24.42,65.57,1011.96,3.28,50.19,0
2018-12-29 22:00:00,15.93,22.63,48.83,102.25,30.15,54.47,1021.98,15.28,40.74,0
2018-12-29 23:00:00,5.58,17.31,23.68,55.36,35.52,39.06,1017.79,13.36,50.01,0
2018-12-30 00:00:00,1.84,49.1,87.76,141.11,30.02,75.22,1012.06,7.67,76.21,0
2018-12-30 01:00:00,5.01,14.38,177.57,212.05,30.31,84.87,1007.2,23.08,93.34,1
2018-12-30 02:00:00,17.77,29.23,60.53,67.71,23.1,56.52,1008.09,13.35,66.53,1
2018-12-30 03:00:00,1.08,15.91,27.91,70.69,29.88,66.94,1012.7,1.77,40.98,0
2018-12-30 04:00:00,7.88,19.15,48.71,135.35,16.7,66.47,1011.01,3.52,13.52,0
2018-12-30 05:00:00,3.07,7.65,15.26,105.14,31.6,53.15,1005.38,7.98,17.39,1
2018-12-30 06:00:00,1.78,30.34,50.75,152.71,35.91,67.19,1017.93,17.44,64.57,0
2018-12-30 07:00:00,16.91,25.46,76.82,168.5,25.08,67.45,1009.21,4.52,65.9,0
2018-12-30 08:00:00,4.69,7.76,85.86,175.93,26.69,79.7,1008.76,9.09,86.76,0
2018-12-30 09:00:00,4.87,20.74,45.58,91.47,33.26,64.11,1002.66,13.84,53.68,0
2018-12-30 10:00:00,3.12,32.96,43.08,83.33,23.48,58.93,1009.65,20.3,48.71,0
2018-12-30 11:00:00,3.27,9.23,62.84,102.61,30.58,78.77,1014.74,12.78,63.21,0
2018-12-30 12:00:00,0.27,10.39,47.66,103.02,23.87,52.89,1007.74,14.69,40.5,0
2018-12-30 13:00:00,7.77,19.88,49.01,160.91,31.15,49.74,1006.54,2.43,62.66,1
2018-12-30 14:00:00,0.8,8.77,42.24,57.98,26.66,56.62,1010.45,19.79,45.17,0
2018-12-30 15:00:00,11.31,23.78,49.47,122.28,12.85,46.06,1012.05,3.5,50.75,0
2018-12-30 16:00:00,1.38,39.42,70.67,129.85,22.22,52.36,1015.77,8.82,79.38,0
2018-12-30 17:00:00,5.33,18.0,53.59,189.93,27.49,62.26,1017.61,11.62,63.11,0
2018-12-30 18:00:00,2.57,21.06,59.32,215.85,38.27,66.27,1010.71,3.56,59.68,1
2018-12-30 19:00:00,3.12,12.16,45.14,119.94,26.66,60.48,1005.01,3.72,35.15,0
2018-12-30 20:00:00,3.81,19.36,34.95,109.31,24.06,66.33,1009.05,8.02,32.92,0
2018-12-30 21:00:00,6.72,23.8,123.35,192.21,29.71,72.53,1013.84,15.07,88.04,0
2018-12-30 22:00:00,16.53,38.96,69.13,262.59,11.04,48.46,1005.06,7.01,32.23,0
2018-12-30 23:00:00,3.04,11.33,17.27,54.26,35.01,65.58,1015.74,6.57,39.64,0
2018-12-31 00:00:00,0.18,10.66,37.37,54.71,31.39,60.9,1023.49,11.04,34.99,0
2018-12-31 01:00:00,13.74,37.86,65.78,107.34,25.22,73.81,1015.52,9.46,61.27,0
2018-12-31 02:00:00,8.86,17.82,34.97,163.24,31.98,67.55,1013.66,12.01,29.89,0
2018-12-31 03:00:00,1.31,5.87,18.75,110.02,29.66,69.2,1019.16,5.96,53.53,0
2018-12-31 04:00:00,1.01,9.01,44.52,77.33,27.27,54.15,1013.63,12.42,24.36,0
2018-12-31 05:00:00,7.0,30.56,65.73,137.99,31.01,54.95,1008.86,6.32,18.33,0
2018-12-31 06:00:00,5.92,32.06,43.59,177.11,27.52,61.94,1012.58,9.11,59.31,0
2018-12-31 07:00:00,19.9,40.5,76.33,189.85,28.93,67.24,1005.02,4.98,38.66,1
2018-12-31 08:00:00,7.84,37.05,79.43,98.22,31.06,81.78,1003.83,1.89,48.9,1
2018-12-31 09:00:00,2.39,38.41,48.88,157.45,25.93,68.91,1010.66,10.26,16.73,0
2018-12-31 10:00:00,1.79,23.19,49.11,176.42,27.31,65.32,1007.79,6.53,63.53,1
2018-12-31 11:00:00,5.16,16.41,115.16,170.77,21.57,63.58,1005.41,5.46,95.26,0
2018-12-31 12:00:00,0.3,3.6,52.54,118.05,20.93,57.4,1005.9,5.78,62.58,0
2018-12-31 13:00:00,0.57,4.82,53.89,122.69,18.65,48.55,1009.76,4.92,68.1,0
2018-12-31 14:00:00,1.1,7.43,57.0,285.74,30.0,57.08,1007.44,10.86,63.31,1
2018-12-31 15:00:00,2.31,29.16,96.73,195.74,26.27,74.24,1009.77,3.78,67.74,0
2018-12-31 16:00:00,4.62,11.37,28.99,104.46,21.53,64.73,1008.66,3.22,38.7,0
2018-12-31 17:00:00,8.31,15.01,21.98,103.87,25.88,65.38,1008.73,5.81,44.15,0
2018-12-31 18:00:00,14.42,21.76,47.17,64.16,22.17,71.14,1010.33,12.22,51.96,0
2018-12-31 19:00:00,12.22,24.63,45.75,158.02,29.01,68.93,1003.16,6.75,34.3,1
2018-12-31 20:00:00,10.66,26.53,49.46,222.47,33.43,57.9,1006.86,4.32,47.94,1
2018-12-31 21:00:00,2.99,18.82,70.52,237.99,35.3,60.06,1016.71,8.1,60.91,0
2018-12-31 22:00:00,1.85,9.4,27.45,71.24,27.15,72.94,1015.45,19.06,49.14,0
2018-12-31 23:00:00,6.87,32.51,134.39,232.78,27.03,75.29,1008.36,8.69,97.67,1
2019-01-01 00:00:00,7.28,18.98,24.1,45.41,18.07,55.89,1004.61,10.4,37.26,0
2019-01-01 01:00:00,1.27,24.43,96.37,217.39,19.96,71.18,1004.4,6.12,61.65,0
2019-01-01 02:00:00,3.79,16.84,25.21,60.37,35.35,44.63,1010.85,9.39,40.22,0
2019-01-01 03:00:00,1.67,8.98,59.23,198.66,28.96,63.83,1012.87,8.82,46.79,0
2019-01-01 04:00:00,0.54,9.8,58.12,158.49,34.18,49.83,1007.84,10.66,60.39,0
2019-01-01 05:00:00,6.4,12.41,38.47,55.07,17.63,68.22,1014.46,12.6,38.98,0
2019-01-01 06:00:00,10.48,13.42,67.43,199.87,27.58,62.72,1009.84,13.83,44.97,0
2019-01-01 07:00:00,18.47,32.74,49.18,60.83,18.46,58.03,1015.62,26.16,43.65,0
2019-01-01 08:00:00,4.1,9.31,23.38,63.09,16.07,40.03,1014.3,4.35,24.68,1
2019-01-01 09:00:00,0.37,4.13,55.13,79.12,23.08,68.13,1015.49,8.98,44.12,0
2019-01-01 10:00:00,21.12,43.47,64.78,310.8,38.03,90.6,1010.79,5.12,54.21,0
2019-01-01 11:00:00,22.61,53.13,147.42,245.64,23.57,75.82,1005.22,13.64,100.0,1
2019-01-01 12:00:00,39.57,46.29,97.24,175.23,34.88,72.02,1013.85,14.38,50.66,0
2019-01-01 13:00:00,28.16,112.54,153.01,210.55,26.58,98.33,1008.44,24.6,100.0,1
2019-01-01 14:00:00,6.04,27.92,50.64,336.48,34.77,87.81,1012.18,8.55,40.36,0
2019-01-01 15:00:00,4.83,19.0,30.74,100.58,31.75,48.44,1014.3,15.59,60.86,0
2019-01-01 16:00:00,9.55,11.4,74.94,352.5,35.25,80.6,1016.19,8.87,68.64,1
2019-01-01 17:00:00,0.73,18.99,82.05,157.71,25.38,42.02,1012.25,4.02,48.17,0
2019-01-01 18:00:00,2.16,6.77,24.76,183.96,29.47,27.97,1017.42,11.36,20.35,0
2019-01-01 19:00:00,4.16,9.5,19.68,194.4,28.66,40.66,1000.76,7.9,35.66,0
2019-01-01 20:00:00,12.6,32.28,65.97,110.98,41.97,63.17,1013.26,21.29,41.59,1
2019-01-01 21:00:00,13.08,57.56,89.72,188.38,32.94,51.18,1016.97,14.79,85.61,0
2019-01-01 22:00:00,4.41,19.07,75.72,227.11,27.21,81.73,1015.65,4.76,70.22,0
2019-01-01 23:00:00,0.86,26.3,52.27,65.78,39.18,64.83,1006.23,11.77,82.78,0
2019-01-02 00:00:00,10.33,54.25,141.06,269.39,39.64,86.58,1004.78,9.05,100.0,1
2019-01-02 01:00:00,0.77,3.66,48.78,163.63,24.46,60.32,1019.99,5.39,32.87,0
2019-01-02 02:00:00,2.65,22.55,118.74,228.23,29.54,70.45,1020.9,3.73,96.3,0
2019-01-02 03:00:00,6.0,37.24,47.0,88.18,25.9,62.62,1013.81,6.97,47.32,0
2019-01-02 04:00:00,0.63,28.55,64.73,76.24,19.35,86.13,1028.42,2.01,56.12,0
2019-01-02 05:00:00,2.0,31.66,113.63,168.65,29.01,77.45,1008.02,1.92,90.01,0
2019-01-02 06:00:00,11.72,20.02,30.88,86.59,11.2,62.18,1018.21,14.76,24.3,0
2019-01-02 07:00:00,9.56,25.86,85.93,200.23,28.44,59.94,1005.56,3.58,74.83,1
2019-01-02 08:00:00,1.04,32.53,39.27,85.91,27.71,52.03,1014.09,6.5,50.68,0
2019-01-02 09:00:00,6.71,26.09,37.79,159.05,27.65,55.02,1005.58,9.18,45.71,0
2019-01-02 10:00:00,8.68,12.74,23.1,35.93,26.83,65.31,1015.41,1.25,3.71,0
2019-01-02 11:00:00,2.23,7.12,19.65,149.42,25.63,61.79,1009.3,6.89,32.33,0
2019-01-02 12:00:00,3.88,32.39,86.92,139.07,18.6,50.88,1005.27,6.11,46.55,1
2019-01-02 13:00:00,5.33,5.91,31.52,123.71,20.3,65.15,1019.42,6.72,17.85,0
2019-01-02 14:00:00,1.14,21.42,51.82,83.61,27.69,71.52,1014.1,22.72,31.7,1
2019-01-02 15:00:00,2.03,25.2,41.63,149.74,27.73,68.39,1007.64,11.65,39.69,0
2019-01-02 16:00:00,19.03,36.71,69.19,150.47,32.73,73.15,1007.31,10.05,53.85,0
2019-01-02 17:00:00,3.59,26.85,106.6,208.81,25.39,80.14,1001.69,0.11,100.0,0
2019-01-02 18:00:00,5.63,28.74,39.8,258.04,22.09,65.83,1008.46,16.91,55.02,1
2019-01-02 19:00:00,5.72,6.66,228.37,281.02,26.29,82.76,1001.63,3.43,100.0,0
2019-01-02 20:00:00,14.75,16.77,44.43,75.56,15.9,72.68,1013.44,10.37,57.66,0
2019-01-02 21:00:00,10.09,16.89,32.27,122.04,28.97,78.03,1012.89,16.72,19.99,0
2019-01-02 22:00:00,1.23,18.86,29.12,76.16,31.15,72.9,1007.23,15.49,25.17,0
2019-01-02 23:00:00,16.31,32.56,74.34,142.84,35.26,71.12,1005.43,8.11,21.2,0
2019-01-03 00:00:00,21.38,26.39,64.16,135.78,29.52,65.81,1019.79,9.5,55.15,0
2019-01-03 01:00:00,1.22,33.87,46.1,303.06,21.79,57.02,1015.77,16.0,67.58,0
2019-01-03 02:00:00,3.34,55.49,125.76,185.41,24.19,58.9,1013.25,11.21,90.06,1
2019-01-03 03:00:00,4.3,27.41,74.16,217.02,26.98,78.02,1010.24,2.01,43.83,0
2019-01-03 04:00:00,3.49,19.5,87.41,100.99,24.13,55.91,1004.07,10.68,55.82,1
2019-01-03 05:00:00,8.72,26.56,101.49,158.1,21.54,69.68,1011.37,10.09,82.99,1
2019-01-03 06:00:00,3.9,11.31,21.39,96.01,24.66,55.05,1009.19,4.4,24.51,0
2019-01-03 07:00:00,2.69,6.54,80.99,142.35,33.32,82.14,1023.78,14.47,78.88,0
2019-01-03 08:00:00,9.08,35.01,86.78,158.26,30.05,77.26,1006.15,12.71,80.0,0
2019-01-03 09:00:00,0.19,23.14,69.23,109.42,32.69,61.32,1017.64,12.06,54.38,0
2019-01-03 10:00:00,6.06,32.18,58.97,196.28,23.66,64.48,1009.58,7.7,35.61,0
2019-01-03 11:00:00,7.83,24.99,96.59,140.96,35.54,70.31,1009.6,25.7,81.59,1
2019-01-03 12:00:00,15.47,19.03,98.11,132.45,29.9,78.9,1016.77,7.94,64.02,1
2019-01-03 13:00:00,5.22,8.53,52.18,139.87,30.21,54.29,1005.68,25.06,56.34,0
2019-01-03 14:00:00,0.41,5.57,51.79,155.03,27.68,67.27,1017.46,10.95,57.81,0
2019-01-03 15:00:00,5.54,41.39,160.59,234.23,14.38,81.88,1005.09,7.49,100.0,0
2019-01-03 16:00:00,0.35,3.36,5.15,36.67,35.57,80.43,1016.2,8.33,46.81,0
2019-01-03 17:00:00,7.08,18.56,103.55,252.25,29.67,65.74,1014.21,8.76,72.99,0
2019-01-03 18:00:00,13.32,21.46,55.17,134.64,22.39,77.17,1015.06,1.04,64.92,0
2019-01-03 19:00:00,4.54,7.97,97.9,168.39,39.38,68.39,1003.41,8.47,85.96,1
2019-01-03 20:00:00,3.91,22.67,38.59,114.07,28.09,61.04,1009.3,36.85,36.94,0
2019-01-03 21:00:00,9.89,46.54,89.35,282.75,25.94,84.65,1010.71,10.84,51.59,0
2019-01-03 22:00:00,6.84,19.16,61.33,97.13,22.62,71.54,1005.9,10.36,54.23,0
2019-01-03 23:00:00,9.25,11.69,61.04,199.19,24.52,64.9,1012.82,8.47,65.59,0
2019-01-04 00:00:00,27.69,37.6,65.44,94.66,19.15,63.26,1015.98,5.77,53.13,0
2019-01-04 01:00:00,2.9,10.61,32.61,137.03,25.53,74.8,1009.38,3.89,32.75,0
2019-01-04 02:00:00,7.52,17.48,66.74,97.44,27.29,63.46,1015.26,14.26,63.65,0
2019-01-04 03:00:00,16.54,27.44,80.99,244.21,31.04,66.01,1010.2,2.95,68.65,1
2019-01-04 04:00:00,16.75,57.62,88.75,192.61,17.98,64.2,1011.24,6.06,57.47,0
2019-01-04 05:00:00,8.2,26.14,73.7,88.66,23.56,86.37,1013.83,3.62,38.96,0
2019-01-04 06:00:00,3.74,21.52,121.85,232.46,21.2,64.38,1014.69,3.43,96.03,1
2019-01-04 07:00:00,9.14,16.71,52.28,131.5,32.97,67.29,1006.25,5.64,37.39,1
2019-01-04 08:00:00,9.31,34.61,38.99,59.17,31.7,65.38,1016.3,15.14,34.26,0
2019-01-04 09:00:00,10.73,38.34,82.46,301.05,17.49,57.87,1014.6,5.54,81.41,0
2019-01-04 10:00:00,1.34,21.98,33.72,112.5,26.47,58.37,1012.65,16.9,78.21,1
2019-01-04 11:00:00,20.94,40.19,81.09,168.29,35.69,65.88,1004.98,0.84,95.5,0
2019-01-04 12:00:00,16.59,19.86,82.93,150.95,32.05,63.9,1012.74,10.32,65.99,0
2019-01-04 13:00:00,4.69,22.03,52.09,143.26,26.09,65.44,1013.38,2.54,71.07,0
2019-01-04 14:00:00,15.28,49.63,107.77,144.67,30.35,77.54,1008.27,13.11,58.32,0
2019-01-04 15:00:00,4.36,22.34,81.67,113.1,32.38,66.83,1014.02,20.2,61.12,0
2019-01-04 16:00:00,18.34,41.22,116.63,197.98,37.69,96.07,1005.6,15.71,77.94,0
2019-01-04 17:00:00,5.5,15.49,126.17,147.63,25.61,71.14,1011.81,3.92,80.58,0
2019-01-04 18:00:00,1.76,8.8,99.07,157.8,35.48,75.44,1009.85,18.26,77.55,0
2019-01-04 19:00:00,24.87,29.47,32.48,66.73,24.97,62.07,1015.86,3.22,43.73,0
2019-01-04 20:00:00,10.36,40.91,62.26,68.14,24.7,72.31,1004.27,3.94,48.89,0
2019-01-04 21:00:00,4.07,15.88,31.36,75.67,26.99,62.78,998.1,13.47,39.91,0
2019-01-04 22:00:00,19.58,47.39,99.54,255.89,28.88,64.56,1003.06,1.93,60.95,0
2019-01-04 23:00:00,9.23,18.2,48.53,142.88,32.15,70.26,1011.67,6.09,4.89,0
2019-01-05 00:00:00,3.55,32.68,50.19,220.7,27.47,64.25,1021.3,6.97,49.57,0
2019-01-05 01:00:00,19.78,33.63,55.43,104.05,25.2,74.8,1012.9,19.42,56.91,0
2019-01-05 02:00:00,10.69,20.61,44.79,167.37,23.28,70.93,1018.85,17.79,58.59,0
2019-01-05 03:00:00,7.01,16.99,74.93,217.41,31.26,74.53,1014.34,16.58,41.97,1
2019-01-05 04:00:00,5.15,29.78,37.41,59.48,28.21,71.09,1001.53,10.64,19.32,0
2019-01-05 05:00:00,1.68,19.62,37.21,85.68,29.62,56.07,1012.23,21.36,9.06,0
2019-01-05 06:00:00,0.05,24.79,26.9,140.64,30.17,60.8,1008.91,2.58,40.29,0
2019-01-05 07:00:00,9.79,43.81,101.17,157.21,35.67,84.36,1004.97,17.6,64.44,0
2019-01-05 08:00:00,1.24,12.35,83.15,118.37,34.16,72.35,1010.36,6.18,55.87,0
2019-01-05 09:00:00,1.67,22.59,69.62,332.97,32.12,59.86,1012.49,2.92,67.18,1
2019-01-05 10:00:00,4.29,16.67,68.91,85.12,27.17,57.05,1001.89,14.52,79.36,0
2019-01-05 11:00:00,4.4,13.73,52.85,93.27,20.96,72.27,1006.91,4.98,41.3,0
2019-01-05 12:00:00,1.98,20.12,66.69,123.03,25.36,61.5,1007.73,7.39,69.55,0
2019-01-05 13:00:00,9.78,13.03,18.41,89.35,27.5,57.81,1011.67,8.08,37.5,0
2019-01-05 14:00:00,0.47,27.09,72.42,139.78,24.24,82.14,1014.16,14.1,82.59,0
2019-01-05 15:00:00,9.61,26.23,42.53,101.32,31.11,54.26,1007.95,13.67,48.97,0
2019-01-05 16:00:00,3.78,11.12,63.69,116.72,28.37,78.32,1013.17,15.42,44.91,0
2019-01-05 17:00:00,1.85,18.77,47.11,97.76,23.06,53.48,1021.55,2.23,36.28,0
2019-01-05 18:00:00,0.56,2.83,86.34,184.28,35.48,82.53,1010.14,5.11,90.07,0
2019-01-05 19:00:00,6.05,10.5,50.96,118.39,30.43,65.89,1013.01,14.61,77.26,1
2019-01-05 20:00:00,1.11,5.58,20.63,46.02,28.56,41.64,1011.08,18.45,17.81,0
2019-01-05 21:00:00,0.88,4.89,15.72,81.37,33.98,45.66,1008.73,9.08,1.36,0
2019-01-05 22:00:00,16.39,27.75,44.33,130.13,23.67,54.39,1008.8,4.14,50.51,0
2019-01-05 23:00:00,0.75,17.6,50.35,361.1,24.58,65.4,1015.05,16.0,29.46,0
2019-01-06 00:00:00,0.45,65.81,145.45,200.73,26.03,92.44,1002.4,11.94,81.05,1
2019-01-06 01:00:00,8.94,38.49,62.0,181.39,30.88,70.05,1007.48,4.26,41.68,0
2019-01-06 02:00:00,6.54,8.15,52.24,188.52,29.82,55.8,1008.13,2.05,40.05,0
2019-01-06 03:00:00,2.66,44.27,54.34,111.99,45.0,79.24,1013.44,11.87,25.26,0
2019-01-06 04:00:00,1.53,8.95,60.49,203.44,22.67,65.27,1009.31,11.4,64.86,0
2019-01-06 05:00:00,2.15,21.93,51.38,172.81,28.48,55.1,1009.41,4.75,44.63,0
2019-01-06 06:00:00,2.75,14.39,58.03,187.39,26.54,64.29,1009.34,6.32,58.73,0
2019-01-06 07:00:00,8.03,51.49,139.82,183.09,30.43,80.27,1009.16,5.39,86.73,0
2019-01-06 08:00:00,6.19,33.99,69.97,327.12,32.77,59.06,1017.05,10.74,60.4,1
2019-01-06 09:00:00,3.34,42.57,53.92,173.4,29.28,74.22,1018.11,15.35,47.83,0
2019-01-06 10:00:00,3.3,23.89,61.95,96.5,30.03,62.53,1004.95,11.82,61.67,0
2019-01-06 11:00:00,9.31,18.24,55.31,113.22,26.02,56.66,1011.62,8.93,33.39,0
2019-01-06 12:00:00,1.85,24.7,82.9,174.03,36.99,76.03,1014.12,14.89,78.81,0
2019-01-06 13:00:00,0.52,34.56,70.17,162.74,25.41,71.59,1019.85,12.7,57.72,0
2019-01-06 14:00:00,14.95,21.32,107.1,225.61,10.77,82.15,1003.66,15.93,67.87,0
2019-01-06 15:00:00,3.35,22.06,82.09,188.5,24.71,77.42,1011.07,4.8,67.96,1
2019-01-06 16:00:00,22.91,48.53,84.77,131.15,41.1,63.65,1014.82,10.15,83.42,1
2019-01-06 17:00:00,2.84,11.07,44.15,200.25,21.49,61.79,1008.57,9.45,55.45,0
2019-01-06 18:00:00,4.88,14.92,28.49,191.35,30.65,37.65,1009.4,1.46,49.09,1
2019-01-06 19:00:00,1.66,14.13,39.57,150.84,23.61,63.48,1009.36,10.21,42.61,0
2019-01-06 20:00:00,6.29,25.14,33.02,165.0,30.56,63.34,1013.69,1.7,25.07,0
2019-01-06 21:00:00,3.39,17.25,47.27,107.08,34.08,61.49,1009.95,29.18,43.27,0
2019-01-06 22:00:00,3.86,18.86,25.04,73.98,25.48,49.92,1014.48,7.44,34.39,0
2019-01-06 23:00:00,5.43,52.09,88.98,146.76,35.04,81.58,1006.87,15.73,84.69,1
2019-01-07 00:00:00,2.91,16.35,28.85,210.75,33.96,48.09,1018.03,21.13,23.7,0
2019-01-07 01:00:00,6.1,43.35,87.98,149.85,29.75,85.86,1012.34,14.22,84.89,1
2019-01-07 02:00:00,2.19,63.16,97.88,180.84,27.6,57.42,1000.67,4.74,88.61,1
2019-01-07 03:00:00,5.8,12.71,34.62,86.42,26.77,58.58,1014.9,12.54,58.78,1
2019-01-07 04:00:00,0.36,28.7,38.27,62.66,23.52,39.09,1004.12,3.13,52.77,0
2019-01-07 05:00:00,0.75,10.2,42.77,87.11,21.82,55.13,1008.67,7.83,43.08,0
2019-01-07 06:00:00,1.62,29.06,59.76,126.22,31.21,68.17,1010.52,16.2,44.38,0
2019-01-07 07:00:00,1.02,10.19,117.11,216.15,29.89,79.22,1006.38,12.63,100.0,0
2019-01-07 08:00:00,1.15,2.52,26.94,153.69,30.29,57.44,1015.56,13.14,42.75,1
2019-01-07 09:00:00,7.59,32.14,87.63,111.61,33.55,65.74,1020.02,9.66,45.46,0
2019-01-07 10:00:00,3.5,18.86,37.65,132.09,27.87,85.38,1001.38,4.34,59.17,0
2019-01-07 11:00:00,2.91,37.88,52.4,81.17,35.35,63.6,1008.27,8.21,49.36,0
2019-01-07 12:00:00,6.15,15.21,62.72,99.62,19.03,94.63,1011.73,7.88,59.73,0
2019-01-07 13:00:00,6.61,19.94,43.21,158.89,37.88,78.11,1010.72,1.43,72.06,0
2019-01-07 14:00:00,2.54,11.2,43.11,78.35,27.83,56.07,1001.93,16.71,41.13,0
2019-01-07 15:00:00,11.94,16.25,19.21,89.52,24.12,53.6,1018.52,19.65,1.52,0
2019-01-07 16:00:00,3.72,22.03,41.58,90.03,27.38,78.66,1012.27,10.18,46.29,0
2019-01-07 17:00:00,8.27,21.65,43.39,160.07,36.7,48.9,1015.29,14.6,36.03,0
2019-01-07 18:00:00,2.18,4.35,17.49,118.06,24.37,72.16,1015.2,0.53,25.52,0
2019-01-07 19:00:00,5.92,41.73,66.97,161.17,28.54,65.92,1009.21,7.58,45.98,0
2019-01-07 20:00:00,8.98,23.74,30.7,69.54,22.31,35.7,1005.51,4.16,12.41,0
2019-01-07 21:00:00,8.07,16.51,53.4,135.76,30.21,53.28,1011.58,9.58,59.35,0
2019-01-07 22:00:00,7.41,32.21,57.52,162.16,34.89,62.96,1004.25,6.75,74.32,0
2019-01-07 23:00:00,2.06,32.19,56.14,117.84,29.58,59.95,1016.38,2.7,58.2,0
2019-01-08 00:00:00,0.95,5.74,53.55,91.38,26.01,57.44,1017.03,14.42,37.21,0
2019-01-08 01:00:00,0.79,4.85,18.48,90.36,25.75,43.51,1014.42,1.39,29.4,0
2019-01-08 02:00:00,2.76,12.81,100.81,172.39,28.62,72.79,1008.59,2.06,100.0,0
2019-01-08 03:00:00,2.53,21.77,35.05,205.39,31.01,76.57,1017.05,29.24,49.59,0
2019-01-08 04:00:00,6.72,46.93,107.82,187.42,32.78,89.44,1015.49,3.66,80.32,1
2019-01-08 05:00:00,4.69,5.22,84.5,144.96,22.28,82.28,1013.06,19.69,48.39,0
2019-01-08 06:00:00,0.83,49.63,54.61,125.28,25.33,63.06,1017.67,3.07,51.82,1
2019-01-08 07:00:00,10.42,26.39,44.13,94.54,35.96,75.1,1018.23,11.81,38.16,0
2019-01-08 08:00:00,5.62,39.58,49.53,94.45,30.74,48.14,1018.95,0.53,58.62,0
2019-01-08 09:00:00,1.89,34.2,80.9,141.05,28.81,75.71,1016.74,11.79,63.43,0
2019-01-08 10:00:00,2.31,15.71,35.55,100.17,32.31,77.33,998.66,2.72,58.9,0
2019-01-08 11:00:00,14.86,24.72,38.74,96.02,15.14,69.4,1014.08,18.39,62.35,0
2019-01-08 12:00:00,1.02,21.29,49.38,94.96,31.7,47.67,1012.01,6.52,21.36,0
2019-01-08 13:00:00,15.52,31.81,64.61,247.07,41.89,57.68,1014.84,14.21,62.29,0
2019-01-08 14:00:00,3.4,11.41,83.59,131.85,28.41,63.53,1002.56,8.92,88.54,0
2019-01-08 15:00:00,3.65,17.07,89.41,241.11,29.54,60.29,1004.02,7.7,85.18,0
2019-01-08 16:00:00,6.19,16.9,34.21,95.89,26.21,57.86,1020.98,0.36,4.94,0
2019-01-08 17:00:00,0.5,14.94,23.01,65.68,22.75,58.13,1015.46,20.71,60.96,0
2019-01-08 18:00:00,5.59,35.69,77.92,131.03,25.27,66.72,1011.9,5.96,41.11,1
2019-01-08 19:00:00,8.82,19.47,46.72,69.2,32.93,54.38,1008.67,18.25,18.85,0
2019-01-08 20:00:00,2.67,20.25,96.3,181.97,31.12,83.4,1004.57,15.81,47.46,1
2019-01-08 21:00:00,4.31,17.53,95.23,224.98,23.21,70.31,1006.1,1.72,80.8,1
2019-01-08 22:00:00,23.31,36.4,80.54,173.77,24.52,55.24,1006.65,5.48,49.92,0
2019-01-08 23:00:00,9.69,21.26,57.23,134.86,24.63,60.83,1014.46,10.9,39.78,0
2019-01-09 00:00:00,1.46,22.17,60.77,337.64,28.91,60.33,1012.48,2.67,44.85,0
2019-01-09 01:00:00,2.49,3.3,38.7,78.87,26.91,43.73,1007.22,17.87,59.11,0
2019-01-09 02:00:00,3.28,24.24,62.27,203.86,27.62,62.36,1015.46,7.32,64.85,0
2019-01-09 03:00:00,10.23,26.95,48.91,146.68,22.09,76.63,997.23,8.3,27.08,0
2019-01-09 04:00:00,1.45,17.33,37.4,62.67,36.93,59.19,997.64,9.37,28.99,0
2019-01-09 05:00:00,8.09,31.31,54.81,101.34,29.65,63.0,1014.93,14.74,26.38,0
2019-01-09 06:00:00,8.14,10.63,113.17,153.06,25.13,80.86,1017.64,1.51,71.43,0
2019-01-09 07:00:00,4.6,33.99,37.05,149.56,23.62,55.7,997.82,3.23,46.66,0
2019-01-09 08:00:00,10.54,21.82,41.79,121.4,25.88,51.6,1009.08,6.65,38.43,0
2019-01-09 09:00:00,1.65,12.4,35.6,100.67,34.44,68.41,1020.72,2.25,22.21,0
2019-01-09 10:00:00,12.42,18.93,61.17,114.94,36.3,65.8,1002.85,7.8,66.87,0
2019-01-09 11:00:00,0.33,7.64,26.66,40.39,24.51,42.65,1016.79,5.8,35.22,0
2019-01-09 12:00:00,1.44,3.82,84.71,193.33,25.59,74.33,1008.35,5.31,52.24,0
2019-01-09 13:00:00,0.34,15.23,83.7,302.27,18.8,73.22,1014.96,8.47,88.66,0
2019-01-09 14:00:00,1.78,10.78,94.56,247.14,19.14,54.52,1015.78,9.5,76.93,0
2019-01-09 15:00:00,8.27,34.37,70.79,146.36,28.74,43.82,1012.4,9.27,58.01,0
2019-01-09 16:00:00,6.44,24.73,101.47,248.13,26.27,66.58,1005.14,3.64,82.11,0
2019-01-09 17:00:00,5.54,21.86,39.14,142.81,26.02,87.46,1006.71,5.41,19.58,0
2019-01-09 18:00:00,1.74,11.58,44.05,230.91,25.27,86.68,1008.97,3.35,21.74,0
2019-01-09 19:00:00,4.24,16.29,21.6,41.79,29.77,74.02,1003.86,10.86,20.44,0
2019-01-09 20:00:00,12.52,51.82,98.15,167.27,28.71,65.11,1013.3,8.88,86.91,0
2019-01-09 21:00:00,1.84,11.56,57.3,255.25,33.73,57.0,1001.43,7.44,41.93,0
2019-01-09 22:00:00,1.95,2.61,39.35,69.24,42.31,49.09,1019.08,40.32,35.73,0
2019-01-09 23:00:00,2.06,13.68,40.54,116.18,22.11,49.93,1007.58,3.11,72.11,0
2019-01-10 00:00:00,5.26,11.0,68.12,130.07,21.21,73.46,1009.34,2.4,33.04,0
2019-01-10 01:00:00,7.62,18.48,93.09,135.49,36.89,89.11,1006.78,8.72,84.48,1
2019-01-10 02:00:00,9.27,23.55,129.23,318.23,27.68,75.74,1016.95,11.89,73.44,1
2019-01-10 03:00:00,3.27,9.11,53.73,96.23,32.44,59.19,1013.77,15.29,63.63,0
2019-01-10 04:00:00,2.95,5.13,36.06,98.26,21.83,52.25,1017.02,6.22,28.43,0
2019-01-10 05:00:00,2.36,14.16,35.79,99.01,22.17,59.27,1009.11,11.75,37.45,0
2019-01-10 06:00:00,7.19,42.85,91.76,147.65,32.77,62.9,1013.37,9.31,56.83,0
2019-01-10 07:00:00,0.53,14.24,31.42,86.93,21.12,46.56,1015.74,6.25,16.3,0
2019-01-10 08:00:00,3.77,20.87,67.56,102.28,35.9,68.96,1010.96,33.19,40.4,0
2019-01-10 09:00:00,3.8,14.19,31.87,83.49,32.64,52.69,1013.05,10.89,34.98,0
2019-01-10 10:00:00,8.24,27.67,59.59,243.43,24.23,60.47,1012.44,17.87,44.62,1
2019-01-10 11:00:00,0.84,24.29,39.93,118.83,36.57,62.33,1012.89,1.39,23.94,0
2019-01-10 12:00:00,8.83,40.0,63.12,133.1,30.99,45.66,1014.81,9.78,60.62,0
2019-01-10 13:00:00,6.78,44.54,88.03,219.21,26.9,55.52,1005.61,4.14,39.36,0
2019-01-10 14:00:00,19.29,37.23,99.46,155.95,28.52,74.21,994.67,4.68,76.75,1
2019-01-10 15:00:00,16.44,48.24,74.21,92.87,17.37,56.72,1006.9,4.42,52.75,0
2019-01-10 16:00:00,11.78,37.98,41.31,162.19,20.66,62.92,1008.24,6.23,50.55,0
2019-01-10 17:00:00,0.17,19.95,26.25,59.42,32.27,52.38,1013.31,10.31,55.31,0
2019-01-10 18:00:00,0.97,14.45,20.97,74.26,29.22,61.57,1012.71,8.27,22.32,0
2019-01-10 19:00:00,10.57,12.08,90.35,112.96,36.06,55.25,1006.87,15.23,64.2,0
2019-01-10 20:00:00,3.67,56.9,202.77,241.42,30.19,83.2,996.44,12.22,100.0,1
2019-01-10 21:00:00,16.42,31.48,61.93,100.55,21.42,82.19,1007.7,20.33,54.63,0
2019-01-10 22:00:00,4.71,14.24,21.17,106.94,22.33,62.5,1013.95,7.35,42.85,0
2019-01-10 23:00:00,7.99,17.54,31.93,51.19,23.51,70.02,1018.02,6.79,25.29,0
2019-01-11 00:00:00,7.48,30.69,43.69,175.97,24.8,62.95,1007.89,14.51,52.0,0
2019-01-11 01:00:00,4.59,9.15,84.91,141.4,28.86,57.57,1009.53,5.57,68.74,0
2019-01-11 02:00:00,10.73,46.32,70.04,130.53,34.54,60.21,1009.08,18.85,63.29,1
2019-01-11 03:00:00,8.56,26.31,238.94,307.65,31.46,91.46,999.19,12.41,100.0,1
2019-01-11 04:00:00,1.12,9.0,21.66,45.85,34.94,52.38,1016.34,3.63,26.58,0
2019-01-11 05:00:00,24.56,45.55,59.41,165.27,30.23,78.78,1012.77,10.95,37.65,0
2019-01-11 06:00:00,0.97,25.64,49.25,152.01,25.69,61.59,1024.21,5.33,55.01,0
2019-01-11 07:00:00,1.94,9.54,31.14,133.4,20.38,46.68,1006.02,6.68,37.54,0
2019-01-11 08:00:00,7.87,28.32,96.06,125.68,31.47,65.47,1008.82,14.46,73.27,0
2019-01-11 09:00:00,6.59,17.08,51.38,82.88,27.48,68.3,1011.52,25.55,34.12,0
2019-01-11 10:00:00,9.21,19.87,71.2,146.4,32.36,52.65,1006.41,5.78,66.45,0
2019-01-11 11:00:00,3.54,15.16,56.08,105.19,24.68,75.97,1016.82,14.9,33.02,1
2019-01-11 12:00:00,7.05,7.85,48.74,110.43,36.99,78.31,1009.38,15.2,55.95,0
2019-01-11 13:00:00,2.11,31.59,59.85,112.88,37.01,57.32,1007.42,13.55,28.63,0
2019-01-11 14:00:00,4.71,15.56,86.77,263.38,23.2,75.87,1014.36,10.63,96.0,0
2019-01-11 15:00:00,14.85,25.38,86.7,190.06,29.81,80.05,1004.95,6.24,100.0,0
2019-01-11 16:00:00,0.97,33.31,50.32,87.75,19.37,53.83,1012.53,14.92,60.91,0
2019-01-11 17:00:00,11.3,30.25,54.35,117.53,23.49,60.56,1006.7,2.31,48.96,1
2019-01-11 18:00:00,3.83,10.68,26.12,59.63,23.2,56.94,1010.34,8.05,22.35,0
2019-01-11 19:00:00,1.59,18.66,54.19,105.15,24.68,68.45,1011.02,23.02,36.12,0
2019-01-11 20:00:00,1.74,21.16,65.03,121.95,26.5,81.27,1013.71,6.76,51.95,0
2019-01-11 21:00:00,3.71,15.81,37.57,82.03,23.72,59.08,1011.74,8.99,50.55,0
2019-01-11 22:00:00,11.75,55.76,80.21,152.13,28.84,54.1,1007.39,25.57,63.49,0
2019-01-11 23:00:00,7.01,18.7,35.56,128.93,19.58,43.61,1013.67,16.51,86.42,0
2019-01-12 00:00:00,0.85,14.69,28.83,85.57,33.46,52.38,1007.46,2.29,29.6,0
2019-01-12 01:00:00,10.81,25.08,48.81,81.14,22.15,60.78,1016.64,10.14,41.52,0
2019-01-12 02:00:00,9.32,32.85,61.7,124.4,27.14,77.91,1025.1,5.91,51.73,0
2019-01-12 03:00:00,0.34,6.59,23.23,90.13,25.66,41.62,1012.54,2.45,36.87,0
2019-01-12 04:00:00,1.49,27.24,40.56,253.93,33.66,60.28,1014.21,10.14,31.46,0
2019-01-12 05:00:00,12.79,69.53,191.84,286.67,26.19,100.0,1000.21,23.52,100.0,0
2019-01-12 06:00:00,4.61,8.17,30.71,48.44,36.02,64.29,1011.56,4.58,11.84,0
2019-01-12 07:00:00,10.75,17.41,55.28,125.52,29.97,52.35,1014.43,2.8,71.09,1
2019-01-12 08:00:00,0.08,3.1,52.37,181.08,22.86,65.91,1013.2,4.32,51.56,0
2019-01-12 09:00:00,8.37,9.6,50.49,140.91,26.83,63.29,1007.69,6.08,40.94,0
2019-01-12 10:00:00,2.37,8.86,61.82,134.93,27.76,78.26,1008.27,11.16,73.07,0
2019-01-12 11:00:00,8.8,15.69,51.53,91.69,32.04,71.18,1009.75,38.19,54.87,0
2019-01-12 12:00:00,10.87,35.64,44.01,135.05,28.93,65.27,1010.02,9.57,31.56,0
2019-01-12 13:00:00,2.43,34.18,71.37,123.2,26.78,72.98,1006.51,11.44,50.2,1
2019-01-12 14:00:00,4.18,21.16,46.99,142.68,23.8,63.38,1017.12,13.75,37.17,0
2019-01-12 15:00:00,3.27,32.38,48.44,166.89,30.63,55.55,1015.81,8.06,54.29,1
2019-01-12 16:00:00,2.38,25.63,125.43,266.65,26.06,84.27,1002.31,3.65,97.25,0
2019-01-12 17:00:00,5.73,14.0,20.19,139.48,24.03,51.37,1022.52,3.6,25.3,0
2019-01-12 18:00:00,9.93,28.52,73.9,154.39,22.34,71.37,1014.51,2.82,62.76,1
2019-01-12 19:00:00,1.96,7.71,51.34,79.04,33.64,70.69,1008.44,3.52,96.25,0
2019-01-12 20:00:00,1.95,15.79,100.13,135.36,19.83,59.94,1008.36,3.47,59.2,0
2019-01-12 21:00:00,2.45,18.7,58.84,123.37,30.64,62.79,1010.17,34.43,48.57,0
2019-01-12 22:00:00,7.88,29.22,50.13,158.98,28.12,79.02,1005.4,5.24,56.35,0
2019-01-12 23:00:00,10.81,51.66,57.4,130.22,24.99,78.11,1002.25,2.48,71.65,0
2019-01-13 00:00:00,3.21,7.5,14.35,103.97,24.06,61.31,1009.42,2.95,26.59,0
2019-01-13 01:00:00,0.2,13.75,36.61,169.71,28.1,59.2,1016.37,9.05,13.09,0
2019-01-13 02:00:00,1.25,37.19,112.74,206.87,25.04,71.98,1000.88,11.41,100.0,0
2019-01-13 03:00:00,3.0,10.72,18.76,72.2,24.83,51.08,1011.56,8.72,48.16,0
2019-01-13 04:00:00,1.65,7.65,44.11,237.32,33.47,61.63,1009.64,3.72,40.8,0
2019-01-13 05:00:00,0.84,23.74,94.45,202.0,27.15,84.31,1007.12,4.34,78.76,0
2019-01-13 06:00:00,4.83,25.26,119.84,234.18,28.04,69.66,1007.02,26.45,100.0,0
2019-01-13 07:00:00,29.37,32.43,59.63,146.55,23.59,52.38,1014.41,26.62,54.36,0
2019-01-13 08:00:00,1.37,10.16,13.66,179.94,33.47,66.62,1008.08,7.81,33.38,0
2019-01-13 09:00:00,5.78,10.9,75.28,267.6,34.72,64.26,1008.25,7.31,65.61,0
2019-01-13 10:00:00,7.53,12.68,35.41,142.07,29.2,50.87,1014.07,23.69,27.54,0
2019-01-13 11:00:00,8.09,27.44,73.72,219.11,35.85,67.95,1006.02,16.81,55.19,1
2019-01-13 12:00:00,4.31,23.63,70.86,133.88,25.01,63.76,1014.17,7.9,76.0,0
2019-01-13 13:00:00,0.91,14.52,29.82,169.16,33.06,60.23,1018.28,6.16,27.53,0
2019-01-13 14:00:00,9.88,14.11,16.44,140.58,25.91,62.19,1009.57,5.19,43.84,0
2019-01-13 15:00:00,3.87,9.17,44.86,74.85,25.35,65.94,1017.14,3.5,42.4,0
2019-01-13 16:00:00,3.46,21.62,78.86,196.26,35.69,72.99,1006.34,3.75,58.3,0
2019-01-13 17:00:00,1.03,4.48,71.62,85.66,26.0,68.47,1002.63,6.64,86.66,0
2019-01-13 18:00:00,2.45,4.54,46.95,78.97,22.74,44.84,1019.66,4.31,46.4,0
2019-01-13 19:00:00,7.85,17.23,72.0,202.11,18.02,67.97,1010.64,9.24,38.93,0
2019-01-13 20:00:00,3.87,17.53,35.65,58.03,28.05,47.68,1012.76,5.83,41.5,0
2019-01-13 21:00:00,0.61,3.1,73.98,107.99,22.36,60.27,1007.4,4.38,31.6,0
2019-01-13 22:00:00,8.87,27.62,88.05,211.21,38.86,62.95,1005.13,4.35,84.82,0
2019-01-13 23:00:00,18.85,31.34,80.98,159.29,37.57,74.44,1010.07,14.93,40.05,0
2019-01-14 00:00:00,0.77,5.61,24.97,63.97,11.5,40.76,1022.71,8.64,22.67,0
2019-01-14 01:00:00,4.21,18.86,52.37,114.67,36.99,61.58,1009.16,4.75,75.95,0
2019-01-14 02:00:00,4.37,5.92,31.48,123.7,23.7,58.86,1017.19,5.05,33.81,0
2019-01-14 03:00:00,0.74,10.77,37.92,96.64,34.89,68.71,1022.18,1.48,52.48,0
2019-01-14 04:00:00,13.15,23.55,76.31,325.41,33.83,68.86,1009.6,7.44,57.02,0
2019-01-14 05:00:00,4.47,18.26,67.87,229.21,35.38,71.81,1011.02,2.24,64.68,1
2019-01-14 06:00:00,10.18,25.29,29.8,60.38,37.9,60.65,1010.43,5.46,23.31,0
2019-01-14 07:00:00,6.13,29.85,48.87,188.58,21.63,80.03,1008.47,13.92,43.6,0
2019-01-14 08:00:00,12.75,25.92,69.52,146.36,22.25,62.31,1007.87,6.45,37.64,0
2019-01-14 09:00:00,6.04,9.36,37.12,40.09,32.45,84.14,999.73,8.22,43.76,0
2019-01-14 10:00:00,2.78,8.79,20.76,172.45,28.62,52.34,1009.97,7.03,43.65,0
2019-01-14 11:00:00,7.32,74.88,140.55,266.79,31.72,87.27,1004.3,8.79,98.68,1
2019-01-14 12:00:00,1.71,4.18,218.16,249.2,26.08,100.0,1005.72,8.88,100.0,1
2019-01-14 13:00:00,7.98,56.86,68.79,143.74,32.87,64.71,1022.87,22.99,41.57,0
2019-01-14 14:00:00,1.37,45.48,50.42,100.98,20.87,62.56,1013.5,13.02,63.36,0
2019-01-14 15:00:00,4.06,7.31,97.88,171.82,38.78,58.39,1010.96,14.29,87.17,0
2019-01-14 16:00:00,3.27,30.1,46.99,106.1,41.58,96.59,1009.23,5.97,55.7,0
2019-01-14 17:00:00,5.64,24.18,79.34,214.98,18.08,66.46,1013.29,4.12,45.03,0
2019-01-14 18:00:00,14.51,44.84,61.4,121.5,36.6,79.62,1010.94,14.75,68.95,1
2019-01-14 19:00:00,2.35,8.61,112.32,294.48,18.45,67.53,1004.89,5.23,89.18,1
2019-01-14 20:00:00,9.62,28.22,86.7,174.01,31.2,56.04,1012.18,4.77,62.71,0
2019-01-14 21:00:00,13.1,20.7,37.46,93.24,22.75,54.87,1006.91,3.45,41.56,0
2019-01-14 22:00:00,9.37,14.29,28.79,104.62,30.53,61.51,1010.2,2.63,26.39,0
2019-01-14 23:00:00,5.6,20.12,35.93,93.19,21.12,62.21,1010.83,0.96,40.27,0
2019-01-15 00:00:00,5.33,28.47,51.32,88.81,30.24,57.24,1009.84,10.84,55.16,0
2019-01-15 01:00:00,2.18,23.8,91.47,139.5,26.97,66.53,1017.87,11.34,72.73,0
2019-01-15 02:00:00,0.46,28.68,34.38,121.25,26.54,62.23,1016.71,5.89,69.98,0
2019-01-15 03:00:00,4.64,11.35,30.38,107.28,29.97,52.23,1006.1,19.6,33.82,0
2019-01-15 04:00:00,14.06,57.96,117.31,210.91,18.61,71.05,1004.16,2.82,83.46,0
2019-01-15 05:00:00,15.7,29.9,90.44,162.19,31.41,60.09,1011.04,3.77,50.26,1
2019-01-15 06:00:00,0.66,5.32,77.86,134.26,26.28,76.58,1017.47,11.08,64.41,0
2019-01-15 07:00:00,15.31,42.05,51.36,89.23,19.48,50.77,1009.5,11.52,42.43,0
2019-01-15 08:00:00,7.63,20.34,46.92,105.18,31.74,60.1,1004.69,10.77,33.49,0
2019-01-15 09:00:00,6.86,15.34,33.33,127.73,24.58,66.09,1013.06,12.75,51.5,1
2019-01-15 10:00:00,13.97,26.75,122.9,161.36,27.71,82.97,1007.1,1.8,100.0,0
2019-01-15 11:00:00,10.83,12.83,48.75,96.55,29.8,52.18,1021.4,14.21,50.11,0
2019-01-15 12:00:00,1.33,39.34,54.05,140.46,27.62,72.37,1006.99,17.43,45.81,0
2019-01-15 13:00:00,1.89,22.12,114.45,199.94,27.82,80.14,1003.96,6.58,91.71,0
2019-01-15 14:00:00,0.36,14.58,43.72,81.47,31.24,69.4,1009.22,4.01,64.02,0
2019-01-15 15:00:00,6.58,17.12,52.4,149.86,26.48,63.19,1006.22,13.27,65.84,0
2019-01-15 16:00:00,1.56,30.77,137.69,225.18,33.63,84.18,1010.03,8.1,94.93,0
2019-01-15 17:00:00,2.66,42.2,79.34,298.41,34.31,75.22,1008.94,9.06,75.51,0
2019-01-15 18:00:00,12.62,16.76,93.88,130.07,24.78,96.65,1014.75,20.99,81.29,0
2019-01-15 19:00:00,7.42,21.62,44.81,239.57,24.92,45.83,1024.28,2.76,70.54,1
2019-01-15 20:00:00,7.6,25.3,82.36,168.68,31.44,73.91,1008.67,2.91,93.35,0
2019-01-15 21:00:00,24.18,53.2,92.37,113.13,37.21,78.88,1003.05,17.96,66.5,1
2019-01-15 22:00:00,1.68,24.16,88.56,149.3,34.03,73.9,1007.51,8.98,80.58,1
2019-01-15 23:00:00,3.25,21.83,57.65,116.71,23.06,75.49,1007.2,3.24,36.8,0
2019-01-16 00:00:00,1.83,15.0,50.05,187.93,26.4,73.59,1014.66,6.52,51.99,0
2019-01-16 01:00:00,10.1,13.74,88.19,136.16,23.5,74.46,1012.73,8.46,72.81,0
2019-01-16 02:00:00,3.69,18.68,37.51,65.37,36.08,60.75,1014.54,8.13,40.8,0
2019-01-16 03:00:00,1.14,12.07,32.84,128.34,30.33,40.33,1011.34,13.13,49.36,0
2019-01-16 04:00:00,6.05,10.17,128.51,212.16,22.49,99.85,1006.9,6.65,91.61,0
2019-01-16 05:00:00,7.05,46.65,64.56,179.53,25.59,43.59,1015.48,5.15,53.6,0
2019-01-16 06:00:00,1.28,15.31,39.31,200.9,22.81,68.74,1017.16,4.71,24.24,0
2019-01-16 07:00:00,3.88,25.91,43.95,195.94,25.8,66.87,1020.66,3.89,33.5,0
2019-01-16 08:00:00,7.21,18.55,39.95,293.04,31.12,49.48,1017.01,35.09,53.67,0
2019-01-16 09:00:00,13.22,18.67,27.38,220.74,24.59,83.11,1013.14,12.21,25.21,0
2019-01-16 10:00:00,2.08,25.29,74.63,182.16,28.51,78.05,1005.97,8.72,66.96,0
2019-01-16 11:00:00,7.96,49.4,105.03,181.82,29.7,77.56,1014.34,3.31,82.93,1
2019-01-16 12:00:00,2.48,31.2,34.88,117.83,17.5,48.91,1011.86,3.87,23.61,0
2019-01-16 13:00:00,5.03,24.2,49.39,181.88,18.63,79.95,1012.71,14.89,66.75,1
2019-01-16 14:00:00,1.45,12.49,37.17,88.23,25.36,78.43,1011.81,3.79,47.42,0
2019-01-16 15:00:00,7.74,24.28,36.64,97.49,23.1,63.89,1001.1,13.04,40.68,0
2019-01-16 16:00:00,11.41,34.09,46.11,155.38,30.26,82.43,1015.86,13.01,45.39,1
2019-01-16 17:00:00,4.07,14.34,38.62,65.81,26.09,64.81,1008.28,3.65,16.98,0
2019-01-16 18:00:00,3.54,26.0,99.65,149.1,31.94,77.55,1011.14,6.68,49.44,1
2019-01-16 19:00:00,3.19,14.94,55.22,94.61,30.75,65.0,1013.27,12.09,67.9,0
2019-01-16 20:00:00,0.96,2.36,43.69,207.9,32.74,71.04,1009.48,9.97,33.91,0
2019-01-16 21:00:00,9.16,14.92,34.96,66.91,25.1,67.49,1016.34,6.27,28.83,0
2019-01-16 22:00:00,12.94,25.2,37.72,94.25,26.79,57.0,1021.66,12.25,14.63,0
2019-01-16 23:00:00,1.94,16.91,123.72,171.49,39.04,66.31,1007.55,18.56,99.37,0
2019-01-17 00:00:00,5.72,32.45,103.84,165.41,22.24,72.1,1007.55,18.99,78.57,0
2019-01-17 01:00:00,7.55,24.86,93.3,195.6,31.68,79.44,1009.62,1.83,74.89,0
2019-01-17 02:00:00,2.43,5.11,46.78,141.5,33.56,61.99,1014.16,3.31,51.13,0
2019-01-17 03:00:00,15.64,38.32,101.95,187.66,30.61,64.3,1006.24,0.93,82.49,0
2019-01-17 04:00:00,5.82,16.42,68.92,176.74,32.92,66.93,1008.01,24.75,56.45,0
2019-01-17 05:00:00,0.66,4.25,18.98,112.06,28.0,46.91,1012.05,18.39,28.2,0
2019-01-17 06:00:00,11.93,34.45,143.4,151.55,30.66,75.5,1004.49,2.54,93.27,0
2019-01-17 07:00:00,4.23,29.36,93.72,204.91,29.22,53.9,1006.56,3.89,47.91,0
2019-01-17 08:00:00,2.94,18.56,47.82,132.91,20.25,65.03,1013.94,5.83,25.86,0
2019-01-17 09:00:00,8.56,26.52,37.82,208.43,26.8,69.86,1008.03,16.75,67.37,0
2019-01-17 10:00:00,2.52,17.75,29.77,66.69,19.64,60.86,1013.34,12.03,60.14,0
2019-01-17 11:00:00,14.85,36.85,78.61,154.43,31.48,73.31,1005.27,4.48,28.48,0
2019-01-17 12:00:00,12.28,24.29,55.27,148.5,29.23,66.69,1011.79,3.13,56.91,0
2019-01-17 13:00:00,16.54,17.76,39.0,237.07,33.24,66.93,1007.65,10.65,23.38,0
2019-01-17 14:00:00,23.15,28.99,69.72,97.61,21.74,73.67,1010.09,21.78,92.83,1
2019-01-17 15:00:00,7.44,14.38,48.01,131.16,28.54,69.97,1018.24,8.04,29.93,1
2019-01-17 16:00:00,4.65,15.31,43.35,129.37,28.73,74.43,1007.63,19.39,51.36,0
2019-01-17 17:00:00,2.41,14.04,26.79,65.4,39.06,43.76,1007.5,23.58,35.14,1
2019-01-17 18:00:00,8.11,45.05,78.62,140.35,26.93,77.01,1011.55,20.4,72.29,1
2019-01-17 19:00:00,22.65,36.51,117.45,180.1,24.97,73.96,1007.31,40.69,100.0,1
2019-01-17 20:00:00,0.97,18.93,30.5,73.8,28.18,55.74,1026.47,28.37,21.21,0
2019-01-17 21:00:00,6.3,18.68,95.89,183.04,37.08,52.92,1001.93,3.6,95.33,0
2019-01-17 22:00:00,0.64,15.88,95.33,188.95,32.72,56.3,1009.67,9.2,62.0,0
2019-01-17 23:00:00,0.6,18.4,57.21,144.2,31.59,60.27,1023.92,8.47,25.5,0
2019-01-18 00:00:00,13.3,42.1,80.96,105.81,26.72,61.26,1011.67,14.72,57.37,0
2019-01-18 01:00:00,11.57,39.9,75.82,125.56,26.79,78.61,1011.81,7.48,59.4,0
2019-01-18 02:00:00,2.26,5.73,50.5,262.17,36.2,71.46,1003.53,9.94,65.57,0
2019-01-18 03:00:00,1.25,8.42,33.52,80.69,25.7,76.06,1010.06,20.63,47.84,0
2019-01-18 04:00:00,17.06,27.66,79.0,106.41,25.26,67.69,1010.64,17.41,71.45,0
2019-01-18 05:00:00,1.38,28.17,32.95,94.84,18.77,67.48,1001.36,15.59,27.45,0
2019-01-18 06:00:00,0.85,17.44,148.67,160.78,19.43,66.01,1012.43,3.54,100.0,0
2019-01-18 07:00:00,1.44,13.03,71.14,357.13,34.25,91.71,1005.35,8.0,65.86,0
2019-01-18 08:00:00,6.92,11.41,52.26,75.48,16.86,82.37,1017.39,4.23,56.62,0
2019-01-18 09:00:00,25.69,49.04,105.79,145.1,36.86,65.75,999.78,23.83,98.29,1
2019-01-18 10:00:00,2.45,32.17,68.28,113.11,26.59,83.3,1013.63,3.86,50.23,0
2019-01-18 11:00:00,13.16,19.26,73.22,166.21,30.03,56.68,1015.1,9.77,86.84,0
2019-01-18 12:00:00,5.28,7.85,43.9,63.59,33.84,56.17,1005.91,4.29,54.07,0
2019-01-18 13:00:00,0.2,13.19,38.84,379.77,24.69,62.09,1015.76,7.13,55.32,1
2019-01-18 14:00:00,2.54,15.8,63.35,137.21,31.29,57.64,1009.85,4.17,59.25,0
2019-01-18 15:00:00,11.68,47.31,88.67,105.21,22.37,77.02,1004.32,3.12,63.95,0
2019-01-18 16:00:00,11.15,19.46,70.05,284.88,24.48,78.98,1005.2,10.22,92.42,1
2019-01-18 17:00:00,2.13,9.25,31.86,124.31,30.41,46.54,1011.26,2.45,37.07,0
2019-01-18 18:00:00,9.12,16.0,22.67,82.33,30.29,60.27,1012.92,7.91,22.4,0
2019-01-18 19:00:00,4.14,8.96,48.42,64.84,29.99,53.81,1014.69,13.18,32.3,0
2019-01-18 20:00:00,6.68,18.49,74.51,152.33,36.13,71.16,1009.76,4.86,89.16,0
2019-01-18 21:00:00,13.78,38.14,146.69,205.09,27.58,84.39,1011.29,4.69,100.0,1
2019-01-18 22:00:00,2.24,27.35,74.05,96.7,36.84,61.96,1011.48,3.76,42.67,0
2019-01-18 23:00:00,3.09,8.13,24.71,105.77,28.33,57.81,1012.23,1.43,30.85,0
2019-01-19 00:00:00,13.99,41.58,116.07,171.4,31.32,76.93,1002.47,7.36,82.78,0
2019-01-19 01:00:00,23.63,37.64,75.08,128.85,32.03,61.67,1005.41,2.26,50.38,1
2019-01-19 02:00:00,10.47,12.31,87.41,230.92,25.22,53.99,1010.45,4.99,78.92,1
2019-01-19 03:00:00,6.29,28.71,50.67,218.7,29.16,71.88,1014.18,5.28,46.04,0
2019-01-19 04:00:00,10.39,39.01,70.51,191.95,20.01,75.38,1016.7,5.17,59.43,0
2019-01-19 05:00:00,2.53,11.31,70.02,178.63,28.6,74.82,1013.45,14.61,42.53,1
2019-01-19 06:00:00,4.98,18.76,82.42,201.28,28.39,59.91,1013.78,9.9,57.03,0
2019-01-19 07:00:00,0.59,12.08,56.14,95.05,30.96,62.78,1015.95,9.05,36.01,0
2019-01-19 08:00:00,2.6,17.36,67.11,128.62,27.32,50.77,1009.64,4.55,97.13,0
2019-01-19 09:00:00,7.07,18.28,80.82,197.62,37.82,90.41,1015.02,13.9,25.21,0
2019-01-19 10:00:00,5.72,21.62,55.87,160.65,18.66,51.77,1014.59,27.53,41.11,0
2019-01-19 11:00:00,0.08,1.21,38.93,75.96,21.54,74.53,1015.5,3.77,41.42,0
2019-01-19 12:00:00,3.64,12.11,118.94,203.66,22.74,68.65,1010.01,9.94,77.95,1
2019-01-19 13:00:00,5.61,17.89,40.38,74.13,27.78,65.3,1014.17,3.74,46.24,0
2019-01-19 14:00:00,5.82,26.38,36.21,76.77,23.71,58.95,1012.73,12.05,27.34,0
2019-01-19 15:00:00,0.82,1.97,39.89,159.75,21.56,58.33,1004.0,4.03,46.9,0
2019-01-19 16:00:00,9.28,38.0,75.22,169.29,25.23,72.6,1017.62,11.99,80.28,0
2019-01-19 17:00:00,21.06,34.91,47.74,138.36,19.9,58.07,1016.43,9.84,16.43,1
2019-01-19 18:00:00,10.28,37.39,72.91,137.9,30.0,51.99,1011.54,8.33,52.23,0
2019-01-19 19:00:00,4.98,22.57,32.47,124.25,29.69,59.19,1015.78,7.37,31.1,0
2019-01-19 20:00:00,17.4,51.21,72.33,143.2,21.02,79.16,1007.91,8.2,82.99,0
2019-01-19 21:00:00,2.54,20.96,67.32,113.94,32.79,67.28,1007.22,11.62,61.45,0
2019-01-19 22:00:00,8.24,11.01,21.44,139.76,20.66,49.46,1010.31,14.12,18.83,0
2019-01-19 23:00:00,4.46,25.74,54.35,68.65,25.03,92.43,1010.31,6.82,51.64,0
2019-01-20 00:00:00,17.55,32.47,37.17,96.04,29.24,61.77,1011.93,2.32,18.56,0
2019-01-20 01:00:00,1.53,9.53,32.35,198.75,28.36,52.32,1005.25,7.47,61.21,0
2019-01-20 02:00:00,1.52,16.94,91.27,146.88,19.4,92.91,1000.07,5.41,76.28,0
2019-01-20 03:00:00,14.26,33.0,171.24,220.49,30.45,68.5,1000.69,14.66,100.0,1
2019-01-20 04:00:00,7.71,23.76,54.75,72.15,27.74,55.53,1007.05,8.11,54.93,0
2019-01-20 05:00:00,15.23,18.77,63.74,117.11,38.42,76.69,1017.07,9.15,51.04,1
2019-01-20 06:00:00,1.73,37.8,51.16,181.1,31.27,54.72,1001.65,4.27,33.0,0
2019-01-20 07:00:00,2.17,25.7,68.88,256.83,36.09,74.7,1013.99,13.7,50.55,0
2019-01-20 08:00:00,6.52,19.7,102.59,196.76,22.82,82.05,1004.23,17.89,92.68,0
2019-01-20 09:00:00,0.63,11.21,46.8,95.08,19.32,84.11,1009.42,4.28,46.14,0
2019-01-20 10:00:00,6.1,40.59,108.91,273.19,35.29,85.23,1010.2,6.09,85.2,0
2019-01-20 11:00:00,3.04,18.98,40.1,201.43,29.91,57.64,1011.9,16.25,59.02,0
2019-01-20 12:00:00,4.44,8.21,15.18,114.88,38.05,50.37,1015.8,6.78,40.91,0
2019-01-20 13:00:00,9.23,43.83,70.37,101.71,34.19,57.11,996.64,14.68,50.79,0
2019-01-20 14:00:00,9.65,18.94,39.51,91.75,33.88,50.95,1021.78,7.94,53.85,0
2019-01-20 15:00:00,20.23,23.96,89.3,149.0,30.51,75.02,1014.43,3.4,71.64,0
2019-01-20 16:00:00,12.5,28.69,94.75,134.22,23.29,54.28,1006.26,10.28,59.02,1
2019-01-20 17:00:00,0.22,7.81,20.35,126.96,22.44,60.28,1015.92,8.78,41.82,1
2019-01-20 18:00:00,1.7,13.84,61.8,131.8,16.85,46.83,1017.29,11.07,68.26,0
2019-01-20 19:00:00,1.89,20.03,77.59,132.35,25.12,71.54,1026.42,9.87,38.66,0
2019-01-20 20:00:00,11.44,11.79,35.37,104.56,27.94,55.89,1016.22,14.51,24.24,0
2019-01-20 21:00:00,17.96,32.65,70.53,97.79,27.45,74.02,1009.7,17.57,45.27,0
2019-01-20 22:00:00,1.01,30.61,83.66,147.02,28.09,43.04,1008.95,8.02,95.95,0
2019-01-20 23:00:00,11.69,15.8,86.23,253.63,16.29,79.99,1004.23,15.31,55.97,1
2019-01-21 00:00:00,4.99,5.85,44.4,119.12,29.09,63.1,1017.28,6.92,17.06,0
2019-01-21 01:00:00,4.3,28.42,74.31,119.47,36.41,63.69,1012.96,14.32,42.57,0
2019-01-21 02:00:00,2.49,16.66,73.75,121.5,23.62,73.51,1013.47,10.73,72.36,0
2019-01-21 03:00:00,3.7,23.45,36.02,67.58,20.11,65.94,1013.52,18.11,29.98,0
2019-01-21 04:00:00,6.13,15.51,19.02,112.91,19.34,44.65,999.67,20.17,17.71,0
2019-01-21 05:00:00,2.85,18.68,70.65,124.01,24.52,69.29,1005.7,6.08,33.33,0
2019-01-21 06:00:00,7.36,42.23,81.57,259.96,25.93,77.0,996.14,11.19,78.07,0
2019-01-21 07:00:00,4.32,24.29,35.81,259.62,29.03,45.51,1013.96,9.96,52.81,0
2019-01-21 08:00:00,3.84,8.45,62.9,68.52,32.22,68.36,1007.34,12.16,57.95,1
2019-01-21 09:00:00,8.67,36.59,47.86,149.09,22.67,75.66,1010.91,35.87,32.3,0
2019-01-21 10:00:00,6.7,19.29,56.36,118.97,25.13,66.85,1009.92,18.57,42.27,0
2019-01-21 11:00:00,0.1,1.44,54.1,110.17,18.96,60.04,1020.49,15.23,40.79,0
2019-01-21 12:00:00,7.65,14.1,80.14,213.62,31.11,55.73,1007.46,25.76,60.18,0
2019-01-21 13:00:00,6.35,11.55,38.12,156.21,25.82,50.86,1009.47,11.7,29.25,0
2019-01-21 14:00:00,13.18,25.29,88.37,302.54,26.64,66.86,1005.01,11.79,53.21,0
2019-01-21 15:00:00,6.59,35.06,64.43,128.84,35.13,74.36,1005.57,7.0,55.03,0
2019-01-21 16:00:00,3.48,26.81,43.29,291.23,28.52,68.72,1009.64,24.91,65.39,0
2019-01-21 17:00:00,2.38,10.22,31.27,96.62,37.25,56.63,1009.48,5.51,20.0,0
2019-01-21 18:00:00,0.45,19.03,42.91,145.99,32.04,54.46,1012.87,16.85,46.57,0
2019-01-21 19:00:00,4.92,13.72,15.03,49.11,25.58,51.59,1004.24,4.83,45.38,0
2019-01-21 20:00:00,1.92,12.41,69.16,107.93,21.8,79.0,1004.59,6.04,60.24,1
2019-01-21 21:00:00,14.87,31.71,76.49,124.89,27.06,53.5,1011.72,8.06,64.02,0
2019-01-21 22:00:00,5.14,9.24,30.52,98.81,33.54,60.65,1005.5,5.71,24.62,0
2019-01-21 23:00:00,1.3,12.55,59.82,96.07,20.29,60.31,1010.33,8.07,64.99,0
2019-01-22 00:00:00,0.5,11.88,22.97,182.76,24.61,65.5,1013.32,1.9,48.59,0
2019-01-22 01:00:00,7.08,14.11,62.77,183.2,23.37,63.82,1009.72,8.09,74.63,1
2019-01-22 02:00:00,16.29,34.67,89.67,139.23,25.62,58.15,1008.35,3.07,78.37,0
2019-01-22 03:00:00,8.49,26.98,36.38,60.04,30.13,76.92,1012.47,4.78,34.27,0
2019-01-22 04:00:00,4.42,10.07,69.73,333.16,29.04,69.28,1006.11,5.2,57.5,0
2019-01-22 05:00:00,10.2,14.15,43.8,229.02,28.93,64.04,1020.83,11.78,30.12,0
2019-01-22 06:00:00,6.65,19.35,49.11,85.99,20.29,49.4,1007.65,7.09,49.36,0
2019-01-22 07:00:00,3.37,9.61,19.08,76.25,31.86,54.68,1017.13,2.7,35.16,0
2019-01-22 08:00:00,16.99,26.49,93.5,196.24,33.45,63.99,1013.4,14.96,78.24,0
2019-01-22 09:00:00,3.74,4.03,71.38,158.34,26.65,66.45,1000.2,13.47,79.23,0
2019-01-22 10:00:00,1.91,13.21,103.36,150.64,23.05,54.31,1003.38,4.77,77.68,0
2019-01-22 11:00:00,4.62,14.5,86.48,202.41,32.46,71.33,1011.75,6.12,56.66,0
2019-01-22 12:00:00,5.61,9.87,48.91,157.0,35.34,71.6,1022.15,8.65,44.35,0
2019-01-22 13:00:00,10.98,33.37,76.08,170.61,30.06,62.69,1014.21,5.89,66.63,1
2019-01-22 14:00:00,1.86,11.54,15.27,156.86,23.99,59.96,1019.06,10.27,39.88,0
2019-01-22 15:00:00,2.32,16.24,19.15,68.09,22.15,47.56,1011.07,2.77,24.74,0
2019-01-22 16:00:00,2.47,24.03,55.37,152.87,31.11,81.29,1019.07,21.07,44.34,0
2019-01-22 17:00:00,4.37,23.6,54.15,89.77,19.39,54.03,1017.13,16.15,59.18,0
2019-01-22 18:00:00,1.34,4.51,20.33,114.01,20.32,56.27,996.06,8.12,19.35,0
2019-01-22 19:00:00,14.72,29.15,61.42,182.03,29.16,57.52,1008.56,9.95,60.58,1
2019-01-22 20:00:00,0.51,7.44,25.81,35.26,36.63,49.81,1008.81,24.96,47.54,0
2019-01-22 21:00:00,10.05,36.96,104.61,242.08,34.32,89.22,1003.91,1.3,77.78,0
2019-01-22 22:00:00,1.71,41.74,78.2,359.31,30.09,83.38,1011.33,10.01,72.95,0
2019-01-22 23:00:00,4.01,33.41,53.66,312.91,16.51,59.3,1018.96,0.79,33.73,0
2019-01-23 00:00:00,2.09,24.14,91.72,120.74,14.49,100.0,1008.9,9.88,66.73,0
2019-01-23 01:00:00,10.21,22.42,33.38,60.84,27.04,71.79,1008.29,15.86,24.97,1
2019-01-23 02:00:00,15.94,39.33,154.48,345.07,37.71,92.73,1008.94,13.81,100.0,1
2019-01-23 03:00:00,41.87,44.02,84.13,103.97,23.09,70.0,1012.02,17.89,29.03,1
2019-01-23 04:00:00,8.01,15.64,46.45,212.88,32.74,75.07,1013.04,11.4,57.56,1
2019-01-23 05:00:00,0.54,19.18,26.64,52.0,29.7,60.85,1005.57,5.07,24.71,0
2019-01-23 06:00:00,1.54,12.62,46.49,75.85,24.84,53.31,1017.73,18.84,33.82,0
2019-01-23 07:00:00,7.65,12.55,41.35,218.25,25.74,62.05,1003.61,3.34,61.42,0
2019-01-23 08:00:00,4.2,22.49,74.44,176.39,18.74,63.78,1004.86,21.64,58.62,0
2019-01-23 09:00:00,9.93,43.26,73.86,115.72,30.42,55.78,1014.28,7.41,53.67,0
2019-01-23 10:00:00,6.76,38.12,49.53,189.03,24.4,73.87,1017.69,7.88,51.67,0
2019-01-23 11:00:00,1.75,9.49,36.85,123.96,32.67,63.23,1009.28,8.16,42.81,0
2019-01-23 12:00:00,3.52,40.84,59.3,128.73,26.76,64.84,1007.82,5.02,50.58,0
2019-01-23 13:00:00,10.36,19.34,30.22,61.83,26.37,77.83,1008.81,21.19,52.5,1
2019-01-23 14:00:00,7.13,21.82,96.61,131.66,16.37,73.98,1003.98,4.53,39.3,1
2019-01-23 15:00:00,10.03,36.01,42.2,154.16,29.59,74.89,1008.56,4.13,27.29,0
2019-01-23 16:00:00,0.9,1.99,70.96,104.08,30.81,57.18,1005.87,7.53,43.52,0
2019-01-23 17:00:00,1.91,15.94,51.02,104.95,34.92,56.26,1006.57,12.0,71.99,0
2019-01-23 18:00:00,13.85,19.92,75.07,121.42,23.35,68.5,1008.69,2.05,81.78,0
2019-01-23 19:00:00,0.96,10.89,89.89,276.08,29.46,72.13,1010.34,30.78,71.52,0
2019-01-23 20:00:00,9.51,35.49,55.98,113.37,30.2,68.04,1014.76,18.4,49.99,1
2019-01-23 21:00:00,0.8,9.73,46.25,121.13,20.98,73.34,1011.05,15.17,40.28,0
2019-01-23 22:00:00,5.52,17.77,39.81,58.78,24.56,98.35,1011.5,4.11,57.42,0
2019-01-23 23:00:00,2.98,15.75,44.72,106.48,21.47,46.91,1010.04,15.28,26.66,0
2019-01-24 00:00:00,1.71,22.87,75.36,114.14,21.93,62.44,1005.83,9.74,74.8,0
2019-01-24 01:00:00,5.96,30.82,63.37,130.57,25.82,70.41,1010.12,10.6,79.53,0
2019-01-24 02:00:00,13.28,29.48,65.61,118.05,24.19,86.33,1013.24,6.4,59.23,0
2019-01-24 03:00:00,2.26,11.92,26.99,55.06,27.91,57.59,1014.39,10.66,39.28,0
2019-01-24 04:00:00,0.15,15.44,46.69,101.58,31.45,63.18,1007.94,28.39,48.03,0
2019-01-24 05:00:00,4.32,13.64,37.31,47.18,31.26,57.6,1011.05,5.42,34.29,0
2019-01-24 06:00:00,1.69,41.14,75.44,123.84,32.33,73.86,1014.29,13.92,36.99,0
2019-01-24 07:00:00,10.54,22.82,36.83,406.73,26.54,61.32,1013.3,8.2,42.49,1
2019-01-24 08:00:00,2.97,31.85,52.49,154.9,25.17,72.6,1007.58,2.73,39.33,0
2019-01-24 09:00:00,2.36,31.36,72.03,157.18,21.23,80.19,1003.98,8.37,46.38,0
2019-01-24 10:00:00,3.35,19.61,70.01,110.74,31.85,63.77,998.0,21.52,55.4,0
2019-01-24 11:00:00,13.28,31.06,69.04,172.02,33.37,76.95,1017.18,4.76,68.75,0
2019-01-24 12:00:00,7.47,25.31,52.22,89.12,34.89,56.86,1022.65,5.07,55.07,0
2019-01-24 13:00:00,1.38,21.8,41.51,226.57,29.73,64.65,1015.24,6.17,48.27,0
2019-01-24 14:00:00,0.9,5.56,11.31,155.69,25.43,50.28,1008.31,17.66,36.13,0
2019-01-24 15:00:00,17.19,68.74,145.12,181.72,22.02,64.48,1006.34,5.29,100.0,0
2019-01-24 16:00:00,2.29,17.42,83.04,135.85,20.63,79.11,1006.92,12.28,78.95,1
2019-01-24 17:00:00,13.62,46.82,130.53,234.84,17.21,68.22,1006.83,19.89,100.0,0
2019-01-24 18:00:00,4.14,19.49,101.65,157.11,33.65,65.87,1011.01,5.28,89.26,0
2019-01-24 19:00:00,1.95,17.97,59.91,148.34,30.1,62.15,1013.18,3.71,42.39,1
2019-01-24 20:00:00,2.14,10.2,141.92,314.02,40.85,99.53,1003.26,5.39,100.0,1
2019-01-24 21:00:00,4.35,13.44,42.96,193.19,27.34,78.96,1013.11,13.92,36.92,0
2019-01-24 22:00:00,0.13,1.92,38.48,89.7,28.31,45.11,998.26,9.3,26.73,0
2019-01-24 23:00:00,2.03,47.27,67.41,161.28,29.99,54.75,1017.88,7.98,47.55,1
2019-01-25 00:00:00,22.45,51.97,62.44,74.01,31.29,85.0,1003.95,3.5,40.83,0
2019-01-25 01:00:00,27.86,35.89,59.28,97.56,24.29,87.53,1011.22,27.32,65.46,0
2019-01-25 02:00:00,2.3,16.54,38.84,139.19,27.77,66.77,1014.16,2.69,45.17,0
2019-01-25 03:00:00,9.07,29.69,84.96,161.94,32.24,71.66,1011.1,11.29,82.83,1
2019-01-25 04:00:00,7.28,12.32,51.37,104.2,36.75,63.62,1013.77,1.8,64.43,0
2019-01-25 05:00:00,1.11,8.48,55.24,93.76,22.97,62.75,1017.59,25.12,48.46,0
2019-01-25 06:00:00,9.21,21.99,63.97,122.05,29.07,54.03,1007.69,15.32,65.43,0
2019-01-25 07:00:00,3.27,38.06,80.92,309.03,28.51,77.84,1011.3,7.64,43.37,1
2019-01-25 08:00:00,5.3,13.12,33.81,118.17,26.48,51.66,1008.64,5.71,25.61,0
2019-01-25 09:00:00,10.9,31.94,73.05,119.16,33.56,74.68,1016.12,6.95,38.3,1
2019-01-25 10:00:00,3.52,47.22,105.0,135.01,40.54,74.24,1008.57,15.56,64.09,1
2019-01-25 11:00:00,3.48,33.25,106.9,153.04,30.02,85.19,1008.61,5.99,67.06,0
2019-01-25 12:00:00,8.32,12.8,77.92,118.32,23.7,62.17,1009.15,6.23,54.94,0
2019-01-25 13:00:00,13.96,23.31,74.91,98.93,20.16,55.72,1012.06,23.06,54.29,0
2019-01-25 14:00:00,7.9,20.74,59.34,111.34,27.6,55.57,1010.45,2.92,41.97,0
2019-01-25 15:00:00,3.67,10.57,35.43,110.03,33.19,61.16,1011.27,7.67,23.13,0
2019-01-25 16:00:00,12.73,39.24,82.05,104.9,26.86,68.22,1008.17,6.31,79.66,0
2019-01-25 17:00:00,7.0,11.04,97.11,244.46,29.43,59.66,1008.27,9.12,70.98,1
2019-01-25 18:00:00,16.53,24.5,52.33,101.05,38.75,59.09,1011.63,14.07,56.91,0
2019-01-25 19:00:00,20.25,37.9,136.75,197.12,31.57,80.4,1013.25,4.85,84.14,1
2019-01-25 20:00:00,7.78,21.41,65.44,163.54,28.31,73.85,1012.45,9.13,40.26,0
2019-01-25 21:00:00,15.57,22.39,98.41,170.52,20.6,72.49,1007.13,14.95,89.51,0
2019-01-25 22:00:00,15.96,53.36,75.36,106.9,32.43,75.58,1008.36,3.56,78.95,0
2019-01-25 23:00:00,4.61,9.95,29.98,85.25,31.07,60.82,1019.87,1.96,40.23,0
2019-01-26 00:00:00,15.96,39.86,51.31,69.62,32.54,64.72,1003.52,5.91,46.76,0
2019-01-26 01:00:00,5.55,25.48,110.94,256.83,21.11,79.97,1002.35,6.06,100.0,1
2019-01-26 02:00:00,10.01,30.8,74.7,115.38,27.83,56.52,1006.58,23.62,77.48,0
2019-01-26 03:00:00,5.01,7.9,65.18,111.8,31.19,85.6,1013.89,3.2,52.3,0
2019-01-26 04:00:00,0.68,13.64,50.2,96.72,19.93,64.81,1006.78,10.51,32.97,0
2019-01-26 05:00:00,25.04,41.5,80.36,194.7,28.73,68.58,1005.57,13.7,85.76,1
2019-01-26 06:00:00,9.66,27.96,37.89,65.63,33.97,64.31,1016.44,8.83,4.04,0
2019-01-26 07:00:00,10.43,22.22,66.67,101.9,24.47,78.39,1003.36,6.93,55.18,0
2019-01-26 08:00:00,6.09,27.22,88.8,164.9,33.83,75.14,1013.34,16.16,61.99,0
2019-01-26 09:00:00,15.86,28.18,33.05,165.58,28.15,67.32,1018.01,10.64,27.89,0
2019-01-26 10:00:00,4.5,11.02,36.11,110.85,28.53,62.39,1015.37,7.21,27.73,0
2019-01-26 11:00:00,2.07,8.97,27.28,121.05,33.41,49.1,1013.12,5.01,33.29,0
2019-01-26 12:00:00,2.68,21.62,72.56,145.49,24.24,42.1,1014.01,14.04,75.92,1
2019-01-26 13:00:00,5.04,12.22,61.3,128.02,20.89,74.33,1023.96,1.92,41.19,0
2019-01-26 14:00:00,2.88,25.18,82.23,196.4,26.54,79.89,1010.3,25.8,88.26,0
2019-01-26 15:00:00,5.12,12.26,13.04,90.88,29.8,45.37,1012.74,10.01,22.37,0
2019-01-26 16:00:00,1.14,5.95,42.94,230.41,29.92,49.56,1022.15,3.59,23.79,0
2019-01-26 17:00:00,12.63,58.32,64.7,112.31,29.74,54.94,1007.88,4.67,43.48,0
2019-01-26 18:00:00,8.39,41.15,83.74,254.12,23.91,63.66,1008.82,7.26,57.81,0
2019-01-26 19:00:00,22.75,37.56,47.99,87.7,30.61,54.09,1020.49,6.91,38.7,0
2019-01-26 20:00:00,2.15,11.21,59.66,125.86,27.42,66.5,1015.7,13.59,36.31,0
2019-01-26 21:00:00,9.69,32.29,43.06,77.19,36.4,63.85,1005.25,14.52,52.92,0
2019-01-26 22:00:00,1.07,53.51,68.67,125.39,32.89,67.25,1011.19,20.93,66.75,1
2019-01-26 23:00:00,5.15,15.13,86.09,126.3,30.86,64.6,1013.64,15.79,64.72,0
2019-01-27 00:00:00,6.2,50.62,82.27,121.43,27.0,60.02,1009.75,22.58,48.14,0
2019-01-27 01:00:00,0.56,9.58,42.07,69.68,26.04,47.06,1010.95,3.56,33.37,0
2019-01-27 02:00:00,14.28,17.75,32.53,97.2,26.75,54.36,1005.31,7.12,38.11,0
2019-01-27 03:00:00,11.14,25.36,91.47,180.59,29.51,77.0,1013.05,5.67,50.46,0
2019-01-27 04:00:00,8.39,11.21,55.52,360.67,33.38,47.97,1021.55,5.08,30.97,0
2019-01-27 05:00:00,1.18,22.96,65.01,155.93,19.93,65.19,1012.76,12.47,51.07,0
2019-01-27 06:00:00,2.42,6.9,19.77,97.48,25.24,47.16,1017.13,10.92,7.58,0
2019-01-27 07:00:00,12.29,31.86,68.7,114.59,34.86,53.54,1006.23,4.43,67.74,0
2019-01-27 08:00:00,5.1,30.38,175.81,242.05,24.86,95.5,1001.54,8.46,100.0,0
2019-01-27 09:00:00,4.11,45.77,65.55,90.86,23.35,78.32,1006.78,19.59,75.86,0
2019-01-27 10:00:00,15.56,19.07,88.68,152.48,33.87,75.17,1011.41,14.12,49.88,1
2019-01-27 11:00:00,5.98,13.94,17.89,35.35,30.76,45.54,1012.98,28.81,19.31,0
2019-01-27 12:00:00,1.34,11.78,67.83,128.22,29.21,74.79,1002.54,1.8,68.72,0
2019-01-27 13:00:00,12.16,32.55,78.25,372.72,31.35,75.74,1008.53,8.83,74.42,1
2019-01-27 14:00:00,1.1,13.4,42.73,116.21,26.44,81.92,1011.75,10.0,19.47,0
2019-01-27 15:00:00,5.15,10.77,54.76,248.13,28.19,58.77,1012.81,13.33,72.84,0
2019-01-27 16:00:00,6.83,15.78,60.54,343.99,28.51,68.92,1011.24,6.74,41.32,1
2019-01-27 17:00:00,10.03,26.18,70.69,97.4,26.21,58.09,1014.95,8.98,79.69,0
2019-01-27 18:00:00,0.76,10.63,36.13,125.16,26.18,41.78,1004.91,3.6,36.07,0
2019-01-27 19:00:00,0.08,37.83,61.07,89.6,23.17,46.95,1020.04,5.34,66.63,0
2019-01-27 20:00:00,0.09,18.27,36.12,70.31,25.25,61.37,1001.66,34.49,8.12,0
2019-01-27 21:00:00,17.21,22.85,31.7,83.66,25.59,52.59,1017.32,10.38,97.12,0
2019-01-27 22:00:00,0.56,13.81,46.0,125.77,17.73,67.79,1018.15,5.34,45.06,0
2019-01-27 23:00:00,20.94,42.22,105.78,144.18,31.31,79.82,1004.43,12.7,97.84,1
2019-01-28 00:00:00,13.31,30.33,52.72,137.03,29.47,63.99,1020.77,4.75,50.2,0
2019-01-28 01:00:00,1.69,11.08,23.95,240.3,36.16,43.15,1011.47,13.99,38.82,0
2019-01-28 02:00:00,0.2,11.9,30.12,130.48,20.75,49.92,1011.11,17.68,51.66,0
2019-01-28 03:00:00,5.55,18.52,54.62,279.34,22.42,66.55,1015.62,2.64,76.35,0
2019-01-28 04:00:00,2.9,30.2,66.26,116.39,33.14,69.65,1011.36,3.3,56.44,0
2019-01-28 05:00:00,15.78,37.48,54.14,101.95,21.35,67.61,1008.78,6.14,73.83,0
2019-01-28 06:00:00,6.76,10.17,42.83,81.86,27.74,70.74,1009.85,23.01,43.95,0
2019-01-28 07:00:00,5.21,41.7,70.52,175.31,26.65,64.65,1011.59,26.74,67.92,1
2019-01-28 08:00:00,4.13,48.38,96.63,131.77,36.42,73.86,1006.69,4.43,76.62,0
2019-01-28 09:00:00,10.0,20.15,101.01,309.91,27.7,78.13,1012.2,3.58,78.66,1
2019-01-28 10:00:00,4.73,24.33,46.14,71.95,27.68,72.36,1008.91,0.83,42.17,0
2019-01-28 11:00:00,24.36,89.87,109.12,148.39,29.2,73.88,1006.98,7.38,75.33,1
2019-01-28 12:00:00,0.52,14.34,50.08,102.78,23.25,62.9,1009.13,10.89,45.08,0
2019-01-28 13:00:00,3.67,19.78,60.72,91.58,25.19,68.38,1000.98,3.08,67.97,0
2019-01-28 14:00:00,8.76,31.58,81.59,129.94,21.94,69.53,1008.74,27.3,82.95,1
2019-01-28 15:00:00,7.73,41.07,48.57,178.97,31.56,60.39,1013.4,3.02,17.01,0
2019-01-28 16:00:00,2.2,4.58,115.81,187.54,31.79,68.87,1017.32,13.1,77.56,0
2019-01-28 17:00:00,12.44,25.95,52.53,179.13,23.34,46.65,1018.76,5.67,22.85,0
2019-01-28 18:00:00,6.45,39.72,59.89,216.32,26.58,70.5,1010.98,9.8,55.78,0
2019-01-28 19:00:00,12.54,35.9,48.77,98.07,28.87,67.8,1011.24,15.42,27.38,0
2019-01-28 20:00:00,7.38,25.63,48.32,146.21,20.37,65.71,1007.91,1.86,28.01,0
2019-01-28 21:00:00,0.05,16.23,24.87,83.53,30.93,62.95,1015.96,2.52,28.85,0
2019-01-28 22:00:00,7.83,39.97,109.13,153.21,22.11,72.36,1002.91,14.07,57.19,0
2019-01-28 23:00:00,2.18,23.6,52.91,109.07,18.69,82.61,1006.75,3.06,57.55,0
2019-01-29 00:00:00,3.68,45.72,65.09,250.96,28.32,74.95,1003.21,17.54,58.79,0
2019-01-29 01:00:00,4.56,16.76,77.41,201.31,31.32,87.75,1009.75,3.75,51.61,0
2019-01-29 02:00:00,1.1,2.49,30.35,181.99,32.94,53.25,1012.93,8.94,43.69,1
2019-01-29 03:00:00,2.09,31.56,50.83,103.22,30.53,62.98,1005.49,8.75,41.57,0
2019-01-29 04:00:00,10.62,21.81,112.47,140.51,24.25,74.07,1004.3,13.5,83.06,1
2019-01-29 05:00:00,10.61,25.17,48.55,142.0,38.16,77.65,1014.16,9.08,85.85,0
2019-01-29 06:00:00,0.42,17.37,22.33,214.3,28.35,37.76,1011.0,8.39,28.48,0
2019-01-29 07:00:00,6.52,15.73,48.29,107.09,22.9,69.26,1006.59,7.54,48.01,0
2019-01-29 08:00:00,11.67,15.99,45.61,207.1,33.32,64.8,1008.31,8.1,56.26,0
2019-01-29 09:00:00,5.89,34.06,53.85,216.65,29.59,75.14,1014.61,7.7,92.78,0
2019-01-29 10:00:00,6.9,7.26,24.71,194.9,39.17,53.86,1015.07,25.43,24.27,0
2019-01-29 11:00:00,0.48,54.16,88.71,184.16,36.51,53.6,1009.22,4.32,62.88,0
2019-01-29 12:00:00,15.28,30.13,53.86,134.62,25.82,83.63,1005.8,3.58,57.96,0
2019-01-29 13:00:00,1.26,2.68,29.21,144.49,21.28,60.14,1005.62,6.36,29.19,0
2019-01-29 14:00:00,3.47,34.61,74.33,235.62,25.26,77.94,1001.46,9.27,64.6,1
2019-01-29 15:00:00,11.76,14.08,39.52,149.58,15.27,59.04,1007.14,6.94,71.03,0
2019-01-29 16:00:00,19.94,28.85,49.61,153.79,28.19,75.32,1014.4,10.5,43.52,0
2019-01-29 17:00:00,3.8,48.96,99.54,147.21,33.4,80.66,1005.62,5.23,67.96,0
2019-01-29 18:00:00,29.22,49.44,73.13,174.29,28.13,80.39,1005.33,7.53,87.26,0
2019-01-29 19:00:00,6.1,24.19,43.96,134.74,30.63,59.63,1006.81,3.23,37.12,0
2019-01-29 20:00:00,5.43,25.36,35.96,277.51,32.25,75.02,1009.51,11.78,44.39,1
2019-01-29 21:00:00,1.54,8.05,24.19,145.13,36.22,64.66,1017.37,6.9,4.72,0
2019-01-29 22:00:00,3.55,24.28,36.54,131.36,28.91,43.46,1007.12,12.48,49.91,0
2019-01-29 23:00:00,6.64,25.46,35.38,85.5,26.8,75.04,1008.75,3.92,43.28,0
2019-01-30 00:00:00,8.86,21.68,39.31,63.94,24.86,67.89,1005.69,7.13,19.37,0
2019-01-30 01:00:00,8.49,45.3,85.84,124.98,36.81,67.52,1014.62,18.11,66.59,1
2019-01-30 02:00:00,3.14,28.53,60.2,301.72,24.75,64.56,1010.67,7.32,67.42,0
2019-01-30 03:00:00,17.09,22.14,47.21,110.34,38.19,53.47,1004.31,12.38,37.7,1
2019-01-30 04:00:00,5.62,16.08,59.93,160.25,26.18,67.31,1005.61,4.74,45.15,0
2019-01-30 05:00:00,5.25,14.05,35.09,80.2,23.4,66.9,1013.76,4.79,56.77,0
2019-01-30 06:00:00,1.39,8.09,46.69,68.0,30.35,64.59,1016.74,17.47,44.65,0
2019-01-30 07:00:00,9.71,43.51,92.79,156.97,29.35,74.06,1006.6,35.91,81.32,0
2019-01-30 08:00:00,4.95,15.36,20.46,170.99,18.88,53.26,1015.59,6.35,49.91,0
2019-01-30 09:00:00,3.85,29.59,60.99,92.88,31.84,56.81,1012.72,8.8,40.8,0
2019-01-30 10:00:00,0.84,21.92,64.2,85.54,17.87,66.93,1020.16,11.0,43.28,0
2019-01-30 11:00:00,0.89,5.82,46.15,69.54,37.98,65.93,1006.42,7.47,50.75,0
2019-01-30 12:00:00,7.33,41.13,73.78,113.1,20.19,64.21,1019.38,4.36,48.5,1
2019-01-30 13:00:00,19.2,33.03,54.95,131.37,29.62,69.66,1014.96,5.97,50.11,0
2019-01-30 14:00:00,4.19,14.62,41.97,84.14,30.98,71.23,1006.98,7.78,48.34,1
2019-01-30 15:00:00,4.16,7.84,79.95,176.17,33.3,79.17,1013.52,7.78,75.27,1
2019-01-30 16:00:00,9.82,16.87,23.34,92.04,20.11,54.36,1008.33,31.26,28.06,0
2019-01-30 17:00:00,14.81,20.52,38.88,77.51,30.87,45.42,1012.78,25.11,68.01,0
2019-01-30 18:00:00,2.81,5.58,37.16,302.81,22.12,66.05,1014.64,5.38,79.59,0
2019-01-30 19:00:00,1.42,21.41,31.53,86.79,29.38,57.83,1008.77,13.22,25.05,0
2019-01-30 20:00:00,4.81,10.76,36.8,89.99,17.35,61.89,1020.81,0.55,80.45,0
2019-01-30 21:00:00,8.38,23.91,74.95,145.06,30.88,63.69,1010.31,8.0,52.63,0
2019-01-30 22:00:00,0.09,31.53,77.2,147.62,35.19,85.27,1010.54,13.07,40.22,1
2019-01-30 23:00:00,3.29,26.95,58.14,131.11,26.44,61.33,1015.02,11.88,53.31,0
2019-01-31 00:00:00,4.31,21.69,57.07,138.12,28.51,84.02,1014.7,6.77,58.66,0
2019-01-31 01:00:00,3.73,5.35,8.05,181.11,31.4,64.26,1017.18,13.08,16.13,0
2019-01-31 02:00:00,0.71,3.49,16.5,136.77,29.87,68.51,1015.98,10.85,25.44,0
2019-01-31 03:00:00,3.3,11.72,31.64,95.3,19.21,59.41,1022.66,14.7,48.39,0
2019-01-31 04:00:00,4.39,22.81,47.37,215.0,21.29,55.23,1012.58,7.34,20.29,0
2019-01-31 05:00:00,1.77,7.61,60.19,101.38,25.78,72.86,1011.89,14.91,51.36,0
2019-01-31 06:00:00,6.69,12.39,106.16,152.24,28.63,77.57,1015.98,11.46,60.14,0
2019-01-31 07:00:00,11.15,41.51,68.53,249.33,25.39,62.32,1010.65,17.26,50.32,1
2019-01-31 08:00:00,11.5,23.09,49.32,293.33,28.53,71.01,1005.47,6.06,71.23,0
2019-01-31 09:00:00,2.37,5.31,36.28,89.01,33.55,67.43,1009.27,10.35,44.52,0
2019-01-31 10:00:00,8.23,26.99,44.21,130.6,26.01,45.75,1009.01,23.61,79.81,0
2019-01-31 11:00:00,7.6,11.83,89.78,120.06,21.93,77.37,1018.34,1.64,61.43,1
2019-01-31 12:00:00,22.74,41.14,56.75,77.54,30.74,74.88,1007.16,6.84,69.72,0
2019-01-31 13:00:00,8.27,18.39,34.56,117.82,34.74,46.01,1005.83,9.39,52.73,0
2019-01-31 14:00:00,8.73,23.22,44.01,90.31,29.58,82.48,1015.8,7.51,18.69,0
2019-01-31 15:00:00,13.16,18.7,103.93,126.53,25.43,87.74,1019.62,14.1,68.14,0
2019-01-31 16:00:00,1.03,10.66,52.68,175.94,27.04,47.31,1004.03,1.35,70.32,0
2019-01-31 17:00:00,5.47,13.96,44.7,169.16,25.36,59.47,1021.95,27.83,51.26,0
2019-01-31 18:00:00,20.19,26.41,51.5,204.67,29.59,55.34,1006.43,1.35,36.48,0
2019-01-31 19:00:00,20.52,30.43,59.71,85.3,16.4,53.89,1001.78,31.9,27.95,0
2019-01-31 20:00:00,3.3,4.94,18.18,94.42,28.53,61.42,1004.91,0.93,1.5,0
2019-01-31 21:00:00,19.75,42.37,46.84,91.5,27.04,64.93,1011.67,32.32,58.93,0
2019-01-31 22:00:00,3.87,25.56,81.41,116.16,32.95,60.56,1008.02,23.0,47.41,0
2019-01-31 23:00:00,6.92,17.33,28.46,157.06,20.19,52.18,1011.56,35.83,60.43,0
2019-02-01 00:00:00,0.53,11.2,87.02,168.21,21.68,70.78,1007.2,7.0,82.95,0
2019-02-01 01:00:00,16.44,26.04,68.98,138.47,29.94,71.53,1003.97,4.89,18.44,0
2019-02-01 02:00:00,3.67,26.24,53.27,190.6,35.16,56.34,1014.49,7.5,56.27,0
2019-02-01 03:00:00,0.75,8.86,49.27,120.77,27.21,64.57,1008.56,1.15,36.47,0
2019-02-01 04:00:00,4.51,30.94,64.62,99.51,26.73,72.16,1016.37,23.55,53.5,0
2019-02-01 05:00:00,9.44,13.23,42.88,60.31,23.7,71.89,1014.88,3.13,44.89,0
2019-02-01 06:00:00,14.0,40.55,71.99,154.04,28.21,70.91,1008.67,7.79,56.03,0
2019-02-01 07:00:00,1.49,2.56,58.91,88.39,22.69,67.21,1008.29,3.61,57.45,0
2019-02-01 08:00:00,1.41,10.71,51.82,113.48,20.7,61.94,1000.49,0.64,30.01,0
2019-02-01 09:00:00,8.83,31.73,59.91,125.84,30.97,61.71,1015.06,16.8,65.79,1
2019-02-01 10:00:00,9.83,35.34,85.4,232.13,23.21,72.16,1010.9,5.81,42.89,0
2019-02-01 11:00:00,2.5,6.47,88.21,118.25,31.67,71.83,1012.27,5.26,63.67,0
2019-02-01 12:00:00,1.78,20.9,48.75,148.04,27.65,67.91,1006.68,11.18,42.04,0
2019-02-01 13:00:00,11.97,29.61,48.03,137.0,33.38,56.0,1011.35,14.15,69.07,0
2019-02-01 14:00:00,0.63,20.55,73.05,161.57,22.04,74.56,1004.2,14.44,43.46,0
2019-02-01 15:00:00,3.1,63.8,91.93,189.07,32.38,56.36,1004.58,5.36,75.55,1
2019-02-01 16:00:00,1.72,66.83,130.15,198.58,28.05,85.25,1015.02,7.69,100.0,0
2019-02-01 17:00:00,8.71,39.95,53.11,162.43,19.87,62.44,1009.34,3.45,60.65,1
2019-02-01 18:00:00,1.9,7.88,30.17,39.33,24.04,49.12,1011.18,3.24,32.37,0
2019-02-01 19:00:00,13.37,22.21,120.68,228.59,24.2,65.48,1001.33,4.43,94.98,1
2019-02-01 20:00:00,2.96,17.88,39.45,193.87,30.16,67.6,1006.71,6.26,63.02,1
2019-02-01 21:00:00,7.34,16.69,81.33,392.98,22.75,70.89,1004.4,2.42,52.98,0
2019-02-01 22:00:00,1.95,7.96,25.86,266.27,21.22,61.72,1010.54,16.6,28.83,0
2019-02-01 23:00:00,6.08,31.91,81.86,117.58,25.78,67.83,1006.92,7.59,65.96,0
2019-02-02 00:00:00,2.28,6.16,21.45,86.2,33.08,54.8,1010.49,6.99,19.25,0
2019-02-02 01:00:00,1.3,2.5,55.87,118.84,28.68,66.26,1013.66,29.13,74.66,0
2019-02-02 02:00:00,9.78,31.56,57.12,280.8,26.41,64.94,1018.14,2.58,47.67,0
2019-02-02 03:00:00,1.88,23.11,45.24,273.97,31.22,55.51,1013.7,14.06,41.62,0
2019-02-02 04:00:00,1.93,4.84,30.87,175.92,22.65,43.77,1006.65,16.32,21.84,0
2019-02-02 05:00:00,5.58,8.41,40.14,112.24,37.84,55.21,1005.0,9.48,48.98,0
2019-02-02 06:00:00,6.57,18.93,54.81,126.22,37.14,66.4,1005.99,8.32,61.24,0
2019-02-02 07:00:00,1.23,17.06,29.09,192.75,25.4,68.51,1012.7,6.79,17.83,0
2019-02-02 08:00:00,8.08,17.68,56.32,101.54,28.47,45.15,1016.04,10.69,60.62,0
2019-02-02 09:00:00,2.09,10.06,19.74,159.23,27.34,53.52,1017.09,21.05,43.38,0
2019-02-02 10:00:00,0.82,12.6,71.19,97.94,25.05,69.92,1020.86,1.83,63.66,0
2019-02-02 11:00:00,3.6,24.16,64.72,106.25,32.97,67.85,1010.17,25.06,41.97,0
2019-02-02 12:00:00,3.54,6.61,47.12,250.62,19.88,63.99,1008.64,25.69,41.17,0
2019-02-02 13:00:00,7.48,21.43,74.4,187.57,25.87,63.11,1010.07,20.77,36.87,0
2019-02-02 14:00:00,23.42,29.43,70.94,140.55,30.72,59.96,1001.38,19.56,38.09,0
2019-02-02 15:00:00,5.48,61.05,145.08,212.11,36.47,85.56,1007.83,17.49,100.0,0
2019-02-02 16:00:00,8.46,23.08,38.56,64.4,35.39,64.2,1009.82,2.28,62.68,0
2019-02-02 17:00:00,0.5,35.92,47.53,125.08,24.12,62.77,1005.28,17.91,40.83,0
2019-02-02 18:00:00,13.91,33.65,119.52,341.79,23.58,96.49,1015.22,11.47,94.33,0
2019-02-02 19:00:00,4.27,48.86,90.47,163.04,25.59,83.42,1006.1,2.15,60.82,0
2019-02-02 20:00:00,0.93,12.89,57.63,88.31,35.75,70.28,1008.49,13.26,50.29,0
2019-02-02 21:00:00,13.46,26.76,41.1,56.95,30.1,71.63,1003.76,19.96,48.8,0
2019-02-02 22:00:00,4.47,15.07,58.22,99.69,43.54,71.94,1011.71,19.02,59.68,0
2019-02-02 23:00:00,11.65,18.41,47.68,147.2,31.35,60.83,1021.05,11.81,39.62,0
2019-02-03 00:00:00,25.45,28.75,78.18,121.55,37.14,57.94,1011.26,16.56,75.24,0
2019-02-03 01:00:00,0.61,16.51,49.44,112.9,27.36,73.54,1016.72,11.5,29.18,0
2019-02-03 02:00:00,1.98,27.16,56.34,208.58,23.36,64.99,1007.7,12.54,73.17,0
2019-02-03 03:00:00,9.91,21.31,54.51,110.14,41.09,73.81,1014.37,0.5,36.84,0
2019-02-03 04:00:00,4.79,13.16,33.23,205.63,20.61,69.16,1008.03,1.54,46.67,0
2019-02-03 05:00:00,3.18,37.76,61.29,101.59,29.4,51.03,1005.54,4.52,30.84,0
2019-02-03 06:00:00,3.78,8.53,75.19,163.94,28.54,74.81,1012.49,21.26,43.37,0
2019-02-03 07:00:00,4.48,17.3,61.15,138.72,24.63,83.34,1017.87,7.68,28.28,1
2019-02-03 08:00:00,1.89,23.85,51.74,100.13,29.86,62.53,1006.83,8.63,28.62,0
2019-02-03 09:00:00,16.96,22.83,66.44,146.92,27.05,70.44,1012.23,31.37,74.24,0
2019-02-03 10:00:00,0.5,13.47,52.77,252.37,23.1,74.91,1001.28,7.47,43.92,0
2019-02-03 11:00:00,6.98,32.81,56.8,134.82,20.8,50.6,1005.57,2.46,60.35,0
2019-02-03 12:00:00,2.54,8.34,28.41,166.01,30.3,39.77,1025.0,19.7,44.14,0
2019-02-03 13:00:00,2.32,22.44,45.88,129.62,23.57,61.72,1009.0,5.99,54.78,0
2019-02-03 14:00:00,15.14,17.47,77.72,95.08,25.0,53.34,1007.13,7.51,80.57,0
2019-02-03 15:00:00,3.56,14.79,42.57,90.16,23.34,76.13,1014.63,14.8,39.95,0
2019-02-03 16:00:00,7.01,35.95,101.52,141.58,23.49,81.89,1004.08,16.06,69.58,1
2019-02-03 17:00:00,10.52,31.26,53.23,65.83,27.05,77.6,1014.2,17.86,27.2,0
2019-02-03 18:00:00,5.02,35.24,53.55,156.13,21.02,64.2,1014.24,12.88,50.79,0
2019-02-03 19:00:00,15.32,16.09,44.97,100.93,26.13,74.32,1009.71,31.12,43.9,1
2019-02-03 20:00:00,0.79,12.37,49.97,64.88,31.02,64.93,1018.48,9.42,31.99,0
2019-02-03 21:00:00,7.43,13.74,46.98,69.78,31.21,67.47,1003.4,8.65,35.61,0
2019-02-03 22:00:00,23.62,35.68,76.55,200.19,25.1,90.22,1008.45,4.41,49.95,0
2019-02-03 23:00:00,6.84,33.57,75.27,113.75,23.83,56.01,1016.97,2.14,42.19,0
2019-02-04 00:00:00,0.31,38.04,86.06,142.34,34.39,87.87,1014.65,34.44,90.23,0
2019-02-04 01:00:00,7.67,57.68,72.39,153.43,30.09,49.26,1008.13,4.86,68.83,0
2019-02-04 02:00:00,17.53,26.12,46.72,257.6,30.69,63.26,1007.97,2.9,68.83,1
2019-02-04 03:00:00,3.22,5.18,39.81,261.49,34.77,67.77,1012.75,8.69,55.33,0
2019-02-04 04:00:00,3.18,4.53,28.6,119.37,33.62,55.23,1002.09,7.27,52.52,0
2019-02-04 05:00:00,9.56,13.34,42.43,137.29,32.72,65.51,1011.59,5.59,17.1,0
2019-02-04 06:00:00,8.05,32.88,64.51,129.23,18.14,70.31,1012.13,3.07,45.4,0
2019-02-04 07:00:00,5.21,23.29,50.09,180.59,24.73,70.22,1007.41,1.08,64.92,0
2019-02-04 08:00:00,2.07,21.04,44.82,62.24,20.42,61.08,1011.37,1.42,57.38,1
2019-02-04 09:00:00,2.83,14.71,31.88,93.87,35.29,53.95,1011.89,14.34,50.71,0
2019-02-04 10:00:00,1.36,9.92,37.36,120.81,25.93,63.62,1004.22,6.31,26.34,0
2019-02-04 11:00:00,0.24,34.48,57.5,161.21,23.68,62.14,1010.64,15.96,60.56,0
2019-02-04 12:00:00,13.92,14.67,65.91,127.52,29.58,67.16,1003.61,5.28,37.36,0
2019-02-04 13:00:00,10.03,14.14,58.92,265.69,31.33,62.51,1007.62,14.02,50.32,0
2019-02-04 14:00:00,9.15,30.54,45.04,160.09,30.49,65.11,1008.83,12.34,52.45,0
2019-02-04 15:00:00,9.0,18.35,95.98,196.2,27.98,66.22,1017.21,5.95,57.58,1
2019-02-04 16:00:00,3.91,28.05,51.65,109.24,34.47,59.52,1015.48,17.18,49.93,0
2019-02-04 17:00:00,3.36,25.72,37.07,83.77,26.04,50.59,1019.36,9.68,36.14,0
2019-02-04 18:00:00,0.95,21.52,43.12,228.66,19.61,64.33,1008.46,2.63,39.76,0
2019-02-04 19:00:00,10.79,30.55,40.51,69.67,25.71,53.3,1010.14,10.2,36.32,0
2019-02-04 20:00:00,35.15,61.03,72.15,151.69,25.5,71.08,1011.79,10.99,44.14,0
2019-02-04 21:00:00,7.37,33.26,166.24,187.21,31.41,95.12,1007.66,2.23,98.44,0
2019-02-04 22:00:00,12.19,25.27,75.04,154.86,33.02,84.18,1015.95,11.23,65.45,0
2019-02-04 23:00:00,12.23,22.71,36.18,148.12,23.73,60.42,1015.11,6.58,20.54,0
2019-02-05 00:00:00,18.48,35.52,43.57,180.95,16.11,90.57,1016.06,16.98,35.82,0
2019-02-05 01:00:00,1.74,32.79,61.75,319.52,38.75,72.28,1009.41,15.76,58.21,0
2019-02-05 02:00:00,0.52,6.91,13.95,60.09,29.02,58.79,1016.32,12.58,28.0,0
2019-02-05 03:00:00,6.02,17.21,45.27,179.53,16.61,82.57,1008.99,8.92,33.55,1
2019-02-05 04:00:00,4.32,12.53,51.96,128.0,18.95,55.53,1023.15,7.25,55.65,0
2019-02-05 05:00:00,32.85,38.17,79.55,246.49,29.19,69.17,1008.67,5.87,71.73,0
2019-02-05 06:00:00,1.4,10.29,23.65,92.16,25.12,56.28,1012.89,5.64,44.46,0
2019-02-05 07:00:00,23.34,26.9,62.72,111.07,34.78,53.38,1014.65,9.91,52.06,0
2019-02-05 08:00:00,4.36,7.41,66.23,285.23,25.14,76.83,1022.7,15.84,74.45,0
2019-02-05 09:00:00,1.17,41.83,66.01,223.29,27.55,69.83,1016.07,6.58,49.9,0
2019-02-05 10:00:00,19.95,24.73,37.58,107.53,24.66,68.44,1007.43,30.51,20.78,0
2019-02-05 11:00:00,1.77,22.21,45.57,95.87,27.21,69.72,1016.75,2.56,27.93,0
2019-02-05 12:00:00,12.26,62.18,76.85,120.95,28.3,51.93,1002.35,4.81,63.9,0
2019-02-05 13:00:00,6.2,35.43,192.6,316.17,35.34,100.0,1003.65,18.69,100.0,1
2019-02-05 14:00:00,23.27,43.12,95.71,268.32,29.63,64.73,1005.8,20.33,86.56,1
2019-02-05 15:00:00,14.62,37.09,82.72,198.76,28.45,79.67,1008.0,13.75,79.15,1
2019-02-05 16:00:00,4.24,12.58,20.71,120.09,32.08,46.23,1016.16,4.89,53.69,0
2019-02-05 17:00:00,20.04,49.77,75.04,115.2,35.2,72.17,1015.87,16.85,68.88,0
2019-02-05 18:00:00,8.26,51.54,73.97,100.31,20.66,62.05,1016.68,17.81,36.19,1
2019-02-05 19:00:00,5.36,15.13,34.32,69.46,24.34,63.46,1009.27,20.17,37.48,0
2019-02-05 20:00:00,6.06,8.97,72.72,189.26,29.12,66.55,1003.22,15.86,58.01,0
2019-02-05 21:00:00,12.68,37.83,152.79,205.41,27.99,85.41,1010.08,5.37,100.0,0
2019-02-05 22:00:00,4.01,63.97,83.19,127.44,24.62,67.73,1011.2,15.21,64.25,0
2019-02-05 23:00:00,2.86,8.14,13.17,88.41,17.23,52.6,1003.5,2.95,42.62,0
2019-02-06 00:00:00,2.13,2.77,22.71,207.55,26.43,71.62,1010.4,3.18,28.38,0
2019-02-06 01:00:00,7.27,18.59,80.38,104.19,30.06,81.99,1005.03,7.64,66.74,1
2019-02-06 02:00:00,2.32,10.14,62.73,126.52,35.92,85.34,1000.1,9.9,57.26,0
2019-02-06 03:00:00,12.85,28.16,59.61,159.94,28.15,66.27,1011.69,1.79,54.01,0
2019-02-06 04:00:00,3.9,10.65,55.97,72.14,28.04,64.31,1007.8,14.24,51.04,0
2019-02-06 05:00:00,8.87,19.86,43.82,180.46,23.69,63.98,1008.34,8.23,38.86,0
2019-02-06 06:00:00,15.34,20.25,38.86,170.37,28.01,55.53,1012.0,11.44,42.15,0
2019-02-06 07:00:00,18.93,20.35,36.22,113.87,25.26,49.57,1001.99,13.0,31.01,0
2019-02-06 08:00:00,6.57,18.6,48.93,93.24,31.1,58.81,1005.68,8.07,36.91,0
2019-02-06 09:00:00,0.17,21.71,42.06,363.89,30.51,55.63,1012.71,2.02,31.1,0
2019-02-06 10:00:00,0.2,3.92,17.63,100.83,35.77,64.21,1015.11,3.2,28.33,0
2019-02-06 11:00:00,12.55,66.05,100.47,118.48,29.55,81.34,1016.23,8.81,65.66,0
2019-02-06 12:00:00,1.61,20.43,42.61,90.91,30.97,43.55,1012.54,12.14,19.03,0
2019-02-06 13:00:00,3.71,12.06,75.29,152.73,20.46,61.06,1013.24,10.66,83.0,1
2019-02-06 14:00:00,14.2,47.33,86.36,102.49,29.86,74.91,1010.43,21.25,60.89,0
2019-02-06 15:00:00,2.91,28.78,122.73,160.34,32.07,78.99,1013.07,5.82,78.17,1
2019-02-06 16:00:00,0.95,21.73,63.6,100.15,28.63,64.83,1005.01,11.69,44.92,1
2019-02-06 17:00:00,3.84,18.68,47.27,115.78,27.76,61.6,1007.8,11.49,35.76,0
2019-02-06 18:00:00,10.52,19.08,75.84,108.74,27.02,72.51,1009.8,9.23,51.89,0
2019-02-06 19:00:00,2.84,20.28,107.19,177.45,37.05,78.74,1009.18,18.64,70.47,1
2019-02-06 20:00:00,9.25,24.04,30.94,156.26,19.04,47.97,1005.67,5.07,49.1,0
2019-02-06 21:00:00,1.0,32.91,90.09,360.41,34.91,53.78,1001.83,10.72,64.97,0
2019-02-06 22:00:00,2.05,21.66,51.93,91.76,30.22,63.93,1006.56,7.83,64.44,0
2019-02-06 23:00:00,3.91,13.97,56.32,133.8,25.31,72.87,1007.31,10.19,66.28,0
2019-02-07 00:00:00,15.83,25.75,117.21,179.25,30.96,72.1,1010.53,24.23,53.78,1
2019-02-07 01:00:00,3.28,9.84,41.92,133.33,30.27,84.74,1001.13,24.86,50.57,0
2019-02-07 02:00:00,2.76,18.19,31.15,61.01,22.56,69.29,1023.36,7.07,22.47,0
2019-02-07 03:00:00,2.77,11.71,20.87,158.28,33.83,54.5,1007.82,8.03,48.65,0
2019-02-07 04:00:00,9.24,13.37,102.98,108.42,29.15,56.65,1001.2,5.29,69.24,1
2019-02-07 05:00:00,11.44,35.68,74.52,234.99,23.71,76.14,1003.57,3.61,53.91,0
2019-02-07 06:00:00,15.24,23.46,55.59,164.64,36.49,57.04,1010.28,8.48,49.94,0
2019-02-07 07:00:00,7.32,17.87,100.88,137.82,31.35,67.81,1004.68,20.85,84.45,0
2019-02-07 08:00:00,2.36,39.04,56.78,246.61,30.16,57.93,1010.0,1.75,31.39,0
2019-02-07 09:00:00,4.52,31.47,49.27,119.22,33.74,51.51,1009.2,20.26,50.27,0
2019-02-07 10:00:00,1.73,21.13,122.37,138.28,28.18,72.09,1009.17,19.05,100.0,1
2019-02-07 11:00:00,6.09,21.4,37.03,228.76,32.78,56.61,1011.06,5.18,43.44,0
2019-02-07 12:00:00,2.14,44.51,55.55,121.19,32.44,56.86,1013.04,12.21,51.66,1
2019-02-07 13:00:00,15.16,26.0,126.2,180.81,25.03,71.64,1016.79,6.58,75.46,0
2019-02-07 14:00:00,6.79,13.51,69.19,109.94,27.15,85.55,1008.52,20.41,60.25,0
2019-02-07 15:00:00,19.37,51.17,81.37,105.18,25.49,77.04,1004.85,21.38,74.0,0
2019-02-07 16:00:00,11.09,30.52,163.02,304.18,35.7,83.04,1011.84,3.2,100.0,1
2019-02-07 17:00:00,10.21,15.69,37.24,83.07,19.89,44.69,1013.58,5.21,43.31,0
2019-02-07 18:00:00,0.94,20.4,68.39,196.59,29.96,72.74,1009.98,10.12,67.79,0
2019-02-07 19:00:00,9.23,12.19,56.42,70.42,35.55,83.5,1011.89,8.83,53.74,0
2019-02-07 20:00:00,25.83,53.28,137.64,162.08,21.33,97.08,1005.37,23.64,85.78,0
2019-02-07 21:00:00,3.4,19.2,36.67,182.05,28.37,60.26,1018.38,9.27,45.05,1
2019-02-07 22:00:00,13.27,30.92,131.11,195.18,34.68,82.07,1013.06,4.57,79.52,1
2019-02-07 23:00:00,0.57,19.06,142.55,242.22,26.04,69.59,1009.26,10.59,100.0,0
2019-02-08 00:00:00,1.4,20.65,95.29,176.6,28.82,74.8,1007.99,11.61,61.55,0
2019-02-08 01:00:00,4.86,17.38,36.6,70.86,26.81,68.45,1002.87,4.63,77.57,0
2019-02-08 02:00:00,2.81,16.42,54.25,160.14,22.8,69.83,1014.97,4.8,70.89,0
2019-02-08 03:00:00,2.1,10.94,55.04,88.54,25.94,76.66,1011.5,12.44,63.9,0
2019-02-08 04:00:00,2.83,18.18,61.19,263.7,24.47,72.61,1015.72,16.59,59.06,0
2019-02-08 05:00:00,8.33,20.89,29.68,143.02,19.54,44.01,1004.81,23.08,36.5,1
2019-02-08 06:00:00,13.41,27.65,80.01,242.85,35.96,65.58,1009.38,5.56,39.92,0
2019-02-08 07:00:00,8.99,12.75,52.69,87.05,30.46,74.44,1009.94,6.74,55.18,0
2019-02-08 08:00:00,9.46,17.06,46.16,98.61,25.9,46.99,1002.0,9.71,30.82,0
2019-02-08 09:00:00,5.08,16.62,47.73,199.12,25.39,64.28,1003.78,4.46,38.76,0
2019-02-08 10:00:00,1.35,6.17,141.85,182.29,25.68,76.28,1009.35,8.47,81.06,1
2019-02-08 11:00:00,4.68,6.81,82.18,190.77,23.87,57.41,1023.08,5.75,32.48,0
2019-02-08 12:00:00,6.25,21.6,29.21,88.79,25.87,69.66,1018.4,16.55,23.08,0
2019-02-08 13:00:00,13.92,19.2,48.52,245.69,23.0,55.89,1002.17,6.98,47.87,0
2019-02-08 14:00:00,21.89,29.49,96.01,108.1,31.86,93.46,1010.58,17.65,33.28,0
2019-02-08 15:00:00,7.7,25.02,101.59,347.48,17.76,71.14,1005.87,8.49,76.28,1
2019-02-08 16:00:00,12.73,36.28,78.49,137.48,29.11,79.88,1013.5,3.31,91.38,0
2019-02-08 17:00:00,0.1,9.2,22.91,60.38,23.14,75.9,1012.76,2.82,25.44,0
2019-02-08 18:00:00,3.83,31.28,43.82,93.44,33.01,66.18,1008.29,27.62,56.44,0
2019-02-08 19:00:00,5.06,37.5,89.14,160.66,27.06,71.89,1014.02,11.36,57.13,1
2019-02-08 20:00:00,8.78,20.83,45.67,166.01,29.95,70.9,1011.7,4.32,86.34,0
2019-02-08 21:00:00,22.3,34.34,50.11,352.59,24.58,80.58,1012.49,9.07,52.57,1
2019-02-08 22:00:00,7.27,14.5,17.55,76.75,35.15,61.42,1012.36,14.86,28.33,0
2019-02-08 23:00:00,0.44,14.95,24.71,85.65,21.16,52.45,1012.17,5.4,19.67,1
2019-02-09 00:00:00,9.56,33.2,72.39,135.08,24.34,53.63,1010.93,4.42,56.46,0
2019-02-09 01:00:00,3.53,34.37,62.04,102.88,22.6,69.62,1017.43,5.45,51.18,0
2019-02-09 02:00:00,8.74,14.25,96.04,270.45,27.63,62.21,1014.09,8.64,68.03,0
2019-02-09 03:00:00,10.28,22.99,34.51,107.82,28.5,70.47,1017.68,7.69,17.05,0
2019-02-09 04:00:00,0.38,21.06,40.27,91.32,21.05,74.87,1001.41,4.45,29.73,0
2019-02-09 05:00:00,4.79,7.04,29.15,185.12,22.2,66.08,1014.13,29.48,48.68,0
2019-02-09 06:00:00,4.98,5.19,41.68,72.18,21.9,61.92,1006.29,6.43,30.9,0
2019-02-09 07:00:00,7.19,19.49,41.71,93.95,19.94,68.68,1012.46,14.33,69.05,0
2019-02-09 08:00:00,2.3,7.98,25.34,189.91,24.22,59.84,1018.02,19.11,59.39,0
2019-02-09 09:00:00,1.57,6.49,49.4,182.35,37.56,61.28,1005.88,11.01,30.67,0
2019-02-09 10:00:00,22.01,27.98,63.11,157.29,28.77,61.99,1011.96,8.41,38.08,1
2019-02-09 11:00:00,6.51,12.54,69.48,261.79,24.35,68.67,1007.81,3.78,25.47,0
2019-02-09 12:00:00,1.81,18.88,46.08,225.04,26.52,63.48,1016.4,2.15,83.41,0
2019-02-09 13:00:00,2.9,3.93,75.58,99.63,19.43,81.05,1011.43,7.43,59.8,0
2019-02-09 14:00:00,22.83,38.98,54.93,251.26,19.76,70.63,1009.5,11.27,46.11,0
2019-02-09 15:00:00,16.23,25.83,77.3,145.56,23.29,55.69,1009.06,14.01,61.57,0
2019-02-09 16:00:00,2.54,5.84,66.51,107.68,21.01,71.99,1012.1,9.23,64.33,0
2019-02-09 17:00:00,1.38,20.81,24.5,51.51,32.71,60.38,1020.79,18.79,7.07,0
2019-02-09 18:00:00,1.53,18.36,70.62,206.45,38.4,70.58,1011.85,13.37,67.49,1
2019-02-09 19:00:00,14.82,21.32,51.41,132.65,32.75,61.81,1013.71,13.25,67.17,0
2019-02-09 20:00:00,3.27,21.81,58.86,130.59,23.64,66.0,1015.78,13.62,56.2,0
2019-02-09 21:00:00,0.69,29.96,110.55,247.55,28.05,91.41,1008.27,5.3,84.28,1
2019-02-09 22:00:00,3.01,4.25,36.48,260.97,30.82,57.95,1006.79,16.88,24.31,0
2019-02-09 23:00:00,7.12,12.12,27.2,299.0,30.19,53.57,1012.6,10.35,55.37,0
2019-02-10 00:00:00,4.7,26.69,76.22,157.34,36.2,61.76,1014.9,4.37,68.37,0
2019-02-10 01:00:00,16.46,27.37,55.8,86.2,21.41,54.41,1010.68,2.88,37.72,0
2019-02-10 02:00:00,7.2,16.03,48.76,119.01,28.82,69.83,1006.09,19.28,53.39,0
2019-02-10 03:00:00,8.16,29.07,59.5,208.98,27.71,77.5,1014.3,13.02,70.11,0
2019-02-10 04:00:00,12.07,19.75,75.21,261.38,26.13,62.63,1019.25,3.71,40.09,1
2019-02-10 05:00:00,11.53,32.72,75.39,296.92,19.43,73.91,1010.66,11.11,80.62,1
2019-02-10 06:00:00,2.99,7.08,40.14,163.08,19.98,72.62,1007.58,19.53,42.1,1
2019-02-10 07:00:00,1.41,13.73,54.41,82.97,35.09,67.08,1016.37,4.16,54.69,0
2019-02-10 08:00:00,6.66,30.66,46.3,174.33,32.69,63.54,1016.02,1.61,31.92,0
2019-02-10 09:00:00,5.8,8.41,60.87,145.56,21.72,59.4,1013.82,2.8,22.04,0
2019-02-10 10:00:00,7.25,13.32,56.76,103.68,18.06,71.45,1012.23,26.05,56.72,0
2019-02-10 11:00:00,7.84,16.64,104.18,181.26,28.15,71.4,1010.28,1.47,60.5,0
2019-02-10 12:00:00,20.69,60.41,81.38,209.21,27.56,75.67,1017.93,2.73,40.11,1
2019-02-10 13:00:00,3.99,19.51,40.93,116.08,19.11,57.25,1015.23,12.16,26.53,0
2019-02-10 14:00:00,8.13,11.54,49.96,61.38,39.31,67.25,1010.98,5.08,60.74,0
2019-02-10 15:00:00,1.41,45.55,77.64,144.84,34.82,79.88,1012.36,13.35,79.8,1
2019-02-10 16:00:00,2.09,39.38,54.5,240.53,22.06,69.65,1010.29,10.47,71.47,0
2019-02-10 17:00:00,5.45,20.07,32.76,74.8,35.21,54.54,1010.86,14.13,56.69,0
2019-02-10 18:00:00,1.72,54.53,123.84,199.83,29.26,66.34,1007.54,10.79,76.05,0
2019-02-10 19:00:00,9.73,16.93,36.16,47.99,31.98,62.22,1015.3,10.01,23.62,0
2019-02-10 20:00:00,8.46,18.32,45.61,134.05,23.36,77.09,1010.42,1.92,55.2,0
2019-02-10 21:00:00,2.59,7.67,19.53,77.21,31.41,66.43,1012.14,0.24,38.05,0
2019-02-10 22:00:00,4.31,25.33,149.46,371.7,40.22,100.0,1008.9,30.4,100.0,0
2019-02-10 23:00:00,14.95,62.16,82.41,175.2,34.49,97.24,1014.06,5.74,76.43,1
2019-02-11 00:00:00,6.58,32.98,62.75,77.09,32.07,65.3,1017.13,18.46,55.27,0
2019-02-11 01:00:00,30.81,36.32,44.95,67.36,17.81,69.44,1008.34,7.07,60.94,0
2019-02-11 02:00:00,4.31,11.95,48.9,201.67,32.7,63.77,1014.03,23.54,48.98,0
2019-02-11 03:00:00,4.86,28.99,132.32,283.43,30.53,73.38,1011.36,12.82,100.0,0
2019-02-11 04:00:00,5.45,10.78,23.83,118.77,23.52,63.71,1013.08,16.78,21.59,0
2019-02-11 05:00:00,0.55,12.73,50.85,55.87,26.22,66.7,1002.66,4.89,24.0,0
2019-02-11 06:00:00,4.63,7.0,30.83,136.07,27.51,60.08,1011.81,22.51,34.27,0
2019-02-11 07:00:00,4.46,14.2,47.51,135.8,30.95,60.04,1012.35,4.55,43.96,0
2019-02-11 08:00:00,10.54,25.12,50.49,103.92,20.06,65.45,1017.75,5.62,41.49,0
2019-02-11 09:00:00,15.46,30.59,41.8,285.72,28.29,58.87,1017.67,25.2,24.9,0
2019-02-11 10:00:00,3.93,23.17,63.69,220.88,36.52,65.1,1014.03,6.33,51.77,0
2019-02-11 11:00:00,0.17,35.69,93.76,100.71,30.94,60.85,1021.77,0.88,56.96,0
2019-02-11 12:00:00,6.31,33.89,58.43,127.04,22.08,57.41,1013.76,0.76,38.57,0
2019-02-11 13:00:00,1.7,27.67,96.55,149.7,29.49,67.01,1007.28,2.73,60.94,0
2019-02-11 14:00:00,6.86,30.16,99.67,189.08,30.66,74.95,1014.31,10.73,46.25,0
2019-02-11 15:00:00,6.69,21.97,80.09,90.0,16.64,70.23,1009.57,2.19,60.46,0
2019-02-11 16:00:00,2.36,14.7,29.22,99.6,29.68,54.36,1014.15,8.59,43.39,0
2019-02-11 17:00:00,6.36,35.01,83.73,136.07,28.08,65.07,1005.51,5.94,49.75,0
2019-02-11 18:00:00,0.73,24.63,70.03,201.1,19.37,69.7,1007.92,4.45,77.15,0
2019-02-11 19:00:00,7.27,14.01,30.85,148.5,38.52,55.78,1004.58,8.77,24.46,0
2019-02-11 20:00:00,11.42,31.86,54.68,203.58,29.71,55.31,1011.2,12.59,49.43,0
2019-02-11 21:00:00,8.81,24.31,57.88,129.15,26.87,72.24,1007.73,7.56,40.77,0
2019-02-11 22:00:00,3.07,21.29,43.35,199.38,23.27,49.18,1022.93,3.5,23.38,0
2019-02-11 23:00:00,10.69,42.23,72.26,140.43,28.61,57.61,1016.69,15.16,51.98,0
2019-02-12 00:00:00,9.64,16.81,106.67,142.08,30.3,85.42,1007.05,6.16,67.92,0
2019-02-12 01:00:00,10.04,16.56,34.38,54.66,35.31,49.62,1008.06,10.67,37.13,0
2019-02-12 02:00:00,17.03,33.64,51.11,86.43,27.36,79.15,1007.79,29.19,52.61,0
2019-02-12 03:00:00,7.94,15.77,81.73,191.33,20.57,58.13,1006.15,6.79,94.51,0
2019-02-12 04:00:00,1.47,4.46,39.32,89.47,27.56,52.44,1006.96,12.34,46.52,0
2019-02-12 05:00:00,1.84,6.45,44.27,99.07,27.52,52.46,1011.12,4.33,46.42,0
2019-02-12 06:00:00,7.94,60.95,88.46,119.18,37.02,57.83,1006.65,6.44,65.26,1
2019-02-12 07:00:00,4.55,19.03,46.81,59.79,29.59,77.41,1006.17,12.29,24.31,0
2019-02-12 08:00:00,3.7,24.55,55.54,212.31,30.1,77.01,1017.36,2.19,55.45,0
2019-02-12 09:00:00,9.39,20.77,58.74,209.75,24.98,51.66,1008.21,22.73,42.02,1
2019-02-12 10:00:00,1.12,30.56,88.24,98.11,29.94,86.64,1007.08,10.29,68.77,1
2019-02-12 11:00:00,9.56,10.7,26.31,196.03,23.38,47.51,1020.31,15.16,28.66,0
2019-02-12 12:00:00,4.28,43.72,62.49,171.79,28.9,95.89,1020.13,3.49,12.99,0
2019-02-12 13:00:00,7.46,21.71,88.52,161.49,32.36,69.48,1014.44,3.23,64.2,1
2019-02-12 14:00:00,1.27,9.04,45.11,148.52,27.93,57.14,1012.58,6.87,39.0,0
2019-02-12 15:00:00,9.9,45.47,70.84,209.48,34.07,72.76,1006.99,9.63,68.78,0
2019-02-12 16:00:00,13.2,33.08,74.61,179.28,35.65,59.66,1015.67,24.53,74.04,1
2019-02-12 17:00:00,51.87,64.49,86.97,130.76,34.25,56.54,1007.35,15.53,75.41,1
2019-02-12 18:00:00,7.01,10.4,74.7,89.06,28.34,64.11,1003.22,19.33,54.25,0
2019-02-12 19:00:00,12.81,25.8,45.68,132.71,22.87,64.06,1009.29,6.62,52.06,0
2019-02-12 20:00:00,1.72,17.35,39.24,155.05,22.52,40.46,1006.09,5.07,35.04,0
2019-02-12 21:00:00,16.28,33.5,58.3,113.01,30.99,56.55,1006.93,9.59,53.81,0
2019-02-12 22:00:00,0.82,7.7,53.18,121.37,29.47,84.12,1018.14,1.51,67.15,0
2019-02-12 23:00:00,21.77,28.84,98.02,171.29,27.68,72.58,1016.88,4.36,78.01,0
2019-02-13 00:00:00,6.36,10.83,59.72,99.72,25.08,41.8,1007.42,37.95,84.05,0
2019-02-13 01:00:00,0.95,8.57,66.38,131.08,28.07,66.98,1007.35,16.49,71.3,0
2019-02-13 02:00:00,3.81,26.28,35.33,155.84,20.42,64.96,1007.45,10.36,26.33,0
2019-02-13 03:00:00,12.69,58.26,66.93,162.36,24.46,66.89,1019.44,1.26,51.8,0
2019-02-13 04:00:00,4.64,15.75,26.93,63.65,26.89,67.71,1019.82,18.6,29.01,0
2019-02-13 05:00:00,4.58,22.21,53.87,186.55,31.86,61.82,1007.86,8.79,45.67,0
2019-02-13 06:00:00,11.71,15.93,39.42,210.59,33.36,72.27,1017.12,19.84,46.28,1
2019-02-13 07:00:00,5.05,9.39,21.2,44.04,17.31,58.7,1013.56,8.16,15.41,0
2019-02-13 08:00:00,15.45,43.67,45.16,86.65,19.26,64.3,1013.54,7.08,39.09,0
2019-02-13 09:00:00,2.96,3.82,51.44,83.31,31.93,67.74,1014.35,5.84,40.77,0
2019-02-13 10:00:00,0.47,20.5,97.48,166.81,28.57,79.51,1008.53,5.35,70.44,0
2019-02-13 11:00:00,5.35,26.03,85.08,201.51,31.46,73.88,1008.52,6.72,90.85,0
2019-02-13 12:00:00,6.01,34.84,65.25,120.85,24.58,59.31,1018.99,10.62,47.76,0
2019-02-13 13:00:00,2.84,21.23,59.97,184.94,24.88,81.82,1010.97,30.66,36.1,0
2019-02-13 14:00:00,7.27,10.44,30.41,110.43,23.95,52.65,1013.96,0.72,54.21,0
2019-02-13 15:00:00,0.63,34.09,66.99,132.53,13.27,58.38,1020.08,6.41,62.13,0
2019-02-13 16:00:00,7.47,16.25,47.45,104.74,21.84,44.1,1014.02,15.75,70.1,0
2019-02-13 17:00:00,1.37,33.1,76.8,192.09,22.13,66.28,1010.82,12.09,50.35,0
2019-02-13 18:00:00,0.95,27.95,46.91,84.66,22.9,58.46,1009.45,6.18,45.98,0
2019-02-13 19:00:00,5.85,23.73,146.04,190.6,22.65,81.97,1004.38,10.53,100.0,1
2019-02-13 20:00:00,0.84,28.03,40.79,123.51,22.95,54.05,1013.03,3.8,51.91,0
2019-02-13 21:00:00,8.41,45.05,83.46,152.3,26.7,86.52,1007.04,16.21,83.33,1
2019-02-13 22:00:00,1.6,21.57,73.96,106.99,31.03,62.44,1009.03,11.93,50.94,0
2019-02-13 23:00:00,9.21,34.21,47.83,111.09,12.19,57.74,1002.4,7.88,42.06,0
2019-02-14 00:00:00,4.1,10.21,18.01,60.12,22.83,57.53,1014.66,16.03,10.56,0
2019-02-14 01:00:00,5.84,29.49,82.42,181.29,23.03,73.58,1006.2,14.73,59.06,0
2019-02-14 02:00:00,12.86,18.84,142.58,191.6,19.57,92.76,1017.92,19.49,100.0,1
2019-02-14 03:00:00,7.99,24.5,30.35,68.27,34.09,65.72,1008.08,11.9,29.03,0
2019-02-14 04:00:00,9.38,17.23,140.35,189.95,21.89,85.34,1006.45,20.69,90.88,0
2019-02-14 05:00:00,9.08,18.65,73.06,89.04,30.27,69.35,1010.27,15.91,78.72,0
2019-02-14 06:00:00,2.54,42.48,74.77,106.34,23.64,60.27,1008.57,0.45,73.59,0
2019-02-14 07:00:00,7.67,21.63,80.89,208.76,34.96,63.4,1001.36,2.95,54.16,0
2019-02-14 08:00:00,1.88,18.27,89.25,117.39,23.33,48.88,1010.34,12.24,74.22,0
2019-02-14 09:00:00,7.68,32.09,60.86,130.01,22.93,62.82,1013.45,11.5,78.33,0
2019-02-14 10:00:00,3.9,19.41,165.94,240.88,26.98,91.27,1005.79,22.18,100.0,0
2019-02-14 11:00:00,4.79,28.13,148.87,287.9,36.23,79.2,1006.73,11.58,100.0,1
2019-02-14 12:00:00,19.85,44.81,65.87,121.12,30.69,71.18,1009.19,3.74,43.22,0
2019-02-14 13:00:00,8.75,17.7,58.99,149.7,24.32,84.61,1006.99,4.16,52.0,1
2019-02-14 14:00:00,2.77,7.8,21.02,155.05,28.95,59.85,1009.32,18.95,27.57,0
2019-02-14 15:00:00,0.62,15.96,26.24,131.6,24.81,65.47,1019.84,12.3,59.11,0
2019-02-14 16:00:00,6.02,15.64,41.97,167.5,36.14,63.72,1014.01,11.2,28.88,1
2019-02-14 17:00:00,0.77,27.26,67.42,189.65,32.26,58.96,1014.97,4.94,41.08,0
2019-02-14 18:00:00,4.93,14.81,31.47,210.1,27.77,58.53,1009.45,11.06,19.59,0
2019-02-14 19:00:00,11.8,48.25,106.28,153.87,29.02,63.24,1014.2,11.95,56.83,0
2019-02-14 20:00:00,1.04,38.47,81.09,266.83,24.48,78.08,1016.15,4.5,64.22,0
2019-02-14 21:00:00,8.55,42.83,77.43,114.92,27.99,78.23,1008.59,3.31,53.12,1
2019-02-14 22:00:00,13.95,35.85,54.33,78.47,31.16,63.85,1024.13,20.04,24.88,0
2019-02-14 23:00:00,9.18,17.27,37.34,157.37,32.87,79.42,1007.22,16.65,27.96,0
2019-02-15 00:00:00,11.05,22.01,49.4,93.66,25.63,61.63,1005.62,9.48,49.77,0
2019-02-15 01:00:00,7.86,29.47,50.78,118.15,16.16,72.87,1007.34,6.83,54.67,0
2019-02-15 02:00:00,3.53,16.34,41.4,131.35,31.81,59.98,1009.4,17.18,28.53,0
2019-02-15 03:00:00,1.98,14.18,32.84,82.57,24.53,65.38,1015.72,22.46,18.14,0
2019-02-15 04:00:00,2.39,37.85,83.39,163.3,32.62,56.07,1006.81,5.76,83.46,0
2019-02-15 05:00:00,22.3,26.36,38.49,120.4,19.61,56.98,1001.97,2.17,31.53,1
2019-02-15 06:00:00,6.64,29.24,92.69,120.19,29.77,72.35,1007.09,5.66,99.12,0
2019-02-15 07:00:00,15.05,35.67,57.96,87.81,26.86,73.94,1009.49,4.78,54.26,0
2019-02-15 08:00:00,2.96,19.12,66.01,270.39,25.53,67.35,1012.76,9.09,26.14,0
2019-02-15 09:00:00,10.49,16.25,50.11,162.49,35.98,77.68,998.82,10.17,35.46,1
2019-02-15 10:00:00,1.81,12.93,23.53,140.93,23.98,55.61,1010.63,3.16,31.43,0
2019-02-15 11:00:00,4.22,20.15,80.97,138.55,35.47,60.32,1009.97,8.82,74.29,0
2019-02-15 12:00:00,3.36,8.49,104.15,123.0,39.95,92.45,1009.67,20.32,58.59,0
2019-02-15 13:00:00,20.33,51.11,80.59,161.92,21.06,54.34,1013.84,15.36,61.21,1
2019-02-15 14:00:00,2.22,16.84,23.57,107.81,22.98,51.9,1007.54,5.71,19.36,0
2019-02-15 15:00:00,9.5,23.28,66.79,190.68,27.1,66.94,1010.02,7.28,66.52,0
2019-02-15 16:00:00,8.04,31.6,66.88,151.47,26.75,64.1,1011.12,13.26,36.52,0
2019-02-15 17:00:00,1.19,41.82,58.91,202.05,34.07,66.87,1009.56,12.54,51.84,1
2019-02-15 18:00:00,15.18,26.07,61.62,89.25,34.06,67.08,1012.93,2.91,46.8,0
2019-02-15 19:00:00,16.66,21.28,99.7,131.06,25.3,94.91,1004.86,0.95,76.97,1
2019-02-15 20:00:00,6.67,50.66,119.44,202.35,23.68,74.11,1011.24,18.48,79.62,1
2019-02-15 21:00:00,5.66,22.91,49.0,158.86,26.18,67.42,1010.08,15.52,28.6,0
2019-02-15 22:00:00,0.45,56.14,81.84,136.77,29.2,70.25,1014.01,37.02,59.53,1
2019-02-15 23:00:00,0.95,37.87,53.86,80.96,21.69,40.39,1016.9,5.25,28.51,0
2019-02-16 00:00:00,4.1,11.41,37.92,128.78,21.07,49.82,1016.04,5.41,23.47,0
2019-02-16 01:00:00,1.88,14.36,53.31,165.31,23.86,42.47,1004.62,8.7,46.11,0
2019-02-16 02:00:00,11.81,12.66,50.51,202.35,25.49,52.9,1008.01,10.38,18.16,0
2019-02-16 03:00:00,0.9,8.95,50.7,77.01,25.94,62.13,1012.4,3.09,59.87,0
2019-02-16 04:00:00,0.77,4.7,46.16,174.09,16.96,71.63,1009.68,5.16,48.14,0
2019-02-16 05:00:00,8.77,17.44,36.3,84.3,25.64,74.65,1008.62,16.9,67.5,1
2019-02-16 06:00:00,7.55,10.11,70.33,203.84,20.81,92.52,1014.84,9.47,88.95,0
2019-02-16 07:00:00,6.23,12.94,80.41,337.52,28.37,70.03,1004.82,5.52,45.87,1
2019-02-16 08:00:00,10.53,18.96,54.03,128.99,21.04,64.72,1002.97,6.96,58.95,0
2019-02-16 09:00:00,2.69,16.45,165.66,213.82,29.78,70.02,1002.38,4.09,100.0,1
2019-02-16 10:00:00,3.53,6.79,51.82,122.71,27.04,53.98,1012.94,20.97,63.39,0
2019-02-16 11:00:00,7.34,39.07,51.35,157.1,35.81,72.0,1018.47,7.25,41.76,0
2019-02-16 12:00:00,6.63,14.76,42.27,61.88,29.56,81.59,1020.77,1.25,37.22,0
2019-02-16 13:00:00,2.09,20.08,46.31,119.18,26.91,76.96,1010.1,17.24,42.55,0
2019-02-16 14:00:00,13.47,21.31,27.95,77.63,27.69,53.55,1007.22,8.06,37.29,0
2019-02-16 15:00:00,1.24,15.66,44.15,72.66,28.27,51.05,1011.58,12.1,41.55,0
2019-02-16 16:00:00,3.84,17.16,75.77,159.03,24.72,50.14,1011.13,10.85,68.57,0
2019-02-16 17:00:00,1.37,34.11,99.62,253.48,26.58,71.78,1000.99,7.25,64.9,1
2019-02-16 18:00:00,29.98,41.62,141.88,186.87,25.19,99.73,998.83,6.1,73.62,0
2019-02-16 19:00:00,5.81,18.01,65.18,165.89,26.01,61.26,1004.26,5.6,47.52,1
2019-02-16 20:00:00,1.74,7.16,62.45,169.92,25.46,59.54,1016.93,8.57,45.36,0
2019-02-16 21:00:00,3.39,5.91,27.42,114.49,25.94,57.04,1010.76,3.82,67.46,0
2019-02-16 22:00:00,7.24,24.43,75.3,86.05,27.73,65.41,1007.64,10.59,59.9,0
2019-02-16 23:00:00,11.74,29.23,73.47,130.05,31.03,68.65,1012.94,5.34,71.29,0
2019-02-17 00:00:00,1.96,17.93,44.36,76.35,33.02,37.41,1016.83,14.65,40.96,0
2019-02-17 01:00:00,17.35,44.57,147.36,291.74,24.52,71.26,1004.09,5.38,82.47,1
2019-02-17 02:00:00,5.6,19.19,31.38,76.96,20.2,56.36,1012.56,16.64,21.06,0
2019-02-17 03:00:00,8.84,18.71,54.49,173.33,32.27,67.13,1012.2,11.81,53.92,1
2019-02-17 04:00:00,3.11,18.79,97.22,156.23,39.85,66.41,1013.94,14.73,85.22,0
2019-02-17 05:00:00,7.74,19.65,36.75,104.48,30.87,63.34,1011.66,10.26,49.38,0
2019-02-17 06:00:00,2.86,6.54,29.8,130.26,26.13,53.7,1004.66,10.01,39.75,0
2019-02-17 07:00:00,3.59,32.78,89.78,118.47,29.19,79.19,1009.73,2.67,77.36,0
2019-02-17 08:00:00,12.12,20.02,77.05,146.57,28.82,71.7,1012.04,7.21,68.85,0
2019-02-17 09:00:00,8.41,20.95,51.94,97.63,27.76,65.88,1010.52,7.76,53.48,0
2019-02-17 10:00:00,3.99,12.54,54.28,191.76,23.02,72.53,1007.74,21.28,57.07,0
2019-02-17 11:00:00,11.57,44.09,79.64,265.18,33.4,74.82,1003.62,0.32,67.45,0
2019-02-17 12:00:00,7.02,15.84,77.19,209.45,23.6,62.89,1015.89,12.21,54.39,0
2019-02-17 13:00:00,0.32,36.4,99.45,282.74,33.25,64.53,1013.12,10.78,74.64,0
2019-02-17 14:00:00,4.82,12.07,95.56,119.01,30.94,85.4,1009.82,9.74,100.0,0
2019-02-17 15:00:00,11.9,34.53,117.61,180.58,35.76,95.4,1003.74,2.12,91.06,0
2019-02-17 16:00:00,21.77,33.93,76.77,156.47,31.93,80.35,1013.75,5.57,79.36,0
2019-02-17 17:00:00,1.52,4.56,18.93,54.92,15.19,69.68,1009.52,12.01,23.03,0
2019-02-17 18:00:00,11.24,46.49,66.19,182.37,20.22,56.52,1001.9,10.0,53.78,0
2019-02-17 19:00:00,5.56,12.32,34.45,169.67,28.32,59.47,1016.31,11.85,23.86,0
2019-02-17 20:00:00,1.19,11.36,43.08,145.35,37.19,59.72,1001.26,9.64,33.82,0
2019-02-17 21:00:00,1.34,18.24,55.69,104.21,25.78,61.64,1009.83,11.15,60.25,0
2019-02-17 22:00:00,1.6,6.33,22.87,61.36,20.4,50.97,1016.05,9.85,15.37,0
2019-02-17 23:00:00,0.71,8.42,14.44,156.95,32.34,60.96,1013.25,15.91,54.82,0
2019-02-18 00:00:00,1.04,12.44,61.11,110.91,36.95,69.48,1014.35,9.7,55.95,0
2019-02-18 01:00:00,5.78,8.59,42.49,217.71,23.59,53.45,1016.88,1.5,69.12,0
2019-02-18 02:00:00,0.31,16.02,123.06,155.98,25.05,69.69,1003.9,6.1,100.0,1
2019-02-18 03:00:00,2.0,6.23,27.69,182.54,36.96,61.92,1012.02,10.04,38.13,0
2019-02-18 04:00:00,3.63,25.93,121.73,168.07,20.94,76.54,1008.43,19.14,73.33,1
2019-02-18 05:00:00,2.02,31.54,49.14,96.46,22.1,57.77,1010.76,17.77,40.48,0
2019-02-18 06:00:00,0.87,24.2,56.95,73.54,22.01,63.17,1014.33,18.44,50.94,0
2019-02-18 07:00:00,5.38,30.96,66.28,95.04,28.89,53.75,1013.86,4.59,54.46,0
2019-02-18 08:00:00,2.17,13.14,22.77,128.11,26.4,65.71,1017.2,16.1,35.61,0
2019-02-18 09:00:00,4.59,8.38,48.93,166.52,24.66,59.81,1006.29,1.49,75.69,1
2019-02-18 10:00:00,9.45,38.01,57.58,533.68,32.79,61.02,1012.51,9.13,43.9,0
2019-02-18 11:00:00,2.61,10.47,81.95,193.21,32.49,74.49,1004.71,3.52,50.3,0
2019-02-18 12:00:00,2.77,15.77,71.87,203.74,35.93,78.38,1012.56,15.43,66.55,0
2019-02-18 13:00:00,1.12,7.1,52.01,98.1,28.29,64.38,1019.29,3.74,53.32,0
2019-02-18 14:00:00,11.78,17.02,40.19,87.29,32.22,55.95,1019.11,17.23,27.17,0
2019-02-18 15:00:00,5.48,22.05,35.32,110.34,21.68,65.35,1005.24,5.37,55.61,0
2019-02-18 16:00:00,11.15,25.42,118.08,188.91,31.94,76.83,1003.27,17.96,58.65,0
2019-02-18 17:00:00,12.73,15.62,103.48,194.83,32.2,76.74,1011.5,7.21,92.2,0
2019-02-18 18:00:00,2.56,10.74,33.42,54.17,23.62,69.1,1008.96,18.47,55.85,0
2019-02-18 19:00:00,10.44,55.1,117.67,134.03,31.3,74.41,1015.13,7.06,100.0,1
2019-02-18 20:00:00,6.02,26.43,43.32,224.33,29.32,73.01,1015.24,11.93,38.77,0
2019-02-18 21:00:00,2.84,10.29,30.06,192.68,30.52,54.63,1014.45,6.68,38.08,0
2019-02-18 22:00:00,2.35,12.23,46.14,70.46,33.19,56.44,1006.1,7.97,47.7,0
2019-02-18 23:00:00,5.33,19.36,65.61,114.95,28.95,75.76,1014.64,4.16,46.96,0
2019-02-19 00:00:00,6.64,16.56,29.08,145.89,34.36,64.64,1014.87,9.79,38.84,1
2019-02-19 01:00:00,0.17,33.84,40.04,175.33,21.85,60.61,1011.28,13.68,47.66,0
2019-02-19 02:00:00,3.33,22.86,41.82,238.81,23.24,62.37,1004.2,11.04,48.36,0
2019-02-19 03:00:00,6.38,29.74,61.22,126.97,27.1,63.03,1018.29,5.87,66.83,0
2019-02-19 04:00:00,7.87,32.98,44.82,88.86,23.75,61.06,1005.7,12.07,55.2,0
2019-02-19 05:00:00,4.55,23.99,48.52,86.73,29.41,51.41,1003.82,16.38,45.49,0
2019-02-19 06:00:00,7.65,29.11,54.23,81.78,26.13,57.01,1013.5,22.36,26.98,0
2019-02-19 07:00:00,2.36,35.04,155.6,325.96,26.35,81.46,1012.67,13.37,100.0,0
2019-02-19 08:00:00,7.47,29.7,76.83,100.31,26.19,53.15,1006.6,10.55,44.7,1
2019-02-19 09:00:00,6.57,11.42,50.7,220.87,29.3,42.53,1006.47,11.59,52.77,0
2019-02-19 10:00:00,12.56,53.45,81.05,142.08,27.96,53.45,1011.78,5.66,42.86,0
2019-02-19 11:00:00,18.08,20.25,103.39,209.64,30.01,85.38,1018.83,17.95,69.57,0
2019-02-19 12:00:00,12.82,31.73,44.9,142.49,25.85,82.25,1020.03,19.59,46.94,0
2019-02-19 13:00:00,3.99,19.12,71.87,98.78,17.84,70.71,1015.09,15.42,63.43,0
2019-02-19 14:00:00,1.22,10.46,96.86,137.08,32.06,70.66,1011.12,7.84,56.99,0
2019-02-19 15:00:00,2.0,27.19,86.74,246.07,23.7,82.08,1008.87,1.56,91.26,0
2019-02-19 16:00:00,17.69,29.81,50.32,121.8,29.53,53.08,1009.95,7.44,40.69,0
2019-02-19 17:00:00,5.6,25.31,37.36,282.8,27.98,64.77,1010.14,3.12,57.07,0
2019-02-19 18:00:00,6.81,11.13,72.71,119.19,40.16,71.2,1011.33,4.53,53.41,0
2019-02-19 19:00:00,11.14,39.54,93.12,190.02,13.25,69.2,1007.41,8.81,66.51,0
2019-02-19 20:00:00,5.28,31.95,101.15,134.38,24.37,54.63,1008.07,17.43,100.0,1
2019-02-19 21:00:00,14.48,28.25,84.98,213.27,30.05,81.39,1006.91,12.15,69.0,0
2019-02-19 22:00:00,1.02,7.24,80.07,163.9,19.17,63.67,1009.31,6.77,36.23,0
2019-02-19 23:00:00,8.21,37.98,65.47,88.6,27.75,59.74,1010.22,8.5,57.4,1
2019-02-20 00:00:00,22.25,24.59,60.65,163.1,18.76,50.8,1012.08,10.52,52.27,0
2019-02-20 01:00:00,15.45,29.78,43.87,177.38,27.93,68.8,1014.18,15.56,37.44,0
2019-02-20 02:00:00,16.2,27.01,38.65,120.07,28.19,65.63,1026.32,14.69,22.39,0
2019-02-20 03:00:00,0.87,19.36,63.74,125.09,31.89,71.88,1016.96,8.84,44.8,0
2019-02-20 04:00:00,6.46,17.11,39.49,109.31,29.48,57.52,1017.31,14.38,67.2,1
2019-02-20 05:00:00,4.65,30.32,118.6,242.27,22.65,73.3,1015.43,7.19,76.17,0
2019-02-20 06:00:00,1.99,6.83,59.94,191.89,28.29,58.78,1013.4,3.6,57.01,0
2019-02-20 07:00:00,6.56,36.51,74.75,144.61,29.73,70.81,1002.41,28.98,52.4,0
2019-02-20 08:00:00,1.24,13.65,22.99,56.03,22.97,58.98,1014.83,14.48,14.82,0
2019-02-20 09:00:00,7.63,16.52,32.67,178.09,33.33,57.67,1010.26,4.96,29.74,0
2019-02-20 10:00:00,1.8,19.97,39.91,145.75,31.07,49.77,1008.88,10.82,54.15,0
2019-02-20 11:00:00,7.29,31.95,58.13,91.18,19.02,62.22,1003.46,16.71,67.86,0
2019-02-20 12:00:00,2.11,13.67,78.05,154.52,28.09,54.19,1003.28,18.74,56.31,0
2019-02-20 13:00:00,3.75,16.17,27.24,97.0,22.3,53.56,1011.07,8.63,28.11,0
2019-02-20 14:00:00,3.39,10.33,129.71,214.49,17.05,70.05,1009.89,16.6,100.0,1
2019-02-20 15:00:00,4.55,6.73,64.93,124.88,24.81,64.27,1010.87,9.56,63.21,0
2019-02-20 16:00:00,5.03,13.51,27.99,167.97,25.89,62.66,1009.88,1.86,51.18,0
2019-02-20 17:00:00,3.4,17.32,101.6,201.59,39.66,71.62,1011.96,12.99,85.74,1
2019-02-20 18:00:00,1.57,11.75,64.22,125.78,24.96,60.52,1014.32,13.33,78.02,0
2019-02-20 19:00:00,13.28,23.49,45.27,190.23,28.17,60.44,1014.11,4.51,44.2,0
2019-02-20 20:00:00,5.25,10.04,68.87,137.8,29.62,68.87,1013.51,4.19,61.91,0
2019-02-20 21:00:00,6.7,12.27,27.51,33.12,25.94,64.16,1015.91,13.82,30.38,1
2019-02-20 22:00:00,3.4,8.08,44.42,180.04,29.43,76.41,1002.46,21.32,26.3,1
2019-02-20 23:00:00,30.67,44.86,94.36,245.54,23.99,95.74,1011.57,2.46,65.94,0
2019-02-21 00:00:00,5.71,24.42,40.21,99.6,21.87,76.75,1008.74,11.27,11.14,0
2019-02-21 01:00:00,13.85,28.48,68.02,81.11,24.7,67.16,1019.79,3.12,44.78,0
2019-02-21 02:00:00,3.82,23.27,69.32,154.27,20.86,58.13,1016.24,14.84,64.46,1
2019-02-21 03:00:00,8.51,13.99,39.8,145.65,31.19,58.47,1013.06,21.08,61.8,0
2019-02-21 04:00:00,4.36,17.68,37.95,174.54,27.47,63.83,1010.68,10.41,23.53,0
2019-02-21 05:00:00,12.04,21.04,58.35,77.36,25.16,61.27,1000.15,10.19,63.79,0
2019-02-21 06:00:00,3.02,14.77,43.63,169.71,31.04,59.55,1005.72,10.26,40.27,0
2019-02-21 07:00:00,1.33,4.42,97.46,128.31,24.55,78.99,1007.21,2.78,71.62,0
2019-02-21 08:00:00,6.68,11.25,61.33,305.37,11.35,64.03,1012.71,2.14,68.84,0
2019-02-21 09:00:00,12.73,26.58,56.08,136.8,24.86,68.27,1009.1,11.32,58.98,1
2019-02-21 10:00:00,4.5,11.41,45.52,214.19,31.98,60.94,1018.77,1.07,26.0,0
2019-02-21 11:00:00,2.93,10.23,31.48,239.45,33.31,40.58,1008.96,13.51,33.85,0
2019-02-21 12:00:00,1.02,12.0,83.24,244.04,21.05,49.88,1021.66,6.03,59.94,0
2019-02-21 13:00:00,12.88,31.84,84.92,275.48,24.55,74.06,1003.86,7.02,78.84,0
2019-02-21 14:00:00,1.9,26.17,123.43,269.7,31.8,76.31,1012.25,1.73,100.0,1
2019-02-21 15:00:00,3.35,5.73,45.16,164.44,19.58,64.53,1010.86,13.16,54.53,0
